name,serial_number,block_name
La France Pink,1,VIVID PINK
Carmine,1,VIVID PINK
Carmine Rose,1,VIVID PINK
Carmine Rose,1,VIVID PINK
Dawn Pink,1,VIVID PINK
Pink,1,VIVID PINK
Rose,1,VIVID PINK
Roseus,1,VIVID PINK
Arbutus,2,STRONG PINK
Carnation Rose,2,STRONG PINK
Crushed Strawberry,2,STRONG PINK
Hermosa Pink,2,STRONG PINK
Nymph (Pink),2,STRONG PINK
Orchid Pink,2,STRONG PINK
Peach Blossom [Pink],2,STRONG PINK
Peach Blossom [Red],2,STRONG PINK
Rose d’Althoea _ 117,2,STRONG PINK
Sea Pink . 217,2,STRONG PINK
Camellia Pink,2,STRONG PINK
Camellia Rose,2,STRONG PINK
Cameo Pink,2,STRONG PINK
"Charm,",2,STRONG PINK
Debutante Pink,2,STRONG PINK
Flamingo Pink,2,STRONG PINK
Rose Leaf,2,STRONG PINK
Salome Pink,2,STRONG PINK
Vesta,2,STRONG PINK
Zest Pink,2,STRONG PINK
Alizarine Pink,2,STRONG PINK
Hermosa Pink,2,STRONG PINK
Vinaceous,2,STRONG PINK
Geranium Pink m . 7y,2,STRONG PINK
Light Cherry Rose,2,STRONG PINK
Shrimp Pink m. . 6y,2,STRONG PINK
Coral,2,STRONG PINK
Rose Pink,2,STRONG PINK
Carmine,2,STRONG PINK
Carmine Rose,2,STRONG PINK
Dull Rose,2,STRONG PINK
Griseo-Roseus,2,STRONG PINK
Pink,2,STRONG PINK
Pink,2,STRONG PINK
Pink,2,STRONG PINK
Rose,2,STRONG PINK
Rose Pink,2,STRONG PINK
Roseus,2,STRONG PINK
Salmon Rose,2,STRONG PINK
Arbutus,2,STRONG PINK
Bachelor Button,2,STRONG PINK
Begonia,2,STRONG PINK
Bermuda,2,STRONG PINK
Candy Pink,2,STRONG PINK
Confetti,2,STRONG PINK
Crushed Strawberry,2,STRONG PINK
France Rose,2,STRONG PINK
Gaiety,2,STRONG PINK
Geranium Pink,2,STRONG PINK
Laurel Pink,2,STRONG PINK
Moss Rose,2,STRONG PINK
Pink Coral,2,STRONG PINK
Radiance,2,STRONG PINK
Rambler Rose,2,STRONG PINK
Rose Dorge,2,STRONG PINK
Rose Nilsson,2,STRONG PINK
Rose Marie. _ _ 212,2,STRONG PINK
RoseSoirge,2,STRONG PINK
Royal Pink. __ 214,2,STRONG PINK
Springtime,2,STRONG PINK
Strawberry Pink,2,STRONG PINK
Sunglow,2,STRONG PINK
Sweet William _ 119,2,STRONG PINK
Watermelon,2,STRONG PINK
Cerise Rose,2,STRONG PINK
Coral,2,STRONG PINK
Coral Rose,2,STRONG PINK
Firefly,2,STRONG PINK
Rose Glory,2,STRONG PINK
Tango,2,STRONG PINK
Alizarine Pink,2,STRONG PINK
Eosine Pink,2,STRONG PINK
Geranium Pink,2,STRONG PINK
Jasper Pink,2,STRONG PINK
Light Jasper Red,2,STRONG PINK
Orange-Vinaceous,2,STRONG PINK
Vinaceous,2,STRONG PINK
Bright Rose,2,STRONG PINK
Cherry Rose,2,STRONG PINK
Colonial Rose,2,STRONG PINK
Light Cherry Rose,2,STRONG PINK
Light Rose,2,STRONG PINK
Shrimp Pink gm _ _ SVz ia,2,STRONG PINK
Peach Blossom,2,STRONG PINK
Sea Pink,2,STRONG PINK
Shrimp Pink,2,STRONG PINK
Camellia Rose,2,STRONG PINK
Carmine,2,STRONG PINK
Carmine Rose,2,STRONG PINK
Carmine Rose,2,STRONG PINK
Corallinus,2,STRONG PINK
Deep Rose,2,STRONG PINK
Empire Rose,2,STRONG PINK
Griseo-Roseus,2,STRONG PINK
Incarnatus,2,STRONG PINK
Lilac Rose,2,STRONG PINK
Pink,2,STRONG PINK
Pink,2,STRONG PINK
Porcelain Rose,2,STRONG PINK
Red,2,STRONG PINK
Rose,2,STRONG PINK
Rose Carmine,2,STRONG PINK
Rose Red,2,STRONG PINK
Roseus,2,STRONG PINK
Scarlet,2,STRONG PINK
Spinel Pink,2,STRONG PINK
Vinosus,2,STRONG PINK
Almond Blossom,4,LIGHT PINK
Pink 3,4,LIGHT PINK
Pink 4,4,LIGHT PINK
Rose Breath,4,LIGHT PINK
Cameo,4,LIGHT PINK
Charm,4,LIGHT PINK
Coral Blush,4,LIGHT PINK
Crab Pink,4,LIGHT PINK
Desert Brown,4,LIGHT PINK
Dolly Varden,4,LIGHT PINK
Evening Glow,4,LIGHT PINK
Heavenly Pink,4,LIGHT PINK
Orchid Pink,4,LIGHT PINK
Pink Lily,4,LIGHT PINK
Rose Morn,4,LIGHT PINK
Rosy Pink,4,LIGHT PINK
Sun Rose,4,LIGHT PINK
Vesta,4,LIGHT PINK
Livid Pink,4,LIGHT PINK
Pale Purplish Vinaceous,4,LIGHT PINK
Baby Pink,4,LIGHT PINK
Pale Pink,4,LIGHT PINK
Baby Pink,4,LIGHT PINK
Pale Purplish Vinaceous,4,LIGHT PINK
Pale Vinaceous,4,LIGHT PINK
Vinaceous,4,LIGHT PINK
Vinaceous-Lavender,4,LIGHT PINK
Baby Pink,4,LIGHT PINK
Blossom Pink,4,LIGHT PINK
Cherry Pink,4,LIGHT PINK
Geranium Pink,4,LIGHT PINK
Pale Pink,4,LIGHT PINK
Pinkgm _ 6J4ea,4,LIGHT PINK
Rose Mist,4,LIGHT PINK
Rose Pink,4,LIGHT PINK
Arbutus Pink,4,LIGHT PINK
Chalk Pink,4,LIGHT PINK
Pastel Pink,4,LIGHT PINK
Griseo-Lilacinus,4,LIGHT PINK
Griseo-Roseus,4,LIGHT PINK
Incarnatus,4,LIGHT PINK
Moderate Pink,4,LIGHT PINK
Pink,4,LIGHT PINK
Red,4,LIGHT PINK
Rose,4,LIGHT PINK
Rose Lake,4,LIGHT PINK
Subvinosus,4,LIGHT PINK
Griseo-Roseus,4,LIGHT PINK
Pink,4,LIGHT PINK
Rose,4,LIGHT PINK
Salmon Rose .. 6,4,LIGHT PINK
Subvinosus,4,LIGHT PINK
Venetian Pink,4,LIGHT PINK
Bridal Rose,6,DARK PINK
Lotus,6,DARK PINK
Magnolia. .. 318,6,DARK PINK
Moss Rose,6,DARK PINK
Vassar Rose _ 312,6,DARK PINK
Wild Rose. . 317,6,DARK PINK
Almond Blossom,6,DARK PINK
Almond (Pink),6,DARK PINK
Aurore,6,DARK PINK
Blossom,6,DARK PINK
Corinthian Pink,6,DARK PINK
Dawn,6,DARK PINK
Debutante Pink,6,DARK PINK
Hermosa Pink,6,DARK PINK
Hydrangea Pink,6,DARK PINK
La France Pink,6,DARK PINK
Lilac,6,DARK PINK
Lilaceous,6,DARK PINK
Lilas,6,DARK PINK
Nymph (Pinkl,6,DARK PINK
Orient,6,DARK PINK
Peach Blossom IPink),6,DARK PINK
Peach Blossom (Red],6,DARK PINK
Pink 4,6,DARK PINK
Pink 5,6,DARK PINK
Pink Pearl,6,DARK PINK
RScamier,6,DARK PINK
Rose Hermosa,6,DARK PINK
Roseleaf,6,DARK PINK
Sea Pink ___ 217,6,DARK PINK
Venetian Pink,6,DARK PINK
Dignity,6,DARK PINK
Evening Haze,6,DARK PINK
Light Mauve,6,DARK PINK
Mountain Haze,6,DARK PINK
Orchid Pink,6,DARK PINK
Rose Cloud,6,DARK PINK
Vesta,6,DARK PINK
Chatenay Pink,6,DARK PINK
Corinthian Pink,6,DARK PINK
Flesh Color,6,DARK PINK
Livid Pink,6,DARK PINK
Ashes of Roses,6,DARK PINK
Old Rose,6,DARK PINK
Valencia Rose,6,DARK PINK
Deep Vinaceous,6,DARK PINK
Light Corinthian Red,6,DARK PINK
Vinaceous,6,DARK PINK
Dusty Rose g __ 7gc,6,DARK PINK
Light Colonial Rose,6,DARK PINK
Old Rose,6,DARK PINK
Old Rose,6,DARK PINK
Carmine,6,DARK PINK
Griseo-Roseus,6,DARK PINK
Light Red,6,DARK PINK
Orange-Red,6,DARK PINK
Pink,6,DARK PINK
Rose,6,DARK PINK
Vermilion,6,DARK PINK
Vinosus,6,DARK PINK
Almond Blossom,7,PALE PINK
Almond [Pink,7,PALE PINK
Pink 2,7,PALE PINK
Pink 3,7,PALE PINK
Rose Breath,7,PALE PINK
Zephyr,7,PALE PINK
Pochere,7,PALE PINK
Crab Pink,7,PALE PINK
Rose Morn,7,PALE PINK
Rose Pearl,7,PALE PINK
Rose Shadow,7,PALE PINK
Livid Pink,7,PALE PINK
Pale Brownish Vinaceous,7,PALE PINK
Grayish Pink,7,PALE PINK
Griseo-Roseus,7,PALE PINK
Pink,7,PALE PINK
Subvinosus,7,PALE PINK
Almond Blossom,8,GRAYISH PINK
Almond [Pink],8,GRAYISH PINK
Livid Pink,8,GRAYISH PINK
Zephyr,8,GRAYISH PINK
Silver Pink,8,GRAYISH PINK
Light Brownish Vinaceous,8,GRAYISH PINK
Livid Pink,8,GRAYISH PINK
Pale Brownish Vinaceous,8,GRAYISH PINK
Pale Vinaceous-Drab,8,GRAYISH PINK
Clo id Pink,8,GRAYISH PINK
Ro‘ e Mist,8,GRAYISH PINK
Griseo-Roseus,8,GRAYISH PINK
Pink,8,GRAYISH PINK
Red,8,GRAYISH PINK
Red Brown,8,GRAYISH PINK
Red Lilac,8,GRAYISH PINK
Subvinoso-Griseus,8,GRAYISH PINK
Subvinosus,8,GRAYISH PINK
Peach Gray,9,PINKISH WHITE
Pearl Cream,9,PINKISH WHITE
Pewter Cream,9,PINKISH WHITE
Rose Ash,9,PINKISH WHITE
Pink Tint,9,PINKISH WHITE
Shell Pink,9,PINKISH WHITE
Reddish White,9,PINKISH WHITE
White,9,PINKISH WHITE
Opal Mauve,10,PINKISH GRAY
Pink 1,10,PINKISH GRAY
Gray Light,10,PINKISH GRAY
Moonmist,10,PINKISH GRAY
Peach Gray,10,PINKISH GRAY
Peach Sand,10,PINKISH GRAY
Pewter,10,PINKISH GRAY
Pale Brownish Drab,10,PINKISH GRAY
Pale Ecru-Drab,10,PINKISH GRAY
Pale Grayish Vinaceous,10,PINKISH GRAY
Pale Vinaceous-Drab,10,PINKISH GRAY
Pale Vinaceous-Fawn,10,PINKISH GRAY
Pallid Brownish Drab,10,PINKISH GRAY
Pallid Mouse Gray,10,PINKISH GRAY
Pussywillow Gray,10,PINKISH GRAY
Gull,10,PINKISH GRAY
Brown,10,PINKISH GRAY
Dull Orange,10,PINKISH GRAY
Fumosus,10,PINKISH GRAY
Light Gray,10,PINKISH GRAY
Lilac,10,PINKISH GRAY
Lilac Brown,10,PINKISH GRAY
Pinkish Gray,10,PINKISH GRAY
Reddish Gray,10,PINKISH GRAY
Submurinus,10,PINKISH GRAY
Subvinoso-Griseus,10,PINKISH GRAY
Subvinosus,10,PINKISH GRAY
Vinoso-Bubalinus,10,PINKISH GRAY
White,10,PINKISH GRAY
Afghan Red,11,VIVID RED
Alkermes,11,VIVID RED
Animal Rouge,11,VIVID RED
Artillery..1,11,VIVID RED
Ball Lake,11,VIVID RED
Bastard Saffron,11,VIVID RED
Cardinal (Red),11,VIVID RED
Carmine,11,VIVID RED
Carmine Lake,11,VIVID RED
Carthamus Red,11,VIVID RED
Carthamus Rose,11,VIVID RED
Castilian Red,11,VIVID RED
Checkerberry,11,VIVID RED
Chinese Lake,11,VIVID RED
Chinese Rouge,11,VIVID RED
Chinese Vermilion,11,VIVID RED
Coccineous,11,VIVID RED
Cochineal,11,VIVID RED
Coquelicot,11,VIVID RED
Crimson Madder,11,VIVID RED
Dutch Scarlet,11,VIVID RED
Dyer's Saffron,11,VIVID RED
Fez,11,VIVID RED
Fire Scarlet,11,VIVID RED
Flaming Maple,11,VIVID RED
Florentine Lake,11,VIVID RED
Folly,11,VIVID RED
French Scarlet,11,VIVID RED
Geranium Lake,11,VIVID RED
Geranium Petal,11,VIVID RED
Gobelin Scarlet,11,VIVID RED
"grain, in grain",11,VIVID RED
Granat,11,VIVID RED
Granatflower,11,VIVID RED
Grayn,11,VIVID RED
Greyn,11,VIVID RED
Hamburg Lake,11,VIVID RED
Harrison Red,11,VIVID RED
Hockey,11,VIVID RED
Hypernic Red,11,VIVID RED
Jack Rose,11,VIVID RED
Kermes,11,VIVID RED
Kermes Berries,11,VIVID RED
Lake,11,VIVID RED
Leaf Red,11,VIVID RED
Lincoln Red,11,VIVID RED
Munich Lake,11,VIVID RED
Nacarat,11,VIVID RED
Nacarine,11,VIVID RED
Pimento,11,VIVID RED
Poinsettia,11,VIVID RED
Pomegranate Blossom,11,VIVID RED
Ponceau,11,VIVID RED
Portugese Red,11,VIVID RED
Red Cross,11,VIVID RED
Red in plates,11,VIVID RED
Roman Lake,11,VIVID RED
Rose Carthame,11,VIVID RED
Rouge Vegetal,11,VIVID RED
Safflor. 1,11,VIVID RED
Safflower Red,11,VIVID RED
Saffor,11,VIVID RED
Salvia,11,VIVID RED
Scarlet,11,VIVID RED
Scarlet in grain,11,VIVID RED
Scarlet Red,11,VIVID RED
Signal Red,11,VIVID RED
Spanish Red,11,VIVID RED
Spark,11,VIVID RED
Vegetable Red,11,VIVID RED
Vegetable Rouge,11,VIVID RED
Venetian Lake,11,VIVID RED
Venetian Scarlet,11,VIVID RED
Vienna Lake,11,VIVID RED
Crimson Glory,11,VIVID RED
Flame,11,VIVID RED
Spectra Red,11,VIVID RED
Tomato Red,11,VIVID RED
Torchlight,11,VIVID RED
Carmine,11,VIVID RED
Rose Red,11,VIVID RED
Scarlet-Red,11,VIVID RED
Spectrum Red,11,VIVID RED
American Beauty,11,VIVID RED
Bright Cherry Red,11,VIVID RED
Bright Red,11,VIVID RED
Cardinal g . iy,11,VIVID RED
Cherry Red,11,VIVID RED
Deep Red,11,VIVID RED
Flame,11,VIVID RED
Light Tomato Red g. . 6,11,VIVID RED
Lobster Red g .. Sy na,11,VIVID RED
Poppy Red g ... By pa,11,VIVID RED
Rose Redg,11,VIVID RED
Scarlet,11,VIVID RED
Tomato Red g __ By pa,11,VIVID RED
Apple Red,11,VIVID RED
Carmine,11,VIVID RED
Geranium,11,VIVID RED
Old Glory Red,11,VIVID RED
Pimento,11,VIVID RED
Scarlet,11,VIVID RED
Blood Red,11,VIVID RED
Bright Red,11,VIVID RED
Bright Yellowish Red,11,VIVID RED
Brown Red,11,VIVID RED
Cardinal Red,11,VIVID RED
Carmine,11,VIVID RED
Carmine,11,VIVID RED
Carmine Lake,11,VIVID RED
Carmine Rose,11,VIVID RED
Cherry,11,VIVID RED
Crimson,11,VIVID RED
Crimson,11,VIVID RED
Current Red,11,VIVID RED
Dark Carmine,11,VIVID RED
Fire Red (Y&D),11,VIVID RED
Geranium Lake,11,VIVID RED
Insignia Red (AN),11,VIVID RED
Orient Red,11,VIVID RED
Red,11,VIVID RED
Red,11,VIVID RED
Red (BuOrd),11,VIVID RED
Red (MA)—,11,VIVID RED
Red (USA),11,VIVID RED
Red-Orange,11,VIVID RED
Red Striping (N),11,VIVID RED
Red Striping (Vermilion),11,VIVID RED
(MA),11,VIVID RED
Rose Brown,11,VIVID RED
Rose Red,11,VIVID RED
Ruber,11,VIVID RED
Scarlet,11,VIVID RED
Scarlet,11,VIVID RED
Signal Red,11,VIVID RED
Turkey Red,11,VIVID RED
Vermilion (PC),11,VIVID RED
Vermilion,11,VIVID RED
Animal Rouge,12,STRONG RED
Ball Lake,12,STRONG RED
Blood Red,12,STRONG RED
Bonfire,12,STRONG RED
Brigand,12,STRONG RED
Buccaneer,12,STRONG RED
Buddha,12,STRONG RED
Cadmium Carmine,12,STRONG RED
Cadmium Vermilion,12,STRONG RED
Camellia,12,STRONG RED
Carmine,12,STRONG RED
Carmine Lake,12,STRONG RED
Carnival Red,12,STRONG RED
Chinese Lake,12,STRONG RED
Currant [Red],12,STRONG RED
Devil’s Red,12,STRONG RED
Dewey Red,12,STRONG RED
English Red,12,STRONG RED
English Vermilion,12,STRONG RED
Firefly,12,STRONG RED
Flaming Maple,12,STRONG RED
Flash,12,STRONG RED
Florentine Lake,12,STRONG RED
Folly,12,STRONG RED
Geranium,12,STRONG RED
Gladiolus,12,STRONG RED
Golf [Red],12,STRONG RED
Goya,12,STRONG RED
Hamburg Lake,12,STRONG RED
Holly Berry,12,STRONG RED
Kinema Red,12,STRONG RED
Lake,12,STRONG RED
Madder,12,STRONG RED
Madder Lake,12,STRONG RED
Madder Red,12,STRONG RED
Munich Lake,12,STRONG RED
Orient Red,12,STRONG RED
Oriental Red,12,STRONG RED
Para Red,12,STRONG RED
Parma Red,12,STRONG RED
Permanent Red,12,STRONG RED
Perma Red,12,STRONG RED
Pirate,12,STRONG RED
Poinsettia,12,STRONG RED
Portable Red,12,STRONG RED
Red Cross,12,STRONG RED
Redfeather,12,STRONG RED
Roman Lake,12,STRONG RED
Rose Neyron,12,STRONG RED
Sanguine,12,STRONG RED
Scarlet Lake,12,STRONG RED
Spinel Red,12,STRONG RED
Tommy Red,12,STRONG RED
Troubador Red,12,STRONG RED
Venetian Lake,12,STRONG RED
Vienna Lake,12,STRONG RED
Buccaneer,12,STRONG RED
Flame,12,STRONG RED
Flash,12,STRONG RED
Fuchsia,12,STRONG RED
Torchlight,12,STRONG RED
Toreador,12,STRONG RED
Nopal Red,12,STRONG RED
Bright Cherry Red,12,STRONG RED
Bright Red gm . ly na,12,STRONG RED
Bright Rose,12,STRONG RED
Cardinal m . ly pa,12,STRONG RED
Cherry,12,STRONG RED
Cherry Red,12,STRONG RED
Flame m . BVi na,12,STRONG RED
Geranium Red gm. Vy na,12,STRONG RED
Geranium Rose g . ly la,12,STRONG RED
Light Cherry Red,12,STRONG RED
Light Red g .. Vy la,12,STRONG RED
Light Tomato Red m_ Gy na,12,STRONG RED
Lobster Red m . By na,12,STRONG RED
Scarlet,12,STRONG RED
Scarlet (USA),12,STRONG RED
Brown Carmine,12,STRONG RED
Carmine,12,STRONG RED
Carmine Lake,12,STRONG RED
Carmine Rose,12,STRONG RED
Claret Rose... . H021,12,STRONG RED
Crimson,12,STRONG RED
Delft Rose,12,STRONG RED
Jasper Red,12,STRONG RED
Red,12,STRONG RED
Red,12,STRONG RED
Rose,12,STRONG RED
Rose Opal,12,STRONG RED
Ruber,12,STRONG RED
Scarlet,12,STRONG RED
Vermilion,12,STRONG RED
Antique Ruby,13,DEEP RED
Apple-fallow,13,DEEP RED
Barberry,13,DEEP RED
Brickdust,13,DEEP RED
Burnt Carmine,13,DEEP RED
Burnt Crimson Lake,13,DEEP RED
Burnt Lake,13,DEEP RED
Cadmium Purple,13,DEEP RED
Chianti,13,DEEP RED
Chimney Red,13,DEEP RED
Chrysanthemum,13,DEEP RED
Flaming Maple,13,DEEP RED
Garnet Red,13,DEEP RED
Hollywood,13,DEEP RED
Old Red,13,DEEP RED
Oxheart,13,DEEP RED
Peony Red,13,DEEP RED
Purple Lake,13,DEEP RED
Red Banana,13,DEEP RED
Turkish Crescent Red,13,DEEP RED
Venetian Rose,13,DEEP RED
Wild Strawberry,13,DEEP RED
Autumn Glory,13,DEEP RED
Garnet Brown,13,DEEP RED
Ox-blood Red,13,DEEP RED
Cardinal g . 1,13,DEEP RED
Cherry Wine,13,DEEP RED
Cranberry,13,DEEP RED
Dark Red,13,DEEP RED
Deep Red,13,DEEP RED
Rose Red,13,DEEP RED
Rose Wine,13,DEEP RED
Ruby,13,DEEP RED
Strawberry g. . 7 A nc,13,DEEP RED
Tomato Red g .. SA pe,13,DEEP RED
Wine Red,13,DEEP RED
Cardinal,13,DEEP RED
Carmine,13,DEEP RED
Chrysanthemum Crimson,13,DEEP RED
Claret Brown,13,DEEP RED
Henna Brown,13,DEEP RED
Indian Lake,13,DEEP RED
Pansy Purple,13,DEEP RED
Red,13,DEEP RED
Reddish Brown,13,DEEP RED
Rose,13,DEEP RED
Rose Brown,13,DEEP RED
Ruby Red,13,DEEP RED
Sanguineus,13,DEEP RED
Brown Carmine,14,VERY DEEP RED
Maroon,14,VERY DEEP RED
Red,14,VERY DEEP RED
Reddish Brown,14,VERY DEEP RED
Rose Brown,14,VERY DEEP RED
Adrianople Red,15,MODERATE RED
Amarylis,15,MODERATE RED
Apple-fallow,15,MODERATE RED
Aurora Red,15,MODERATE RED
Barberry,15,MODERATE RED
Barwood,15,MODERATE RED
Begonia Rose,15,MODERATE RED
Bellemonte,15,MODERATE RED
Blaze,15,MODERATE RED
Blood Red,15,MODERATE RED
Bordeaux [Red],15,MODERATE RED
Brazilwood Red,15,MODERATE RED
Brigand,15,MODERATE RED
Bronze Red,15,MODERATE RED
Buccaneer,15,MODERATE RED
Buddha,15,MODERATE RED
Burnt Carmine,15,MODERATE RED
Burnt Crimson Lake,15,MODERATE RED
Burnt Lake,15,MODERATE RED
Cadmium Purple,15,MODERATE RED
Cadmium Vermilion,15,MODERATE RED
Caliaturwood,15,MODERATE RED
Cambridge Red,15,MODERATE RED
Camellia,15,MODERATE RED
Camwood,15,MODERATE RED
Carnation [Red] _ 414,15,MODERATE RED
Cerise,15,MODERATE RED
Chatemuc,15,MODERATE RED
Cherry Blossom,15,MODERATE RED
Chimney Red,15,MODERATE RED
Claret [Red],15,MODERATE RED
Confetti,15,MODERATE RED
Copper Rose,15,MODERATE RED
Coralbell,15,MODERATE RED
Crimson Lake,15,MODERATE RED
Devil’s Red,15,MODERATE RED
Dewey Red,15,MODERATE RED
Dianthus,15,MODERATE RED
Doge,15,MODERATE RED
Dolly Pink,15,MODERATE RED
Ember,15,MODERATE RED
Emberglow,15,MODERATE RED
English Red,15,MODERATE RED
Eugenia Red,15,MODERATE RED
Fernambucowood,15,MODERATE RED
Firefly,15,MODERATE RED
Flaming Maple,15,MODERATE RED
Flash,15,MODERATE RED
Flirt,15,MODERATE RED
Fragonard,15,MODERATE RED
Golf [Red],15,MODERATE RED
Gypsy Red ___ 516,15,MODERATE RED
Harvard Crimson,15,MODERATE RED
Hebe,15,MODERATE RED
Holly Berry,15,MODERATE RED
Hollywood,15,MODERATE RED
Jacqueminot,15,MODERATE RED
Jasper Red,15,MODERATE RED
Jockey,15,MODERATE RED
Laurel Pink,15,MODERATE RED
Levant Red,15,MODERATE RED
Limawood,15,MODERATE RED
Madder,15,MODERATE RED
Madder Carmine,15,MODERATE RED
Madder Red,15,MODERATE RED
Mayflower,15,MODERATE RED
Mephisto,15,MODERATE RED
Monsoreau,15,MODERATE RED
Narrawood,15,MODERATE RED
Nicaraguawood,15,MODERATE RED
Old Coral,15,MODERATE RED
Old Red,15,MODERATE RED
Orchil (acid bath),15,MODERATE RED
Para Red,15,MODERATE RED
Parma Red,15,MODERATE RED
Peachwood,15,MODERATE RED
Pepper Red,15,MODERATE RED
Permanent Red,15,MODERATE RED
Perma Red,15,MODERATE RED
Pernambucowood,15,MODERATE RED
Pomegranate Purple . . 416,15,MODERATE RED
Portable Red,15,MODERATE RED
Purple Lake,15,MODERATE RED
Purple Madder,15,MODERATE RED
Purple Rubiate,15,MODERATE RED
Raspberry Glace,15,MODERATE RED
Raspberry Red,15,MODERATE RED
Redfeather,15,MODERATE RED
Redwood (soluble),15,MODERATE RED
Redwood (insoluble),15,MODERATE RED
Rose Dor6e,15,MODERATE RED
Rose of Picardy,15,MODERATE RED
Rose of Sharon,15,MODERATE RED
Rosevale,15,MODERATE RED
Sandalwood,15,MODERATE RED
Sanderswood,15,MODERATE RED
Sanguine,15,MODERATE RED
Santalwood,15,MODERATE RED
Sappanwood,15,MODERATE RED
Scarlet Lake,15,MODERATE RED
Sheik,15,MODERATE RED
Sultan,15,MODERATE RED
Sunglow,15,MODERATE RED
Swiss Rose,15,MODERATE RED
Turkey Red,15,MODERATE RED
Turkish Red,15,MODERATE RED
Venetian Rose,15,MODERATE RED
Watermelon,15,MODERATE RED
Weigelia,15,MODERATE RED
Zinnia,15,MODERATE RED
Heart’s Desire,15,MODERATE RED
Old Coral,15,MODERATE RED
Rapture,15,MODERATE RED
Rust Rose,15,MODERATE RED
Spitfire,15,MODERATE RED
Eugenia Red,15,MODERATE RED
Jasper Red,15,MODERATE RED
Light Jasper Red,15,MODERATE RED
Old Rose,15,MODERATE RED
Pompeian Red,15,MODERATE RED
"Taylor, Knoche,",15,MODERATE RED
Granville,15,MODERATE RED
Brick Red,15,MODERATE RED
Cardinal,15,MODERATE RED
Catchup,15,MODERATE RED
Cherry,15,MODERATE RED
Cherry Red,15,MODERATE RED
Cherry Rose,15,MODERATE RED
Colonial Rose,15,MODERATE RED
Coral,15,MODERATE RED
Coral Rose,15,MODERATE RED
Cranberry,15,MODERATE RED
Deep Red,15,MODERATE RED
Geranium Rose,15,MODERATE RED
Light Red,15,MODERATE RED
Rose,15,MODERATE RED
Rose Red,15,MODERATE RED
Rose Wine,15,MODERATE RED
Ruby,15,MODERATE RED
Strawberry,15,MODERATE RED
Tomato Red,15,MODERATE RED
Badius,15,MODERATE RED
Brown Lake,15,MODERATE RED
Carmine,15,MODERATE RED
Carmine Lake,15,MODERATE RED
Carmine Rose,15,MODERATE RED
Corallinus,15,MODERATE RED
Dark Carmine,15,MODERATE RED
Dark Rose,15,MODERATE RED
Deep Rose,15,MODERATE RED
Dull Red,15,MODERATE RED
Insignia Red (AN),15,MODERATE RED
Lake,15,MODERATE RED
Red,15,MODERATE RED
Red(USA),15,MODERATE RED
Red,15,MODERATE RED
Rhodonite Red,15,MODERATE RED
Rose,15,MODERATE RED
Rose Red,15,MODERATE RED
Roseus,15,MODERATE RED
Scarlet,15,MODERATE RED
Vermilion,15,MODERATE RED
Alcazar,16,DARK RED
American Beauty,16,DARK RED
Aubusson,16,DARK RED
Autumn Glory,16,DARK RED
Burmese Ruby,16,DARK RED
Burnt Russet,16,DARK RED
Canyon,16,DARK RED
Cauldron,16,DARK RED
Chocolate Maroon,16,DARK RED
Chrysanthemum,16,DARK RED
Clove Pink,16,DARK RED
Cuba,16,DARK RED
Cuyhoga Red,16,DARK RED
Dark Cardinal,16,DARK RED
Dregs of Wine,16,DARK RED
Egyptian Red,16,DARK RED
Eureka Red,16,DARK RED
Flea,16,DARK RED
Garnet,16,DARK RED
Garnet Brown,16,DARK RED
Garnet Red,16,DARK RED
Grenat,16,DARK RED
Haematite Red,16,DARK RED
Malaga,16,DARK RED
Maroon,16,DARK RED
Mauverose,16,DARK RED
Moroccan,16,DARK RED
Morocco Red,16,DARK RED
Neutral Red,16,DARK RED
Old Amethyst,16,DARK RED
Old Roseleaf,16,DARK RED
Oporto,16,DARK RED
Peony,16,DARK RED
Peony Red,16,DARK RED
Pewke,16,DARK RED
Pigeon Blood,16,DARK RED
Plum Violet,16,DARK RED
Pomegranate,16,DARK RED
Puce,16,DARK RED
Puke,16,DARK RED
Purple Madder,16,DARK RED
Purple Rubiate,16,DARK RED
Raspberry..615,16,DARK RED
Redwood,16,DARK RED
Roselustre,16,DARK RED
Rubaiyat,16,DARK RED
Rubient,16,DARK RED
Ruby,16,DARK RED
Spanish Wine,16,DARK RED
Sultana,16,DARK RED
Tapestry Red,16,DARK RED
Turkish Crescent Red,16,DARK RED
Victoria Lake,16,DARK RED
Vineyard,16,DARK RED
Vin Rosfi,16,DARK RED
Wallflower (Brownl,16,DARK RED
Wild Cherry,16,DARK RED
Wild Raspberry,16,DARK RED
Wild Strawberry,16,DARK RED
Wine Dregs,16,DARK RED
Wine Lees,16,DARK RED
Egyptian Red,16,DARK RED
Garnet Rose,16,DARK RED
Profound,16,DARK RED
Tapestry Red,16,DARK RED
Victoria Lake,16,DARK RED
Brick Red g.. SA ne,16,DARK RED
Cardinal m. TA pc,16,DARK RED
Cherry Wine,16,DARK RED
Claret Wine,16,DARK RED
Dark Red,16,DARK RED
Dark Wine,16,DARK RED
Deep Red m. 7 A pc,16,DARK RED
Garnet,16,DARK RED
Light Garnet,16,DARK RED
Light Wine,16,DARK RED
Old Wine,16,DARK RED
Rose Wine,16,DARK RED
Ruby Wine,16,DARK RED
Strawberry Wine gm- 7 A pe,16,DARK RED
Wine,16,DARK RED
Wine Red,16,DARK RED
Brick Red (USA),16,DARK RED
Dark Cardinal,16,DARK RED
Garnet,16,DARK RED
Maroon,16,DARK RED
Brown Carmine,16,DARK RED
Claret Brown,16,DARK RED
Dark Red,16,DARK RED
Deep Claret,16,DARK RED
Dull Red,16,DARK RED
Dull Reddish Brown,16,DARK RED
Dusky Red,16,DARK RED
Garnet Brown,16,DARK RED
Lake,16,DARK RED
Maroon,16,DARK RED
Orange Brown,16,DARK RED
Oxblood Red,16,DARK RED
Purple Madder,16,DARK RED
Red Brown,16,DARK RED
Reddish Brown,16,DARK RED
Rose Red,16,DARK RED
Sanguineus,16,DARK RED
Violet,16,DARK RED
Very Dark Red,16,DARK RED
Catawba,17,VERY DARK RED
Mulberry Fruit,17,VERY DARK RED
Oporto,17,VERY DARK RED
Port,17,VERY DARK RED
Vineyard,17,VERY DARK RED
Victoria Lake,17,VERY DARK RED
Claret Wine,17,VERY DARK RED
Dark Wine,17,VERY DARK RED
Garnet,17,VERY DARK RED
Maroon,17,VERY DARK RED
Wine,17,VERY DARK RED
Dull Red,17,VERY DARK RED
Dull Reddish Brown,17,VERY DARK RED
Maroon,17,VERY DARK RED
Sanguineus,17,VERY DARK RED
Colonial Rose,18,LIGHT GRAYISH RED
Corinthian Pink,18,LIGHT GRAYISH RED
Dauphine,18,LIGHT GRAYISH RED
Glaieul,18,LIGHT GRAYISH RED
Gloaming,18,LIGHT GRAYISH RED
Grecian Rose,18,LIGHT GRAYISH RED
Lilac,18,LIGHT GRAYISH RED
Lilaceous,18,LIGHT GRAYISH RED
Lilas,18,LIGHT GRAYISH RED
Livid Violet,18,LIGHT GRAYISH RED
Lotus,18,LIGHT GRAYISH RED
Marie Antoinette,18,LIGHT GRAYISH RED
Mauveglow,18,LIGHT GRAYISH RED
Mello-Mauve,18,LIGHT GRAYISH RED
Polignac,18,LIGHT GRAYISH RED
Rosebloom,18,LIGHT GRAYISH RED
Sappho,18,LIGHT GRAYISH RED
Rose Mist,18,LIGHT GRAYISH RED
Rose Smoke,18,LIGHT GRAYISH RED
Smokestain Rose,18,LIGHT GRAYISH RED
Brownish Vinaceous,18,LIGHT GRAYISH RED
Pale Vinaceous-Drab,18,LIGHT GRAYISH RED
Purplish Vinaceous,18,LIGHT GRAYISH RED
Ashes of Rose,18,LIGHT GRAYISH RED
Dusty Coral,18,LIGHT GRAYISH RED
Rose Gray,18,LIGHT GRAYISH RED
Brown Red,18,LIGHT GRAYISH RED
Dull Rose,18,LIGHT GRAYISH RED
Lilac Rose,18,LIGHT GRAYISH RED
Pale Red,18,LIGHT GRAYISH RED
Pale Red,18,LIGHT GRAYISH RED
Pink,18,LIGHT GRAYISH RED
Red Brown,18,LIGHT GRAYISH RED
Subvinoso-Griseus,18,LIGHT GRAYISH RED
Vermilion,18,LIGHT GRAYISH RED
Vinoso-Lividus,18,LIGHT GRAYISH RED
Amarylis,19,GRAYISH RED
Appleblossom [Pink],19,GRAYISH RED
Athenia,19,GRAYISH RED
Azalea,19,GRAYISH RED
Berlin Brown,19,GRAYISH RED
Blush Rose,19,GRAYISH RED
Bois de Rose,19,GRAYISH RED
Brazilwood,19,GRAYISH RED
Bulgare,19,GRAYISH RED
Cambridge Red,19,GRAYISH RED
Cameo Brown,19,GRAYISH RED
Cedarbark,19,GRAYISH RED
Chalet Red,19,GRAYISH RED
Chevreuse,19,GRAYISH RED
Cocobala,19,GRAYISH RED
Colonial Rose,19,GRAYISH RED
Corinthian Red,19,GRAYISH RED
Crushed Berry,19,GRAYISH RED
Damask,19,GRAYISH RED
Devon [Brown],19,GRAYISH RED
Dianthus,19,GRAYISH RED
Diavolo,19,GRAYISH RED
Dragon’s Blood,19,GRAYISH RED
Dry Rose,19,GRAYISH RED
Egyptian,19,GRAYISH RED
Eifel,19,GRAYISH RED
Faded Rose,19,GRAYISH RED
Fernambucowood,19,GRAYISH RED
Florence Brown,19,GRAYISH RED
Fontainebleau,19,GRAYISH RED
French Maroon,19,GRAYISH RED
Haematite Red,19,GRAYISH RED
Havana Rose,19,GRAYISH RED
Hydrangea Red,19,GRAYISH RED
Iron Minium,19,GRAYISH RED
Japonica,19,GRAYISH RED
Limawood,19,GRAYISH RED
Livid Brown,19,GRAYISH RED
Magnolia,19,GRAYISH RED
Marie Antoinette,19,GRAYISH RED
Marsh Rose,19,GRAYISH RED
Meadowsweet,19,GRAYISH RED
Mineral Red,19,GRAYISH RED
Nectar,19,GRAYISH RED
Nicaraguawood,19,GRAYISH RED
Oakheart,19,GRAYISH RED
Ocher Red,19,GRAYISH RED
Old Wood,19,GRAYISH RED
Onion-peel,19,GRAYISH RED
Onion Red,19,GRAYISH RED
Orchis,19,GRAYISH RED
Peachwood,19,GRAYISH RED
Pernambucowood,19,GRAYISH RED
Pigeon's-breast,19,GRAYISH RED
Pompeian Red,19,GRAYISH RED
Raspberry Glac§,19,GRAYISH RED
Redwood (soluble),19,GRAYISH RED
Rose Ash,19,GRAYISH RED
Rosedust,19,GRAYISH RED
Rose Petal,19,GRAYISH RED
Rosevale,19,GRAYISH RED
Sappanwood,19,GRAYISH RED
Saraband,19,GRAYISH RED
Slate-Violet,19,GRAYISH RED
Spanish Cedar,19,GRAYISH RED
Strawberry,19,GRAYISH RED
Tango Pink,19,GRAYISH RED
Vandyke Red,19,GRAYISH RED
Vassar Rose,19,GRAYISH RED
Withered Rose,19,GRAYISH RED
Bagdad,19,GRAYISH RED
China Rose,19,GRAYISH RED
Octoroon Rose,19,GRAYISH RED
Orchid Night,19,GRAYISH RED
Rose Castor,19,GRAYISH RED
Rose Stain,19,GRAYISH RED
Slate Rose,19,GRAYISH RED
Sultana,19,GRAYISH RED
Swiss Rose,19,GRAYISH RED
Venetian Rose,19,GRAYISH RED
Withered Rose,19,GRAYISH RED
Acajou Red,19,GRAYISH RED
Corinthian Red,19,GRAYISH RED
Dark Grayish Brown,19,GRAYISH RED
Dark Indian Red,19,GRAYISH RED
Dark Livid Brown,19,GRAYISH RED
Dark Mineral Red,19,GRAYISH RED
Dark Vinaceous,19,GRAYISH RED
Dark Vinaceous-Brown,19,GRAYISH RED
Dark Vinaceous-Drab,19,GRAYISH RED
Deep Brownish Vinaceous,19,GRAYISH RED
Deep Corinthian Red,19,GRAYISH RED
Deep Livid Brown,19,GRAYISH RED
Etruscan Red,19,GRAYISH RED
Hay's Brown,19,GRAYISH RED
Hydrangea Red,19,GRAYISH RED
Indian Red,19,GRAYISH RED
Light Vinaceous-Drab,19,GRAYISH RED
Livid Brown,19,GRAYISH RED
Madder Brown,19,GRAYISH RED
Mineral Red,19,GRAYISH RED
Ocher Red,19,GRAYISH RED
Prussian Red,19,GRAYISH RED
Russet-Vinaceous,19,GRAYISH RED
Vandyke Red,19,GRAYISH RED
Vinaceous-Brown,19,GRAYISH RED
Vinaceous-Drab,19,GRAYISH RED
Antique Rose,19,GRAYISH RED
Ash Rose,19,GRAYISH RED
Ashes of Rose,19,GRAYISH RED
Barn Red,19,GRAYISH RED
Brick Red,19,GRAYISH RED
Cedar,19,GRAYISH RED
Cedar Rose,19,GRAYISH RED
Dark Lacquer Red,19,GRAYISH RED
Dark Redwood,19,GRAYISH RED
Dusty Cedar,19,GRAYISH RED
Indian Red,19,GRAYISH RED
Light Rose Brown,19,GRAYISH RED
Light Wine,19,GRAYISH RED
Old Rose,19,GRAYISH RED
Old Wine,19,GRAYISH RED
Redwood,19,GRAYISH RED
Rose Brown,19,GRAYISH RED
Rose Gray,19,GRAYISH RED
Rose Taupe,19,GRAYISH RED
Rose Wine,19,GRAYISH RED
Taupe Brown,19,GRAYISH RED
Bois de Rose,19,GRAYISH RED
Atrovinosus,19,GRAYISH RED
Badius,19,GRAYISH RED
Brick Red,19,GRAYISH RED
Brown,19,GRAYISH RED
Brown Lake,19,GRAYISH RED
Brown Red,19,GRAYISH RED
Brunneo-Vinosus,19,GRAYISH RED
Carmine,19,GRAYISH RED
Carmine Rose,19,GRAYISH RED
Chocolate,19,GRAYISH RED
Dull Red,19,GRAYISH RED
Dull Reddish Brown,19,GRAYISH RED
Fuscus,19,GRAYISH RED
Grayish Red,19,GRAYISH RED
Lake,19,GRAYISH RED
Moderate Red,19,GRAYISH RED
Red,19,GRAYISH RED
Red,19,GRAYISH RED
Red Brown,19,GRAYISH RED
Reddish Brown,19,GRAYISH RED
Rose,19,GRAYISH RED
Subvinoso-Griseus,19,GRAYISH RED
Vermilion,19,GRAYISH RED
Vinoso-Griseus,19,GRAYISH RED
Vinoso-Lividus,19,GRAYISH RED
Vinosus,19,GRAYISH RED
Violet Brown,19,GRAYISH RED
Weak Red,19,GRAYISH RED
Haematite Red,20,DARK GRAYISH RED
Paris Mud,20,DARK GRAYISH RED
Dark Indian Red,20,DARK GRAYISH RED
Dark Mineral Red,20,DARK GRAYISH RED
Hay’s Maroon,20,DARK GRAYISH RED
Warm Blackish Brown,20,DARK GRAYISH RED
Burgundy m .7,20,DARK GRAYISH RED
Cordovan m .. 1],20,DARK GRAYISH RED
Dark Mauve Taupe,20,DARK GRAYISH RED
Dark Rose Brown,20,DARK GRAYISH RED
Dark Wine,20,DARK GRAYISH RED
Deep Maroon,20,DARK GRAYISH RED
Light Rose Brown,20,DARK GRAYISH RED
Maroon,20,DARK GRAYISH RED
Mauve Wine,20,DARK GRAYISH RED
Rose Brown,20,DARK GRAYISH RED
Maroon (USA),20,DARK GRAYISH RED
Atrovinosus,20,DARK GRAYISH RED
Badius,20,DARK GRAYISH RED
Blackish Red,20,DARK GRAYISH RED
Brunneo-Vinosus,20,DARK GRAYISH RED
Dark Brown,20,DARK GRAYISH RED
Dull Reddish Brown,20,DARK GRAYISH RED
Violet Black,20,DARK GRAYISH RED
Catawba,21,BLACKISH RED
Mulberry Fruit,21,BLACKISH RED
Old Burgundy _ _ 417 Rp 5,21,BLACKISH RED
Dull Reddish Brown,21,BLACKISH RED
Evenglow,22,REDDISH GRAY
Mist (Grey),22,REDDISH GRAY
Opal Grey,22,REDDISH GRAY
Rose Castor,22,REDDISH GRAY
Shadow,22,REDDISH GRAY
Shadow,22,REDDISH GRAY
Rose Castor,22,REDDISH GRAY
Rose Smoke,22,REDDISH GRAY
Pale Vinaceous-Drab,22,REDDISH GRAY
Lead Gray,22,REDDISH GRAY
Shadow Gray,22,REDDISH GRAY
Nickel,22,REDDISH GRAY
Pigeon,22,REDDISH GRAY
Chocolate,22,REDDISH GRAY
Dark Brown,22,REDDISH GRAY
Gray Lilac,22,REDDISH GRAY
Lilac Brown,22,REDDISH GRAY
Red Brown,22,REDDISH GRAY
Reddish Gray,22,REDDISH GRAY
Reddish Gray,22,REDDISH GRAY
Subvinoso-Griseus,22,REDDISH GRAY
Blue Fox,23,DARK REDDISH GRAY
Copra,23,DARK REDDISH GRAY
Mauve Castor... . 55E?,23,DARK REDDISH GRAY
Mauve Dust,23,DARK REDDISH GRAY
Mauve Taupe,23,DARK REDDISH GRAY
Rosetta,23,DARK REDDISH GRAY
Turtledove,23,DARK REDDISH GRAY
Flint,23,DARK REDDISH GRAY
Taupe Rose,23,DARK REDDISH GRAY
Blackish Brown (2),23,DARK REDDISH GRAY
Dark Grayish Brown,23,DARK REDDISH GRAY
Dark Vinaceous-Drab,23,DARK REDDISH GRAY
Light Seal Brown,23,DARK REDDISH GRAY
Seal Brown,23,DARK REDDISH GRAY
Warm Blackish Brown,23,DARK REDDISH GRAY
Burgundy,23,DARK REDDISH GRAY
Chocolate,23,DARK REDDISH GRAY
Cordovan,23,DARK REDDISH GRAY
Dark Rose Brown,23,DARK REDDISH GRAY
Dark Rose Taupe,23,DARK REDDISH GRAY
Ebony Brown,23,DARK REDDISH GRAY
Rose Taupe,23,DARK REDDISH GRAY
Brown,23,DARK REDDISH GRAY
Brunneo-Vinosus,23,DARK REDDISH GRAY
Chocolate,23,DARK REDDISH GRAY
Dark Brown,23,DARK REDDISH GRAY
Dark Reddish Gray,23,DARK REDDISH GRAY
Fusco-Niger,23,DARK REDDISH GRAY
Fuscus,23,DARK REDDISH GRAY
Reddish Gray,23,DARK REDDISH GRAY
Vinoso-Griseus,23,DARK REDDISH GRAY
Sailor,24,REDDISH HIJACK
Ebony Brown,24,REDDISH HIJACK
Reddish Black,24,REDDISH HIJACK
Reddish Black,24,REDDISH HIJACK
Capucine Red,25,VIVID YELLOWISH PINK
Chinese Orange,25,VIVID YELLOWISH PINK
Japanese Yellow,25,VIVID YELLOWISH PINK
Tokyo,25,VIVID YELLOWISH PINK
Orange,25,VIVID YELLOWISH PINK
Sun Orange,25,VIVID YELLOWISH PINK
Melon Pink,25,VIVID YELLOWISH PINK
Azalea Pink,25,VIVID YELLOWISH PINK
Orange,25,VIVID YELLOWISH PINK
Red Orange,25,VIVID YELLOWISH PINK
Rose,25,VIVID YELLOWISH PINK
Yellowish Pink,25,VIVID YELLOWISH PINK
Aurora (Orange),26,STRONG YELLOWISH PINK
Baby Rose,26,STRONG YELLOWISH PINK
Bittersweet Pink,26,STRONG YELLOWISH PINK
Candy Pink,26,STRONG YELLOWISH PINK
Capucine Lake,26,STRONG YELLOWISH PINK
Cherry Bloom __ 118,26,STRONG YELLOWISH PINK
Conch Shell,26,STRONG YELLOWISH PINK
Coquette,26,STRONG YELLOWISH PINK
Coral Blush,26,STRONG YELLOWISH PINK
Crevette,26,STRONG YELLOWISH PINK
Damonico—,26,STRONG YELLOWISH PINK
Du Barry,26,STRONG YELLOWISH PINK
Flesh Ochre,26,STRONG YELLOWISH PINK
Honeydew,26,STRONG YELLOWISH PINK
Ibis Pink,26,STRONG YELLOWISH PINK
Jasper Pink . 218,26,STRONG YELLOWISH PINK
Kyoto,26,STRONG YELLOWISH PINK
Melon,26,STRONG YELLOWISH PINK
Monicon,26,STRONG YELLOWISH PINK
Morning Dawning Yellow,26,STRONG YELLOWISH PINK
Orange Aurora,26,STRONG YELLOWISH PINK
Peach Red,26,STRONG YELLOWISH PINK
Pink Coral,26,STRONG YELLOWISH PINK
Prawn (Pink),26,STRONG YELLOWISH PINK
Rficamier,26,STRONG YELLOWISH PINK
Rufous,26,STRONG YELLOWISH PINK
Scarlet Madder,26,STRONG YELLOWISH PINK
Shrimp (Pink),26,STRONG YELLOWISH PINK
Shrimp (Red),26,STRONG YELLOWISH PINK
Strawberry Pink,26,STRONG YELLOWISH PINK
Tokyo,26,STRONG YELLOWISH PINK
Camellia Pink,26,STRONG YELLOWISH PINK
Coral Pink,26,STRONG YELLOWISH PINK
Golden Coral ... 244 RO 1-d,26,STRONG YELLOWISH PINK
Grecian Rose,26,STRONG YELLOWISH PINK
Light Old Rose,26,STRONG YELLOWISH PINK
Pink Jewel,26,STRONG YELLOWISH PINK
Queen Coral,26,STRONG YELLOWISH PINK
Radiant. . 260 RO 3-d,26,STRONG YELLOWISH PINK
Salmon Rose . 252 RO 2-d,26,STRONG YELLOWISH PINK
Shrimp Pink,26,STRONG YELLOWISH PINK
Congo Pink,26,STRONG YELLOWISH PINK
Coral Pink,26,STRONG YELLOWISH PINK
Grenadine Pink,26,STRONG YELLOWISH PINK
Jasper Pink,26,STRONG YELLOWISH PINK
Orange-Vinaceous,26,STRONG YELLOWISH PINK
Orient Pink,26,STRONG YELLOWISH PINK
Safrano Pink,26,STRONG YELLOWISH PINK
Venetian Pink,26,STRONG YELLOWISH PINK
Bright Peach,26,STRONG YELLOWISH PINK
Light Coral Rose,26,STRONG YELLOWISH PINK
Peach,26,STRONG YELLOWISH PINK
Salmon,26,STRONG YELLOWISH PINK
Salmon Pink,26,STRONG YELLOWISH PINK
Shrimp Pink m... . 6 H ga,26,STRONG YELLOWISH PINK
Salmon Pink,26,STRONG YELLOWISH PINK
Shell Pink,26,STRONG YELLOWISH PINK
Tea Rose,26,STRONG YELLOWISH PINK
Chinese Coral,26,STRONG YELLOWISH PINK
Deep Orange,26,STRONG YELLOWISH PINK
French Rose,26,STRONG YELLOWISH PINK
Incarnatus,26,STRONG YELLOWISH PINK
Orange,26,STRONG YELLOWISH PINK
Persicinus,26,STRONG YELLOWISH PINK
Pink,26,STRONG YELLOWISH PINK
Red,26,STRONG YELLOWISH PINK
Rose,26,STRONG YELLOWISH PINK
Roseus,26,STRONG YELLOWISH PINK
Salmon,26,STRONG YELLOWISH PINK
Salmon Rose,26,STRONG YELLOWISH PINK
Shell Pink,26,STRONG YELLOWISH PINK
Shrimp Red,26,STRONG YELLOWISH PINK
Testaceus,26,STRONG YELLOWISH PINK
Vermilion,26,STRONG YELLOWISH PINK
Vinosus,26,STRONG YELLOWISH PINK
Yellowish Pink,26,STRONG YELLOWISH PINK
Aurora (Orange),27,DEEP YELLOWISH PINK
Aurora Red,27,DEEP YELLOWISH PINK
Candy Pink,27,DEEP YELLOWISH PINK
Coral Blush,27,DEEP YELLOWISH PINK
Emberglow,27,DEEP YELLOWISH PINK
France Rose,27,DEEP YELLOWISH PINK
Morning Dawning Yellow,27,DEEP YELLOWISH PINK
Orange Aurora,27,DEEP YELLOWISH PINK
Strawberry Pink,27,DEEP YELLOWISH PINK
Begonia Rose,27,DEEP YELLOWISH PINK
Geranium Pink,27,DEEP YELLOWISH PINK
Jasper Pink,27,DEEP YELLOWISH PINK
Rose Doree.. 13b,27,DEEP YELLOWISH PINK
Shrimp Pink g . 6Vfc ia,27,DEEP YELLOWISH PINK
Shrimp Pink,27,DEEP YELLOWISH PINK
Tigerlily,27,DEEP YELLOWISH PINK
Azalea Pink,27,DEEP YELLOWISH PINK
Begonia,27,DEEP YELLOWISH PINK
Carmine Rose,27,DEEP YELLOWISH PINK
Coral Pink,27,DEEP YELLOWISH PINK
Deep Rose,27,DEEP YELLOWISH PINK
Incarnatus,27,DEEP YELLOWISH PINK
Light Red,27,DEEP YELLOWISH PINK
Porcelain Rose,27,DEEP YELLOWISH PINK
Red,27,DEEP YELLOWISH PINK
Rose,27,DEEP YELLOWISH PINK
Roseus,27,DEEP YELLOWISH PINK
Vermilion,27,DEEP YELLOWISH PINK
Yellowish Pink,27,DEEP YELLOWISH PINK
Baby Pink,28,LIGHT YELLOWISH PINK
Chatenay Pink,28,LIGHT YELLOWISH PINK
Nectarine,28,LIGHT YELLOWISH PINK
Opera Pink,28,LIGHT YELLOWISH PINK
Peach,28,LIGHT YELLOWISH PINK
Seashell Pink,28,LIGHT YELLOWISH PINK
Tussore,28,LIGHT YELLOWISH PINK
Coral Blush,28,LIGHT YELLOWISH PINK
Coral Cloud,28,LIGHT YELLOWISH PINK
Flesh Tint,28,LIGHT YELLOWISH PINK
Opera Pink,28,LIGHT YELLOWISH PINK
Peach Bud __ 255 RO 2-g,28,LIGHT YELLOWISH PINK
Peach Pink,28,LIGHT YELLOWISH PINK
Pink Dust,28,LIGHT YELLOWISH PINK
Pinocchio .. 246 RO 1-f,28,LIGHT YELLOWISH PINK
Queen Coral,28,LIGHT YELLOWISH PINK
Rose Morn,28,LIGHT YELLOWISH PINK
Salmon Flush _ 263 RO 3-g,28,LIGHT YELLOWISH PINK
Salmon Pink.. .. 262 RO 3-f,28,LIGHT YELLOWISH PINK
Shell Coral .. 271 RO 4-g,28,LIGHT YELLOWISH PINK
Smiles .... 247 RO 1-g,28,LIGHT YELLOWISH PINK
Sonata. . 254 RO 2-f,28,LIGHT YELLOWISH PINK
Sundown,28,LIGHT YELLOWISH PINK
Victoria,28,LIGHT YELLOWISH PINK
White Jade,28,LIGHT YELLOWISH PINK
White Mist,28,LIGHT YELLOWISH PINK
Flesh Pink,28,LIGHT YELLOWISH PINK
Hydrangea Pink,28,LIGHT YELLOWISH PINK
Light Congo Pink,28,LIGHT YELLOWISH PINK
Light Pinkish Cinnamon,28,LIGHT YELLOWISH PINK
Ochraceous-Buff,28,LIGHT YELLOWISH PINK
Pale Cinnamon-Pink,28,LIGHT YELLOWISH PINK
Pale Congo Pink,28,LIGHT YELLOWISH PINK
Pale Flesh Color,28,LIGHT YELLOWISH PINK
Pale Ochraceous Buff,28,LIGHT YELLOWISH PINK
Pale Yellow-Orange . Ill 15f,28,LIGHT YELLOWISH PINK
Pinkish Buff,28,LIGHT YELLOWISH PINK
Shrimp Pink,28,LIGHT YELLOWISH PINK
Vinaceous-Buff,28,LIGHT YELLOWISH PINK
Flesh Pink,28,LIGHT YELLOWISH PINK
Light Apricot,28,LIGHT YELLOWISH PINK
Light Salmon,28,LIGHT YELLOWISH PINK
Peach Pink,28,LIGHT YELLOWISH PINK
Pearl Pink,28,LIGHT YELLOWISH PINK
Petal Pink,28,LIGHT YELLOWISH PINK
Pale Peach,28,LIGHT YELLOWISH PINK
Pale Pink,28,LIGHT YELLOWISH PINK
Shell Pink,28,LIGHT YELLOWISH PINK
Tearose m. Sea,28,LIGHT YELLOWISH PINK
Bubalinus,28,LIGHT YELLOWISH PINK
Buff,28,LIGHT YELLOWISH PINK
Cameo Rose (Eng),28,LIGHT YELLOWISH PINK
Croceus,28,LIGHT YELLOWISH PINK
Incarnatus,28,LIGHT YELLOWISH PINK
Moderate Orange Pink,28,LIGHT YELLOWISH PINK
Ochraceus,28,LIGHT YELLOWISH PINK
Orange,28,LIGHT YELLOWISH PINK
Orient Pink,28,LIGHT YELLOWISH PINK
Peach,28,LIGHT YELLOWISH PINK
Persicinus,28,LIGHT YELLOWISH PINK
Pink,28,LIGHT YELLOWISH PINK
Red,28,LIGHT YELLOWISH PINK
Roseo-Bubalinus,28,LIGHT YELLOWISH PINK
Roseo-Vinosus,28,LIGHT YELLOWISH PINK
Salmon,28,LIGHT YELLOWISH PINK
Salmon,28,LIGHT YELLOWISH PINK
Salmon Rose,28,LIGHT YELLOWISH PINK
Vinoso-Bubalinus,28,LIGHT YELLOWISH PINK
Yellow,28,LIGHT YELLOWISH PINK
Yellowish Pink,28,LIGHT YELLOWISH PINK
Anatta,29,MODERATE
Annatto,29,MODERATE
Annotto,29,MODERATE
Arnotto,29,MODERATE
Baby Pink,29,MODERATE
Blush,29,MODERATE
Chatenay Pink,29,MODERATE
Cherub,29,MODERATE
Coquette,29,MODERATE
Coral Pink,29,MODERATE
Coral Sands,29,MODERATE
Corial,29,MODERATE
Cupid Pink,29,MODERATE
Flesh Blond,29,MODERATE
Flesh Ochre,29,MODERATE
Ibis Pink,29,MODERATE
Japan Rose,29,MODERATE
Nectarine,29,MODERATE
Onion-skin Pink,29,MODERATE
Opera Pink,29,MODERATE
Orient Pink,29,MODERATE
Orlean,29,MODERATE
Pastel Parchment,29,MODERATE
Peach,29,MODERATE
Peachbeige,29,MODERATE
Peachbloom,29,MODERATE
Powder Pink,29,MODERATE
Rocou,29,MODERATE
Rose Caroline,29,MODERATE
Rose Cendre,29,MODERATE
Rose Dawn,29,MODERATE
Rose France,29,MODERATE
Rose Morn,29,MODERATE
Rose Nude,29,MODERATE
Roucou,29,MODERATE
Safrano Pink,29,MODERATE
Salmon (Pink),29,MODERATE
Sandust,29,MODERATE
Sea Shell,29,MODERATE
Seashell Pink,29,MODERATE
Sunrise Yellow,29,MODERATE
Terra Orellana,29,MODERATE
Terra Orellano,29,MODERATE
Trianon,29,MODERATE
Tussore,29,MODERATE
Vanity,29,MODERATE
Amber Coral,29,MODERATE
Bisque,29,MODERATE
Bronze Pink,29,MODERATE
French Nude,29,MODERATE
Grecian Rose,29,MODERATE
Honey Beige,29,MODERATE
Monticello Rose,29,MODERATE
Peach Amber,29,MODERATE
Prairie Sunset .... 245 RO 1-e,29,MODERATE
Rosario _. 269 RO 4-e,29,MODERATE
Rose Caroline,29,MODERATE
Salmon Buff. 270 RO 4-f,29,MODERATE
Sundown,29,MODERATE
Buff-Pink,29,MODERATE
Chatenay Pink,29,MODERATE
Congo Pink,29,MODERATE
Flesh Pink,29,MODERATE
Hydrangea Pink,29,MODERATE
Japan Rose,29,MODERATE
Light Congo Pink,29,MODERATE
Light Pinkish Cinnamon,29,MODERATE
Ochraceous-Buff,29,MODERATE
Onion-skin Pink,29,MODERATE
Pale Cinnamon-Pink,29,MODERATE
Pale Congo Pink,29,MODERATE
Pale Flesh Color,29,MODERATE
Pinkish Buff,29,MODERATE
Pinkish Vinaceous,29,MODERATE
Salmon Color,29,MODERATE
Shrimp Pink,29,MODERATE
Vinaceous-Buff,29,MODERATE
Vinaceous-Cinnamon,29,MODERATE
Vinaceous-Fawn,29,MODERATE
Bright Shell Pink,29,MODERATE
Coral Pink,29,MODERATE
Dusty Coral,29,MODERATE
Dusty Peach,29,MODERATE
Light Apricot,29,MODERATE
Light Salmon,29,MODERATE
Nude Tan,29,MODERATE
Pastel Pink,29,MODERATE
Peach Pink,29,MODERATE
Peach Tan,29,MODERATE
Rose Beige,29,MODERATE
Tearose,29,MODERATE
Dusty Pink,29,MODERATE
Peach,29,MODERATE
Bistre Brown,29,MODERATE
Brown Orange,29,MODERATE
Buff,29,MODERATE
Cinnamomeus,29,MODERATE
Dull Orange,29,MODERATE
Fawn,29,MODERATE
Incarnatus,29,MODERATE
Moderate Orange Pink,29,MODERATE
Ochraceus,29,MODERATE
Orange,29,MODERATE
Orange Buff,29,MODERATE
Orient Pink,29,MODERATE
Peach,29,MODERATE
Persicinus,29,MODERATE
Pink,29,MODERATE
Red,29,MODERATE
Rose,29,MODERATE
Roseo-Bubalinus,29,MODERATE
Roseo-Vinosus,29,MODERATE
Salmon,29,MODERATE
Salmoneus,29,MODERATE
Salmon Rose,29,MODERATE
Testaceus,29,MODERATE
Vinoso-Bubalinus,29,MODERATE
Yellow,29,MODERATE
Yellow Buff,29,MODERATE
Yellowish Pink,29,MODERATE
Glaieul,30,DARK YELLOWISH PINK
Grecian Rose,30,DARK YELLOWISH PINK
Lotus,30,DARK YELLOWISH PINK
Magnolia.318,30,DARK YELLOWISH PINK
Rosebloom,30,DARK YELLOWISH PINK
Dusty Coral g. By gc,30,DARK YELLOWISH PINK
Grecian Rose,30,DARK YELLOWISH PINK
Light Red,30,DARK YELLOWISH PINK
Rose,30,DARK YELLOWISH PINK
Vermilion,30,DARK YELLOWISH PINK
Yellowish Pink,30,DARK YELLOWISH PINK
Alabaster,31,PALE YELLOWISH PINK
Iris Mauve,31,PALE YELLOWISH PINK
Miniature Pink,31,PALE YELLOWISH PINK
Opera Pink,31,PALE YELLOWISH PINK
Reveree,31,PALE YELLOWISH PINK
Tilleul Buff,31,PALE YELLOWISH PINK
White Jade,31,PALE YELLOWISH PINK
Cinnamon Cream,31,PALE YELLOWISH PINK
Copper Cream _ . 264 RO 3-h,31,PALE YELLOWISH PINK
Creole Pink- 256 RO 2-h,31,PALE YELLOWISH PINK
Dryad Rose,31,PALE YELLOWISH PINK
Flesh Cream,31,PALE YELLOWISH PINK
Flesh Pink....... 272 RO 4-h,31,PALE YELLOWISH PINK
Flesh Tint,31,PALE YELLOWISH PINK
Mission White,31,PALE YELLOWISH PINK
Misty Rose ... 287 RO 6-g,31,PALE YELLOWISH PINK
Moonlight. . 288 RO 6-h,31,PALE YELLOWISH PINK
Peach Gray,31,PALE YELLOWISH PINK
Pink Dust,31,PALE YELLOWISH PINK
Rose Ash,31,PALE YELLOWISH PINK
Rose Dust ... 279 RO 5-g,31,PALE YELLOWISH PINK
Rose Morn,31,PALE YELLOWISH PINK
Rose Nude... .. 280 RO 5-h,31,PALE YELLOWISH PINK
Rose Pearl,31,PALE YELLOWISH PINK
Rose Shadow,31,PALE YELLOWISH PINK
Serene . 248 RO 1-h,31,PALE YELLOWISH PINK
Shell Coral . 271 RO 4-g,31,PALE YELLOWISH PINK
White Jade,31,PALE YELLOWISH PINK
White Mist,31,PALE YELLOWISH PINK
Winter White,31,PALE YELLOWISH PINK
Pale Cinnamon-Pink,31,PALE YELLOWISH PINK
Pale Congo Pink,31,PALE YELLOWISH PINK
Pale Grayish Vinaceous,31,PALE YELLOWISH PINK
Pale Vinaceous-Fawn,31,PALE YELLOWISH PINK
Pale Vinaceous-Pmk,31,PALE YELLOWISH PINK
Seashell Pink,31,PALE YELLOWISH PINK
Shell Pink,31,PALE YELLOWISH PINK
Tilleul-Buff,31,PALE YELLOWISH PINK
Vinaceous-Buff,31,PALE YELLOWISH PINK
Cloud Pink,31,PALE YELLOWISH PINK
Flesh Pink,31,PALE YELLOWISH PINK
Pale Peach,31,PALE YELLOWISH PINK
Pale Pink,31,PALE YELLOWISH PINK
Pearl Pink,31,PALE YELLOWISH PINK
Petal Pink,31,PALE YELLOWISH PINK
Shell Pink,31,PALE YELLOWISH PINK
Tearose,31,PALE YELLOWISH PINK
Flesh Pink,31,PALE YELLOWISH PINK
Buff. s,31,PALE YELLOWISH PINK
Dull Buff,31,PALE YELLOWISH PINK
Olive Yellow,31,PALE YELLOWISH PINK
Pink,31,PALE YELLOWISH PINK
Pinkish White,31,PALE YELLOWISH PINK
Red Brown,31,PALE YELLOWISH PINK
Rose. ..s,31,PALE YELLOWISH PINK
Roseo-Bubalinus,31,PALE YELLOWISH PINK
Roseo-Vinosus,31,PALE YELLOWISH PINK
Salmoneus,31,PALE YELLOWISH PINK
Subyinosus,31,PALE YELLOWISH PINK
Vinoso-Bubalinus,31,PALE YELLOWISH PINK
Yellowish Pink,31,PALE YELLOWISH PINK
Coral Sands,32,GRAYISH YELLOWISH PINK
Flesh Blond,32,GRAYISH YELLOWISH PINK
Iris Mauve,32,GRAYISH YELLOWISH PINK
Miniature Pink,32,GRAYISH YELLOWISH PINK
Opera Pink,32,GRAYISH YELLOWISH PINK
Pastel Parchment,32,GRAYISH YELLOWISH PINK
Reveree,32,GRAYISH YELLOWISH PINK
Rose Nude,32,GRAYISH YELLOWISH PINK
Sweet Pea,32,GRAYISH YELLOWISH PINK
Toquet,32,GRAYISH YELLOWISH PINK
Bisque,32,GRAYISH YELLOWISH PINK
Fantasy Rose,32,GRAYISH YELLOWISH PINK
Finesse,32,GRAYISH YELLOWISH PINK
Rainbow Mist,32,GRAYISH YELLOWISH PINK
Rose Mist,32,GRAYISH YELLOWISH PINK
Rose Muse,32,GRAYISH YELLOWISH PINK
Silver Pink,32,GRAYISH YELLOWISH PINK
Silver Salmon,32,GRAYISH YELLOWISH PINK
Light Grayish Vinaceous,32,GRAYISH YELLOWISH PINK
Light Vinaceous-Fawn,32,GRAYISH YELLOWISH PINK
Pale Congo Pink,32,GRAYISH YELLOWISH PINK
Pale Grayish Vinaceous,32,GRAYISH YELLOWISH PINK
Pale Vinaceous-Fawn,32,GRAYISH YELLOWISH PINK
Pale Vinaceous-Pink,32,GRAYISH YELLOWISH PINK
Shell Pink,32,GRAYISH YELLOWISH PINK
Vinaceous-Fawn,32,GRAYISH YELLOWISH PINK
Bisque,32,GRAYISH YELLOWISH PINK
Dusty Peach,32,GRAYISH YELLOWISH PINK
Light Rose Beige,32,GRAYISH YELLOWISH PINK
Powder Rose,32,GRAYISH YELLOWISH PINK
Dull Buff,32,GRAYISH YELLOWISH PINK
Grayish Orange Pink,32,GRAYISH YELLOWISH PINK
Light Brown . . s,32,GRAYISH YELLOWISH PINK
Pink,32,GRAYISH YELLOWISH PINK
Pinkish Gray,32,GRAYISH YELLOWISH PINK
Pinkish White,32,GRAYISH YELLOWISH PINK
Red Brown,32,GRAYISH YELLOWISH PINK
Rose. . s,32,GRAYISH YELLOWISH PINK
Roseo-Bubalinus,32,GRAYISH YELLOWISH PINK
Roseo-Vinosus,32,GRAYISH YELLOWISH PINK
Subvinosus,32,GRAYISH YELLOWISH PINK
Vinoso-Bubalinus,32,GRAYISH YELLOWISH PINK
Yellowish Pink,32,GRAYISH YELLOWISH PINK
Atmosphere,33,BROWNISH PINK
Flesh Blond,33,BROWNISH PINK
Iris Mauve,33,BROWNISH PINK
Lilac Grey,33,BROWNISH PINK
Mauve Blush,33,BROWNISH PINK
Nude,33,BROWNISH PINK
Pastel Parchment,33,BROWNISH PINK
Pearlblush,33,BROWNISH PINK
Rose Nude,33,BROWNISH PINK
Rosetan,33,BROWNISH PINK
Seasan,33,BROWNISH PINK
Gravel. 189 0 6-e,33,BROWNISH PINK
Morning Mist,33,BROWNISH PINK
Ecru-Drab,33,BROWNISH PINK
Light Vinaceous-Fawn,33,BROWNISH PINK
Pale Cinnamon-Pink,33,BROWNISH PINK
Pale Vinaceous-Fawn,33,BROWNISH PINK
Seashell Pink,33,BROWNISH PINK
Vinaceous-Buff,33,BROWNISH PINK
Bisque,33,BROWNISH PINK
Light Rose Beige,33,BROWNISH PINK
Buff,33,BROWNISH PINK
Dull Brown,33,BROWNISH PINK
Fumosus . b,33,BROWNISH PINK
Olive Yellow . s,33,BROWNISH PINK
Pink,33,BROWNISH PINK
Pinkish Gray,33,BROWNISH PINK
Pinkish White,33,BROWNISH PINK
Purplish Bistre,33,BROWNISH PINK
Roseo-Bubalinus,33,BROWNISH PINK
Salmoneus,33,BROWNISH PINK
Very Pale Brown,33,BROWNISH PINK
Vinoso-Bubalinus,33,BROWNISH PINK
Yellow Brown... . s,33,BROWNISH PINK
Cherry,34,VIVID REDDISH ORANGE
Cherry Red,34,VIVID REDDISH ORANGE
Chrome Orange,34,VIVID REDDISH ORANGE
Coquelicot,34,VIVID REDDISH ORANGE
Dutch Vermilion,34,VIVID REDDISH ORANGE
Fiery Red . m2,34,VIVID REDDISH ORANGE
Firecracker,34,VIVID REDDISH ORANGE
Fire Red,34,VIVID REDDISH ORANGE
Flame Orange,34,VIVID REDDISH ORANGE
Flame [Scarlet),34,VIVID REDDISH ORANGE
Flammeous,34,VIVID REDDISH ORANGE
Florentine,34,VIVID REDDISH ORANGE
French Vermilion,34,VIVID REDDISH ORANGE
Golden Poppy,34,VIVID REDDISH ORANGE
Granat,34,VIVID REDDISH ORANGE
Granatflower,34,VIVID REDDISH ORANGE
Indian Orange,34,VIVID REDDISH ORANGE
Mineral Orange,34,VIVID REDDISH ORANGE
Minium... . m2,34,VIVID REDDISH ORANGE
Orange Lead,34,VIVID REDDISH ORANGE
Paprica,34,VIVID REDDISH ORANGE
Paris Red,34,VIVID REDDISH ORANGE
Persian Yellow,34,VIVID REDDISH ORANGE
Phantom Red,34,VIVID REDDISH ORANGE
Pomegranate Blossom,34,VIVID REDDISH ORANGE
Ponceau,34,VIVID REDDISH ORANGE
Poppy [Red),34,VIVID REDDISH ORANGE
Red Lead,34,VIVID REDDISH ORANGE
Sandarach,34,VIVID REDDISH ORANGE
Sandix,34,VIVID REDDISH ORANGE
Sandyx,34,VIVID REDDISH ORANGE
Saturn Red,34,VIVID REDDISH ORANGE
Saturnine Red,34,VIVID REDDISH ORANGE
Sungod,34,VIVID REDDISH ORANGE
Toboggan,34,VIVID REDDISH ORANGE
Toreador,34,VIVID REDDISH ORANGE
Scarlet . 241 ROl-a,34,VIVID REDDISH ORANGE
Flame Scarlet . 119,34,VIVID REDDISH ORANGE
Grenadine Red . 117,34,VIVID REDDISH ORANGE
Bright Coral Red,34,VIVID REDDISH ORANGE
Flame g - By na,34,VIVID REDDISH ORANGE
Light Tomato Red g .. By na,34,VIVID REDDISH ORANGE
Light Vermilion,34,VIVID REDDISH ORANGE
Lobster Red g . By na,34,VIVID REDDISH ORANGE
Poppy Red g . By pa,34,VIVID REDDISH ORANGE
Tomato Red g. . By pa,34,VIVID REDDISH ORANGE
Vermilion,34,VIVID REDDISH ORANGE
Golden Poppy,34,VIVID REDDISH ORANGE
Indian Orange,34,VIVID REDDISH ORANGE
Orange (USA),34,VIVID REDDISH ORANGE
Paprica,34,VIVID REDDISH ORANGE
Bright Reddish Orange,34,VIVID REDDISH ORANGE
Bright Yellowish Red,34,VIVID REDDISH ORANGE
Capsicum Red,34,VIVID REDDISH ORANGE
Deep Rose,34,VIVID REDDISH ORANGE
Dutch Vermilion,34,VIVID REDDISH ORANGE
Fire Red,34,VIVID REDDISH ORANGE
Indian Orange,34,VIVID REDDISH ORANGE
International Orange (AN),34,VIVID REDDISH ORANGE
International Orange (USA),34,VIVID REDDISH ORANGE
International Orange(Y&D),34,VIVID REDDISH ORANGE
Mandarin Red,34,VIVID REDDISH ORANGE
Marigold Orange,34,VIVID REDDISH ORANGE
Miniatus,34,VIVID REDDISH ORANGE
Nasturtium Red,34,VIVID REDDISH ORANGE
Orange (USA),34,VIVID REDDISH ORANGE
Orange,34,VIVID REDDISH ORANGE
Orange,34,VIVID REDDISH ORANGE
Orange,34,VIVID REDDISH ORANGE
Poppy Red,34,VIVID REDDISH ORANGE
Red Lead and Oil (MA),34,VIVID REDDISH ORANGE
Red Orange,34,VIVID REDDISH ORANGE
Saturn Red,34,VIVID REDDISH ORANGE
Scarlet,34,VIVID REDDISH ORANGE
Vermilion,34,VIVID REDDISH ORANGE
Vivid Orange (Y&D),34,VIVID REDDISH ORANGE
Brigand,35,STRONG REDDISH
Capucine Red,35,STRONG REDDISH
Chinese Orange,35,STRONG REDDISH
Chrome Scarlet,35,STRONG REDDISH
English Red,35,STRONG REDDISH
Field’s Orange Vermilion,35,STRONG REDDISH
Japanese Yellow,35,STRONG REDDISH
Madder,35,STRONG REDDISH
Madder Red,35,STRONG REDDISH
Mandarin Red,35,STRONG REDDISH
Midnight Sun,35,STRONG REDDISH
Mikado,35,STRONG REDDISH
Orange Vermilion,35,STRONG REDDISH
Pirate,35,STRONG REDDISH
Russet Orange,35,STRONG REDDISH
Tigerlily,35,STRONG REDDISH
Toboggan,35,STRONG REDDISH
Bittersweet Orange,35,STRONG REDDISH
Firecracker . 242 RO 1-b,35,STRONG REDDISH
Mandarin Orange,35,STRONG REDDISH
Sun God,35,STRONG REDDISH
Vermilion,35,STRONG REDDISH
Carnelian Red,35,STRONG REDDISH
Grenadine,35,STRONG REDDISH
Scarlet,35,STRONG REDDISH
Bright Coral Red,35,STRONG REDDISH
Bright Coral Rose,35,STRONG REDDISH
Burnt Orange,35,STRONG REDDISH
Light Coral Red,35,STRONG REDDISH
Light Vermilion,35,STRONG REDDISH
Nasturtium Red,35,STRONG REDDISH
Persimmon,35,STRONG REDDISH
Poppy Red m . S l A pa,35,STRONG REDDISH
Sunset Red,35,STRONG REDDISH
Tomato Red,35,STRONG REDDISH
Crab Apple,35,STRONG REDDISH
Flame Red,35,STRONG REDDISH
Tangerine,35,STRONG REDDISH
Brick Red,35,STRONG REDDISH
Burnt Orange,35,STRONG REDDISH
Corallinus,35,STRONG REDDISH
Dull Red,35,STRONG REDDISH
Miniatus,35,STRONG REDDISH
Orange (BuOrd),35,STRONG REDDISH
Orange,35,STRONG REDDISH
Orange Red,35,STRONG REDDISH
Persicinus,35,STRONG REDDISH
Red,35,STRONG REDDISH
"Red Lead, Mixed Pigment",35,STRONG REDDISH
(MA),35,STRONG REDDISH
Red Orange,35,STRONG REDDISH
Reddish Orange,35,STRONG REDDISH
Vermilion,35,STRONG REDDISH
Yellowish Red,35,STRONG REDDISH
Bittersweet,36,DEEP REDDISH ORANGE
Buccaneer,36,DEEP REDDISH ORANGE
Chinese Red,36,DEEP REDDISH ORANGE
Flash,36,DEEP REDDISH ORANGE
Lobster,36,DEEP REDDISH ORANGE
Portable Red,36,DEEP REDDISH ORANGE
Post Office Red,36,DEEP REDDISH ORANGE
Catchup g. . nc,36,DEEP REDDISH ORANGE
Chinese Red,36,DEEP REDDISH ORANGE
Coral Red,36,DEEP REDDISH ORANGE
Lacquer Red,36,DEEP REDDISH ORANGE
Light Lacquer Red,36,DEEP REDDISH ORANGE
Paprika,36,DEEP REDDISH ORANGE
Tomato Red g.. . 6,36,DEEP REDDISH ORANGE
Red,36,DEEP REDDISH ORANGE
Red Lead Modified (MA),36,DEEP REDDISH ORANGE
Reddish Orange,36,DEEP REDDISH ORANGE
Vermilion,36,DEEP REDDISH ORANGE
Yellowish Red,36,DEEP REDDISH ORANGE
Antique Red,37,MODERATE REDDISH
Arabesque,37,MODERATE REDDISH
Aurora (Orange],37,MODERATE REDDISH
Aurora Red,37,MODERATE REDDISH
Brigand,37,MODERATE REDDISH
Burmese Gold,37,MODERATE REDDISH
Burnt Ochre,37,MODERATE REDDISH
Burnt Orange,37,MODERATE REDDISH
Canna,37,MODERATE REDDISH
Capucine Lake,37,MODERATE REDDISH
Carnelian Red,37,MODERATE REDDISH
Chaudron,37,MODERATE REDDISH
Cherokee,37,MODERATE REDDISH
Coralbell,37,MODERATE REDDISH
Coral Blush,37,MODERATE REDDISH
Crabapple,37,MODERATE REDDISH
Damonico,37,MODERATE REDDISH
Emberglow,37,MODERATE REDDISH
English Red,37,MODERATE REDDISH
Flamingo,37,MODERATE REDDISH
Grenadine Red,37,MODERATE REDDISH
Jaffa Orange,37,MODERATE REDDISH
Light Red,37,MODERATE REDDISH
Madder,37,MODERATE REDDISH
Madder Red,37,MODERATE REDDISH
Maintenon,37,MODERATE REDDISH
Mars Orange,37,MODERATE REDDISH
Monicon,37,MODERATE REDDISH
Morning DawningYellow,37,MODERATE REDDISH
Orange Aurora,37,MODERATE REDDISH
Orange Tawny,37,MODERATE REDDISH
Peruvian Yellow,37,MODERATE REDDISH
Rembrandt’s Madder,37,MODERATE REDDISH
Satsuma,37,MODERATE REDDISH
Tangerine,37,MODERATE REDDISH
Tigerlily,37,MODERATE REDDISH
Tile Red,37,MODERATE REDDISH
Aladdin’s Lamp,37,MODERATE REDDISH
Bittersweet Orange,37,MODERATE REDDISH
Burnt Coral,37,MODERATE REDDISH
Copper,37,MODERATE REDDISH
Coral Gold,37,MODERATE REDDISH
Enchantress,37,MODERATE REDDISH
Peach Rust,37,MODERATE REDDISH
Persian Melon,37,MODERATE REDDISH
Radiant,37,MODERATE REDDISH
Bittersweet Orange,37,MODERATE REDDISH
Carrot Red,37,MODERATE REDDISH
Coral Red,37,MODERATE REDDISH
Ferruginous,37,MODERATE REDDISH
Light Coral Red,37,MODERATE REDDISH
Mars Orange,37,MODERATE REDDISH
Peach Red,37,MODERATE REDDISH
Rufous,37,MODERATE REDDISH
Strawberry Pink,37,MODERATE REDDISH
Bright Coral Rose,37,MODERATE REDDISH
Bright Peach,37,MODERATE REDDISH
Chili,37,MODERATE REDDISH
Chinese Red,37,MODERATE REDDISH
Copper,37,MODERATE REDDISH
Coral,37,MODERATE REDDISH
Coral Red,37,MODERATE REDDISH
Coral Rose,37,MODERATE REDDISH
Lacquer Red,37,MODERATE REDDISH
Light Lacquer Red,37,MODERATE REDDISH
Light Persimmon,37,MODERATE REDDISH
Paprika,37,MODERATE REDDISH
Persimmon,37,MODERATE REDDISH
Salmon,37,MODERATE REDDISH
Burnt Orange,37,MODERATE REDDISH
Salmon,37,MODERATE REDDISH
Armeniacus,37,MODERATE REDDISH
Brown,37,MODERATE REDDISH
Brown Orange,37,MODERATE REDDISH
Chinese Coral,37,MODERATE REDDISH
Corallinus,37,MODERATE REDDISH
Dull Vermilion,37,MODERATE REDDISH
Ferrugineus,37,MODERATE REDDISH
Light Red,37,MODERATE REDDISH
Mars Orange,37,MODERATE REDDISH
Miniatus,37,MODERATE REDDISH
Orange,37,MODERATE REDDISH
Orange Brown,37,MODERATE REDDISH
Orange Red,37,MODERATE REDDISH
Orange Vermilion,37,MODERATE REDDISH
Persicinus,37,MODERATE REDDISH
Red.... s,37,MODERATE REDDISH
Red,37,MODERATE REDDISH
Red Brown. s,37,MODERATE REDDISH
Reddish Orange,37,MODERATE REDDISH
Rose,37,MODERATE REDDISH
Vermilion,37,MODERATE REDDISH
Yellowish Red,37,MODERATE REDDISH
Antique Red,38,DARK REDDISH ORANGE
Autumn Glory,38,DARK REDDISH ORANGE
Bittersweet,38,DARK REDDISH ORANGE
Blaze,38,DARK REDDISH ORANGE
Brazil (Red),38,DARK REDDISH ORANGE
Buccaneer,38,DARK REDDISH ORANGE
Burnt Italian Earth,38,DARK REDDISH ORANGE
Burnt Italian Ochre,38,DARK REDDISH ORANGE
Burnt Sienna,38,DARK REDDISH ORANGE
Canna,38,DARK REDDISH ORANGE
Chaudron,38,DARK REDDISH ORANGE
Chinese Red,38,DARK REDDISH ORANGE
Chinook,38,DARK REDDISH ORANGE
Crawshay Red,38,DARK REDDISH ORANGE
Crowshay Red,38,DARK REDDISH ORANGE
English Red,38,DARK REDDISH ORANGE
Ferruginous,38,DARK REDDISH ORANGE
Flash,38,DARK REDDISH ORANGE
Flesh Ochre,38,DARK REDDISH ORANGE
Forest of Dean Red,38,DARK REDDISH ORANGE
Korea,38,DARK REDDISH ORANGE
Lacquer Red,38,DARK REDDISH ORANGE
Lobster,38,DARK REDDISH ORANGE
Mars Red,38,DARK REDDISH ORANGE
Monterey,38,DARK REDDISH ORANGE
Moroccan,38,DARK REDDISH ORANGE
Ochre Red,38,DARK REDDISH ORANGE
Portable Red,38,DARK REDDISH ORANGE
Post Office Red,38,DARK REDDISH ORANGE
Rembrandt's Madder,38,DARK REDDISH ORANGE
Rose Pink,38,DARK REDDISH ORANGE
Roset,38,DARK REDDISH ORANGE
Ruben's Madder,38,DARK REDDISH ORANGE
Sheik,38,DARK REDDISH ORANGE
Totem,38,DARK REDDISH ORANGE
Autumn Glory,38,DARK REDDISH ORANGE
Brazil Red,38,DARK REDDISH ORANGE
Indian Red. . . 257 RO 3-a,38,DARK REDDISH ORANGE
Paprica. .. . 249 RO 2-a,38,DARK REDDISH ORANGE
Sierra,38,DARK REDDISH ORANGE
Brazil Red,38,DARK REDDISH ORANGE
Dragon's-Blood Red,38,DARK REDDISH ORANGE
English Red,38,DARK REDDISH ORANGE
Ferruginous,38,DARK REDDISH ORANGE
Mars Orange,38,DARK REDDISH ORANGE
Vinaceous-Rufous,38,DARK REDDISH ORANGE
Catchup g...6,38,DARK REDDISH ORANGE
Chinese Red,38,DARK REDDISH ORANGE
Lacquer Red,38,DARK REDDISH ORANGE
Paprika,38,DARK REDDISH ORANGE
Redwood,38,DARK REDDISH ORANGE
Lacquer,38,DARK REDDISH ORANGE
Terra Cotta,38,DARK REDDISH ORANGE
Chestnut Brown,38,DARK REDDISH ORANGE
Ferrugineus,38,DARK REDDISH ORANGE
Miniatus,38,DARK REDDISH ORANGE
Moderate Reddish Brown,38,DARK REDDISH ORANGE
Red,38,DARK REDDISH ORANGE
Red Brown,38,DARK REDDISH ORANGE
Reddish Orange,38,DARK REDDISH ORANGE
Vermilion,38,DARK REDDISH ORANGE
Yellow Brown,38,DARK REDDISH ORANGE
Yellowish Red,38,DARK REDDISH ORANGE
Antique Red,39,GRAYISH REDDISH
Araby,39,GRAYISH REDDISH
Attar of Roses,39,GRAYISH REDDISH
Canna,39,GRAYISH REDDISH
Carnelian,39,GRAYISH REDDISH
Chaudron,39,GRAYISH REDDISH
Congo Pink,39,GRAYISH REDDISH
Copper,39,GRAYISH REDDISH
Copper Red,39,GRAYISH REDDISH
Cornelian Red,39,GRAYISH REDDISH
Dragon's Blood,39,GRAYISH REDDISH
Etruscan Red,39,GRAYISH REDDISH
Hyacinth Red,39,GRAYISH REDDISH
Muskmelon,39,GRAYISH REDDISH
Persian Melon,39,GRAYISH REDDISH
Pompeian Red,39,GRAYISH REDDISH
Rembrandt's Madder,39,GRAYISH REDDISH
Rosebloom,39,GRAYISH REDDISH
Samurai,39,GRAYISH REDDISH
Wax Red,39,GRAYISH REDDISH
Terra Cotta,39,GRAYISH REDDISH
Testaceous,39,GRAYISH REDDISH
Vinaceous-Pink,39,GRAYISH REDDISH
Vinaceous-Tawny,39,GRAYISH REDDISH
Light Persimmon,39,GRAYISH REDDISH
Peach Tan,39,GRAYISH REDDISH
Rust Tan,39,GRAYISH REDDISH
Tile Red,39,GRAYISH REDDISH
Brown Orange,39,GRAYISH REDDISH
Dull Reddish Orange,39,GRAYISH REDDISH
Dull Yellowish Red,39,GRAYISH REDDISH
Lake,39,GRAYISH REDDISH
Light Red,39,GRAYISH REDDISH
Moderate Reddish Orange,39,GRAYISH REDDISH
Orange Brown,39,GRAYISH REDDISH
Red,39,GRAYISH REDDISH
Roseo-Vinosus,39,GRAYISH REDDISH
Testaceus,39,GRAYISH REDDISH
Agate,40,STRONG REDDISH BROWN
Alcanna,40,STRONG REDDISH BROWN
Alcazar,40,STRONG REDDISH BROWN
Cauldron,40,STRONG REDDISH BROWN
Chinese Red,40,STRONG REDDISH BROWN
Egyptian Red,40,STRONG REDDISH BROWN
Henna,40,STRONG REDDISH BROWN
Indian Red,40,STRONG REDDISH BROWN
Iron Oxide Red,40,STRONG REDDISH BROWN
Japanese Red,40,STRONG REDDISH BROWN
Kobe,40,STRONG REDDISH BROWN
Majolica Earth,40,STRONG REDDISH BROWN
Mineral Rouge,40,STRONG REDDISH BROWN
Morocco Red,40,STRONG REDDISH BROWN
Naples Red,40,STRONG REDDISH BROWN
Persian Earth,40,STRONG REDDISH BROWN
Persian Red,40,STRONG REDDISH BROWN
Prussian Red,40,STRONG REDDISH BROWN
Purple Ochre,40,STRONG REDDISH BROWN
Red Oxide,40,STRONG REDDISH BROWN
Redwood,40,STRONG REDDISH BROWN
Scarlet Ochre,40,STRONG REDDISH BROWN
Spanish Brown,40,STRONG REDDISH BROWN
Spanish Red,40,STRONG REDDISH BROWN
Tarragona,40,STRONG REDDISH BROWN
Burnt Sienna,40,STRONG REDDISH BROWN
Dark Lacquer Red,40,STRONG REDDISH BROWN
Tomato Red g -- &A pc,40,STRONG REDDISH BROWN
Terra Cotta,40,STRONG REDDISH BROWN
Badius,40,STRONG REDDISH BROWN
Dark Red,40,STRONG REDDISH BROWN
Orange Brown,40,STRONG REDDISH BROWN
Reddish Brown,40,STRONG REDDISH BROWN
Akbar,41,DEEP REDDISH BROWN
Algerian Red,41,DEEP REDDISH BROWN
Anatolia,41,DEEP REDDISH BROWN
Arabian Red,41,DEEP REDDISH BROWN
Burnt Rose,41,DEEP REDDISH BROWN
Crimson Maple,41,DEEP REDDISH BROWN
Dregs of Wine,41,DEEP REDDISH BROWN
India Red,41,DEEP REDDISH BROWN
Malaga,41,DEEP REDDISH BROWN
Maroon,41,DEEP REDDISH BROWN
Mars Violet,41,DEEP REDDISH BROWN
Mineral Purple,41,DEEP REDDISH BROWN
Pompeii,41,DEEP REDDISH BROWN
Red Robbin,41,DEEP REDDISH BROWN
Wine Dregs,41,DEEP REDDISH BROWN
Wine Lees,41,DEEP REDDISH BROWN
Barn Red g .. &A Pg,41,DEEP REDDISH BROWN
Brown Mahogany,41,DEEP REDDISH BROWN
Claret Wine,41,DEEP REDDISH BROWN
Garnet,41,DEEP REDDISH BROWN
Red Mahogany g..._ . &,41,DEEP REDDISH BROWN
Venetian Red,41,DEEP REDDISH BROWN
Wine,41,DEEP REDDISH BROWN
Brown Striping (N),41,DEEP REDDISH BROWN
Chocolate,41,DEEP REDDISH BROWN
Dark Red,41,DEEP REDDISH BROWN
Dull Red,41,DEEP REDDISH BROWN
Maroon (AN),41,DEEP REDDISH BROWN
Maroon (USA),41,DEEP REDDISH BROWN
Metallic Brown (MA),41,DEEP REDDISH BROWN
Metallic Brown (PC),41,DEEP REDDISH BROWN
Metallic Red (USA),41,DEEP REDDISH BROWN
Red,41,DEEP REDDISH BROWN
(MA),41,DEEP REDDISH BROWN
Red Boottopping (PC),41,DEEP REDDISH BROWN
Red Deck (MA)__•,41,DEEP REDDISH BROWN
Red Deck (USA),41,DEEP REDDISH BROWN
Red Oxide (MA),41,DEEP REDDISH BROWN
Reddish Brown,41,DEEP REDDISH BROWN
Araby,42,LIGHT REDDISH BROWN
Attar of Roses,42,LIGHT REDDISH BROWN
Cameo Brown,42,LIGHT REDDISH BROWN
Cinnamon Pink,42,LIGHT REDDISH BROWN
Corial,42,LIGHT REDDISH BROWN
Cream Beige,42,LIGHT REDDISH BROWN
Doe-skin Brown,42,LIGHT REDDISH BROWN
Dragon’s Blood,42,LIGHT REDDISH BROWN
Indian Pink,42,LIGHT REDDISH BROWN
Maiden's Blush,42,LIGHT REDDISH BROWN
Monkey Skin,42,LIGHT REDDISH BROWN
Peach Bisque,42,LIGHT REDDISH BROWN
Polignac,42,LIGHT REDDISH BROWN
Pompeian Red,42,LIGHT REDDISH BROWN
Rosebisque,42,LIGHT REDDISH BROWN
Rosebloom,42,LIGHT REDDISH BROWN
Rose Blush,42,LIGHT REDDISH BROWN
Rose Dawn,42,LIGHT REDDISH BROWN
Roseglow,42,LIGHT REDDISH BROWN
Rose Hortensia,42,LIGHT REDDISH BROWN
Sandstone,42,LIGHT REDDISH BROWN
Tawny Birch,42,LIGHT REDDISH BROWN
Brown Madder,42,LIGHT REDDISH BROWN
Brown Red,42,LIGHT REDDISH BROWN
Burnt Rose,42,LIGHT REDDISH BROWN
Burnt Russet,42,LIGHT REDDISH BROWN
Caldera,42,LIGHT REDDISH BROWN
Cameo Brown,42,LIGHT REDDISH BROWN
Canna,42,LIGHT REDDISH BROWN
Caput Mortuum,42,LIGHT REDDISH BROWN
Casserole,42,LIGHT REDDISH BROWN
Castellon,42,LIGHT REDDISH BROWN
Castilian Brown,42,LIGHT REDDISH BROWN
Cauldron,42,LIGHT REDDISH BROWN
Cedar Wood,42,LIGHT REDDISH BROWN
Chaudron,42,LIGHT REDDISH BROWN
Chevreuse,42,LIGHT REDDISH BROWN
Chutney,42,LIGHT REDDISH BROWN
Colcothar,42,LIGHT REDDISH BROWN
Columbian Red,42,LIGHT REDDISH BROWN
Copperleaf,42,LIGHT REDDISH BROWN
Coptic,42,LIGHT REDDISH BROWN
Cordova,42,LIGHT REDDISH BROWN
Coromandel,42,LIGHT REDDISH BROWN
Crocus Martis,42,LIGHT REDDISH BROWN
Cuba,42,LIGHT REDDISH BROWN
Domingo,42,LIGHT REDDISH BROWN
Dry Rose,42,LIGHT REDDISH BROWN
Eifel,42,LIGHT REDDISH BROWN
English Red,42,LIGHT REDDISH BROWN
Eskimo,42,LIGHT REDDISH BROWN
Etruscan,42,LIGHT REDDISH BROWN
Florence Earth,42,LIGHT REDDISH BROWN
Fujiyama,42,LIGHT REDDISH BROWN
Garnet Brown,42,LIGHT REDDISH BROWN
Gingerspice,42,LIGHT REDDISH BROWN
Indian Red,42,LIGHT REDDISH BROWN
IronCrocus,42,LIGHT REDDISH BROWN
Iron Saffron,42,LIGHT REDDISH BROWN
Kazak,42,LIGHT REDDISH BROWN
Kettledrum,42,LIGHT REDDISH BROWN
Korea,42,LIGHT REDDISH BROWN
Laurel Oak,42,LIGHT REDDISH BROWN
Lemnian Earth,42,LIGHT REDDISH BROWN
Lemnian Ruddle,42,LIGHT REDDISH BROWN
Lemnos,42,LIGHT REDDISH BROWN
Madder Brown,42,LIGHT REDDISH BROWN
Madder Indian Red,42,LIGHT REDDISH BROWN
Mahogany,42,LIGHT REDDISH BROWN
Mahogany Brown,42,LIGHT REDDISH BROWN
Mahogany Red,42,LIGHT REDDISH BROWN
Manzanita,42,LIGHT REDDISH BROWN
Marsala,42,LIGHT REDDISH BROWN
Mascara,42,LIGHT REDDISH BROWN
Mauvewood,42,LIGHT REDDISH BROWN
Mecca,42,LIGHT REDDISH BROWN
Metal Brown,42,LIGHT REDDISH BROWN
Mexico,42,LIGHT REDDISH BROWN
Mohawk,42,LIGHT REDDISH BROWN
Mordor§,42,LIGHT REDDISH BROWN
Morocco Red,42,LIGHT REDDISH BROWN
Moro Red,42,LIGHT REDDISH BROWN
Mort d’ore,42,LIGHT REDDISH BROWN
Naples Red,42,LIGHT REDDISH BROWN
Nuremberg Red,42,LIGHT REDDISH BROWN
Oakheart,42,LIGHT REDDISH BROWN
Old Cedar,42,LIGHT REDDISH BROWN
Oriental Bole,42,LIGHT REDDISH BROWN
Oxblood (Red],42,LIGHT REDDISH BROWN
Oxide Brown,42,LIGHT REDDISH BROWN
Oxide Purple,42,LIGHT REDDISH BROWN
Pencilwood,42,LIGHT REDDISH BROWN
Piccadilly,42,LIGHT REDDISH BROWN
Piccolpasso Red,42,LIGHT REDDISH BROWN
Plantation,42,LIGHT REDDISH BROWN
Pompeii,42,LIGHT REDDISH BROWN
Prussian Red,42,LIGHT REDDISH BROWN
Purple Brown,42,LIGHT REDDISH BROWN
Purple Oxide,42,LIGHT REDDISH BROWN
Raddle,42,LIGHT REDDISH BROWN
Red Bole,42,LIGHT REDDISH BROWN
Red Chalk,42,LIGHT REDDISH BROWN
Redding,42,LIGHT REDDISH BROWN
Reddle,42,LIGHT REDDISH BROWN
Red Earth,42,LIGHT REDDISH BROWN
Red Ochre,42,LIGHT REDDISH BROWN
Redwood,42,LIGHT REDDISH BROWN
Rembrandt’s Madder,42,LIGHT REDDISH BROWN
Roan,42,LIGHT REDDISH BROWN
Rose Oak,42,LIGHT REDDISH BROWN
Rosewood,42,LIGHT REDDISH BROWN
Rouge de Fer,42,LIGHT REDDISH BROWN
Grand Canyon ... 268 RO 4-d,42,LIGHT REDDISH BROWN
Peach Bisque _ 267 RO 4-c,42,LIGHT REDDISH BROWN
Roman Tan,42,LIGHT REDDISH BROWN
Southern Rose,42,LIGHT REDDISH BROWN
Cacao Brown,42,LIGHT REDDISH BROWN
Light Russet-Vinaceous,42,LIGHT REDDISH BROWN
Russet-Vinaceous,42,LIGHT REDDISH BROWN
Testaceous,42,LIGHT REDDISH BROWN
Vinaceous-Pink,42,LIGHT REDDISH BROWN
Vinaceous-Russet,42,LIGHT REDDISH BROWN
Copper Tan,42,LIGHT REDDISH BROWN
Rosewood Tan,42,LIGHT REDDISH BROWN
Other sources,42,LIGHT REDDISH BROWN
Brown,42,LIGHT REDDISH BROWN
Dull Reddish Brown,42,LIGHT REDDISH BROWN
Light Red Brown,42,LIGHT REDDISH BROWN
Light Reddish Brown,42,LIGHT REDDISH BROWN
Pale Red,42,LIGHT REDDISH BROWN
Pale Reddish Brown,42,LIGHT REDDISH BROWN
Red Brown,42,LIGHT REDDISH BROWN
Reddish Brown,42,LIGHT REDDISH BROWN
Roseo-Vinosus,42,LIGHT REDDISH BROWN
Terra Cotta (Y&D),42,LIGHT REDDISH BROWN
Testaceus,42,LIGHT REDDISH BROWN
Vinoso-Lividus,42,LIGHT REDDISH BROWN
Weak Red,42,LIGHT REDDISH BROWN
Yellow Brown,42,LIGHT REDDISH BROWN
Acajou,43,MODERATE REDDISH
Akbar,43,MODERATE REDDISH
Ambrosia,43,MODERATE REDDISH
Angel Red,43,MODERATE REDDISH
Antique Red,43,MODERATE REDDISH
Antwerp Red,43,MODERATE REDDISH
Aragon,43,MODERATE REDDISH
Armenian Bole,43,MODERATE REDDISH
Beef’s Blood,43,MODERATE REDDISH
Berlin Red,43,MODERATE REDDISH
Bole,43,MODERATE REDDISH
Bole Armoniack,43,MODERATE REDDISH
Bolus,43,MODERATE REDDISH
Boreal,43,MODERATE REDDISH
Rubrica,43,MODERATE REDDISH
Ruddle,43,MODERATE REDDISH
Rustic Brown,43,MODERATE REDDISH
SangdeBoeuf,43,MODERATE REDDISH
Saona,43,MODERATE REDDISH
Spanish Cedar,43,MODERATE REDDISH
Striegau Earth,43,MODERATE REDDISH
Tanagra,43,MODERATE REDDISH
Terra Lemnia,43,MODERATE REDDISH
Terra Pozzuoli,43,MODERATE REDDISH
Terra Rosa,43,MODERATE REDDISH
Terra Sigillata,43,MODERATE REDDISH
Tokay,43,MODERATE REDDISH
Tuscan Brown,43,MODERATE REDDISH
Tuscan Red,43,MODERATE REDDISH
Tuscany,43,MODERATE REDDISH
Venice Red,43,MODERATE REDDISH
Wallflower [Brown),43,MODERATE REDDISH
Withered Rose,43,MODERATE REDDISH
Bronzio,43,MODERATE REDDISH
Congo,43,MODERATE REDDISH
Mohawk. .. 265 RO 4-a,43,MODERATE REDDISH
Plantation _ 266 RO 4-b,43,MODERATE REDDISH
Tuscanny Red,43,MODERATE REDDISH
Auburn,43,MODERATE REDDISH
Bay,43,MODERATE REDDISH
Brick Red,43,MODERATE REDDISH
Cameo Brown,43,MODERATE REDDISH
Chestnut,43,MODERATE REDDISH
Chestnut-Brown,43,MODERATE REDDISH
Claret Brown,43,MODERATE REDDISH
Hay’s Russet,43,MODERATE REDDISH
Liver Brown,43,MODERATE REDDISH
Mahogany Red,43,MODERATE REDDISH
Morocco Red,43,MODERATE REDDISH
Vinaceous-Russet,43,MODERATE REDDISH
Walnut Brown,43,MODERATE REDDISH
Barn Red,43,MODERATE REDDISH
Brick Red,43,MODERATE REDDISH
Brown Mahogany,43,MODERATE REDDISH
Cedar,43,MODERATE REDDISH
Cocoa Brown,43,MODERATE REDDISH
Copper Brown,43,MODERATE REDDISH
Dark Lacquer Red,43,MODERATE REDDISH
Henna,43,MODERATE REDDISH
Indian Red,43,MODERATE REDDISH
Redwood,43,MODERATE REDDISH
Rosewood Brown,43,MODERATE REDDISH
Rosewood Tan,43,MODERATE REDDISH
Russet Brown,43,MODERATE REDDISH
Russet Tan,43,MODERATE REDDISH
Rust Tan,43,MODERATE REDDISH
Venetian Red,43,MODERATE REDDISH
Cocoa,43,MODERATE REDDISH
Henna,43,MODERATE REDDISH
Mahogany,43,MODERATE REDDISH
Terra Cotta,43,MODERATE REDDISH
Badius,43,MODERATE REDDISH
Brown,43,MODERATE REDDISH
Castaneus,43,MODERATE REDDISH
Dark Brown,43,MODERATE REDDISH
Dark Red,43,MODERATE REDDISH
Dark Reddish Brown,43,MODERATE REDDISH
Dark Reddish Brown,43,MODERATE REDDISH
Deep Brown,43,MODERATE REDDISH
Dull Red,43,MODERATE REDDISH
Dull Red (AN),43,MODERATE REDDISH
Dull Red (USA),43,MODERATE REDDISH
Dull Reddish Brown,43,MODERATE REDDISH
Dusky Red,43,MODERATE REDDISH
Fawn,43,MODERATE REDDISH
Ferrugineus,43,MODERATE REDDISH
Latericius .„,43,MODERATE REDDISH
Red,43,MODERATE REDDISH
Red Brown,43,MODERATE REDDISH
Reddish Brown,43,MODERATE REDDISH
Reddish Brown,43,MODERATE REDDISH
Testaceus,43,MODERATE REDDISH
Umbrinus,43,MODERATE REDDISH
Weak Red,43,MODERATE REDDISH
Andorra,44,DARK REDDISH BROWN
Dregs of Wine,44,DARK REDDISH BROWN
Maroon,44,DARK REDDISH BROWN
Old Burgundy,44,DARK REDDISH BROWN
Wine Dregs,44,DARK REDDISH BROWN
Wine Lees,44,DARK REDDISH BROWN
Padre Brown,44,DARK REDDISH BROWN
Carob Brown,44,DARK REDDISH BROWN
Maroon,44,DARK REDDISH BROWN
Burgundy,44,DARK REDDISH BROWN
Cordovan,44,DARK REDDISH BROWN
Dark Rose Brown,44,DARK REDDISH BROWN
Dark Wine,44,DARK REDDISH BROWN
Deep Brown Mahogany,44,DARK REDDISH BROWN
Deep Maroon g _ iy,44,DARK REDDISH BROWN
Deep Red Brown,44,DARK REDDISH BROWN
Maroon,44,DARK REDDISH BROWN
Castaneus,44,DARK REDDISH BROWN
Dark Reddish Brown,44,DARK REDDISH BROWN
Deep Reddish Brown (QM),44,DARK REDDISH BROWN
Dull Reddish Brown,44,DARK REDDISH BROWN
Reddish Black,44,DARK REDDISH BROWN
Sanguineus,44,DARK REDDISH BROWN
Very Dusky Red,44,DARK REDDISH BROWN
Alesan,45,LIGHT GRAYISH REDDISH
Autumn Blonde,45,LIGHT GRAYISH REDDISH
Buckskin,45,LIGHT GRAYISH REDDISH
Cafe-au-lait,45,LIGHT GRAYISH REDDISH
Deauville Sand,45,LIGHT GRAYISH REDDISH
Faon,45,LIGHT GRAYISH REDDISH
Fawn (Brown),45,LIGHT GRAYISH REDDISH
French Nude,45,LIGHT GRAYISH REDDISH
Misty Morn,45,LIGHT GRAYISH REDDISH
Ormond,45,LIGHT GRAYISH REDDISH
Polignac,45,LIGHT GRAYISH REDDISH
Rosestone,45,LIGHT GRAYISH REDDISH
Sandalwood,45,LIGHT GRAYISH REDDISH
Seaside,45,LIGHT GRAYISH REDDISH
Siennese Drab,45,LIGHT GRAYISH REDDISH
Sorghum Brown,45,LIGHT GRAYISH REDDISH
Stucco,45,LIGHT GRAYISH REDDISH
Wood Rose,45,LIGHT GRAYISH REDDISH
Caravan -- 284 RO 6-d,45,LIGHT GRAYISH REDDISH
Octoroon Rose . 276 RO 5-d,45,LIGHT GRAYISH REDDISH
Sand Stucco . 285 RO 6-e,45,LIGHT GRAYISH REDDISH
Tapestry Beige .... 283 RO 6-c,45,LIGHT GRAYISH REDDISH
Benzo Brown,45,LIGHT GRAYISH REDDISH
Brownish Drab,45,LIGHT GRAYISH REDDISH
Cinnamon-Drab,45,LIGHT GRAYISH REDDISH
Fawn Color,45,LIGHT GRAYISH REDDISH
Light Cinnamon-Drab,45,LIGHT GRAYISH REDDISH
Rood’s Brown,45,LIGHT GRAYISH REDDISH
Rose Taupe,45,LIGHT GRAYISH REDDISH
Rosewood,45,LIGHT GRAYISH REDDISH
Brown,45,LIGHT GRAYISH REDDISH
Dark Brown,45,LIGHT GRAYISH REDDISH
Dull Reddish Brown,45,LIGHT GRAYISH REDDISH
Gray Brown,45,LIGHT GRAYISH REDDISH
Griseo-Sepiaceus,45,LIGHT GRAYISH REDDISH
Hinnuleus,45,LIGHT GRAYISH REDDISH
Latericius,45,LIGHT GRAYISH REDDISH
Light Reddish Brown,45,LIGHT GRAYISH REDDISH
Pale Brown,45,LIGHT GRAYISH REDDISH
Pale Red,45,LIGHT GRAYISH REDDISH
Pale Red,45,LIGHT GRAYISH REDDISH
Pinkish Gray,45,LIGHT GRAYISH REDDISH
Reddish Brown,45,LIGHT GRAYISH REDDISH
Reddish Gray,45,LIGHT GRAYISH REDDISH
Vinoso-Griseus,45,LIGHT GRAYISH REDDISH
Weak Red,45,LIGHT GRAYISH REDDISH
Yellow Brown,45,LIGHT GRAYISH REDDISH
Autumn Oak,46,GRAYISH REDDISH
Berlin Brown,46,GRAYISH REDDISH
Cameo Brown,46,GRAYISH REDDISH
Cedar,46,GRAYISH REDDISH
Cocobala,46,GRAYISH REDDISH
Hampstead Brown,46,GRAYISH REDDISH
Iron Minium,46,GRAYISH REDDISH
Kaffa,46,GRAYISH REDDISH
Liver,46,GRAYISH REDDISH
Liver Brown,46,GRAYISH REDDISH
Liver Maroon,46,GRAYISH REDDISH
Mauvewood,46,GRAYISH REDDISH
Metal Brown,46,GRAYISH REDDISH
Piccadilly,46,GRAYISH REDDISH
Rosedust,46,GRAYISH REDDISH
Kaffa .... 274 RO 5-b,46,GRAYISH REDDISH
Mince Meat . 273 RO 5-a,46,GRAYISH REDDISH
Taupe Rose,46,GRAYISH REDDISH
Tobacco Brown,46,GRAYISH REDDISH
Burnt Umber,46,GRAYISH REDDISH
Cameo Brown,46,GRAYISH REDDISH
Chestnut-Brown,46,GRAYISH REDDISH
Chocolate,46,GRAYISH REDDISH
Diamine Brown,46,GRAYISH REDDISH
Haematite Red,46,GRAYISH REDDISH
Hay's Brown,46,GRAYISH REDDISH
Hessian Brown,46,GRAYISH REDDISH
Seal Brown,46,GRAYISH REDDISH
Sorghum Brown,46,GRAYISH REDDISH
Walnut Brown,46,GRAYISH REDDISH
Burgundy,46,GRAYISH REDDISH
Cocoa Brown,46,GRAYISH REDDISH
Dark Redwood,46,GRAYISH REDDISH
Dark Rose Taupe,46,GRAYISH REDDISH
Deep Brown,46,GRAYISH REDDISH
Deep Brown Mahogany,46,GRAYISH REDDISH
Deep Red Brown,46,GRAYISH REDDISH
Deep Red Mahogany,46,GRAYISH REDDISH
Rose Brown gm,46,GRAYISH REDDISH
Rose Taupe,46,GRAYISH REDDISH
Rosewood Brown,46,GRAYISH REDDISH
Rosewood Tan,46,GRAYISH REDDISH
Russet Tan,46,GRAYISH REDDISH
Taupe Brown,46,GRAYISH REDDISH
Atrovinosus,46,GRAYISH REDDISH
Badius,46,GRAYISH REDDISH
Brick Red,46,GRAYISH REDDISH
Brown,46,GRAYISH REDDISH
Brown Red,46,GRAYISH REDDISH
Brunneo-Vinosus,46,GRAYISH REDDISH
Castaneus,46,GRAYISH REDDISH
Chocolate,46,GRAYISH REDDISH
Dark Red Brown,46,GRAYISH REDDISH
Dark Reddish Brown,46,GRAYISH REDDISH
Dull Reddish Brown,46,GRAYISH REDDISH
Dusky Red,46,GRAYISH REDDISH
Grayish Red,46,GRAYISH REDDISH
Latericius,46,GRAYISH REDDISH
Maroon (USA),46,GRAYISH REDDISH
Reddish Brown,46,GRAYISH REDDISH
Reddish Brown,46,GRAYISH REDDISH
Umbrinus,46,GRAYISH REDDISH
Very Dusky Red,46,GRAYISH REDDISH
Vinoso-Lividus,46,GRAYISH REDDISH
Weak Red,46,GRAYISH REDDISH
Ambulance,47,DARK GRAYISH REDDISH
Andorra,47,DARK GRAYISH REDDISH
Armada,47,DARK GRAYISH REDDISH
Brazil Brown,47,DARK GRAYISH REDDISH
Carbuncle,47,DARK GRAYISH REDDISH
Granada,47,DARK GRAYISH REDDISH
Ibis Red,47,DARK GRAYISH REDDISH
London Brown,47,DARK GRAYISH REDDISH
Morro,47,DARK GRAYISH REDDISH
Old Burgundy,47,DARK GRAYISH REDDISH
Port Wine,47,DARK GRAYISH REDDISH
Rose Ebony,47,DARK GRAYISH REDDISH
Solitaire,47,DARK GRAYISH REDDISH
Spanish Raisin,47,DARK GRAYISH REDDISH
Zanzibar,47,DARK GRAYISH REDDISH
Zulu,47,DARK GRAYISH REDDISH
African Night .. 281 RO 6-a,47,DARK GRAYISH REDDISH
Raisin,47,DARK GRAYISH REDDISH
Roman Rose,47,DARK GRAYISH REDDISH
Hessian Brown,47,DARK GRAYISH REDDISH
Burgundy,47,DARK GRAYISH REDDISH
Chocolate Brown,47,DARK GRAYISH REDDISH
Cordovan,47,DARK GRAYISH REDDISH
Dark Brown,47,DARK GRAYISH REDDISH
Deep Marooo g _ 7 l A pi,47,DARK GRAYISH REDDISH
Ebony Brown,47,DARK GRAYISH REDDISH
Castaneus,47,DARK GRAYISH REDDISH
Dark Reddish Brown,47,DARK GRAYISH REDDISH
Dull Reddish Brown,47,DARK GRAYISH REDDISH
Reddish Black,47,DARK GRAYISH REDDISH
Very Dusky Red,47,DARK GRAYISH REDDISH
Very Dusky Red,47,DARK GRAYISH REDDISH
Big 4 Yellow,48,VIVID ORANGE
Chrome Orange,48,VIVID ORANGE
Navaho,48,VIVID ORANGE
Orpiment Orange,48,VIVID ORANGE
Toboggan,48,VIVID ORANGE
Cadmium Orange . Ill 13,48,VIVID ORANGE
Orange Chrome,48,VIVID ORANGE
Bright Orange,48,VIVID ORANGE
Flame Orange,48,VIVID ORANGE
Tangerine,48,VIVID ORANGE
Aurantiacus,48,VIVID ORANGE
Bright Orange,48,VIVID ORANGE
Cadmium Orange,48,VIVID ORANGE
Marigold Orange,48,VIVID ORANGE
Orange,48,VIVID ORANGE
Orange Yellow,48,VIVID ORANGE
Orpiment Orange,48,VIVID ORANGE
Persimmon Orange,48,VIVID ORANGE
Tangerine Orange,48,VIVID ORANGE
Yellow,48,VIVID ORANGE
Orange-Pink,49,BRILLIANT ORANGE
Cadmium Orange,49,BRILLIANT ORANGE
Orange,49,BRILLIANT ORANGE
Orange,49,BRILLIANT ORANGE
Orange Yellow,49,BRILLIANT ORANGE
Persicinus,49,BRILLIANT ORANGE
Yellow,49,BRILLIANT ORANGE
Aurora Yellow,50,STRONG ORANGE
Big 4 Yellow,50,STRONG ORANGE
Burnt Roman Ochre,50,STRONG ORANGE
Cadmium Orange,50,STRONG ORANGE
Cadmium Yellow,50,STRONG ORANGE
Capucine Lake,50,STRONG ORANGE
Carrot Red,50,STRONG ORANGE
Cowslip,50,STRONG ORANGE
Daffodil Yellow,50,STRONG ORANGE
Damonico,50,STRONG ORANGE
Danad,50,STRONG ORANGE
Iron Yellow,50,STRONG ORANGE
Kyoto,50,STRONG ORANGE
Mandarin Orange,50,STRONG ORANGE
Marathon,50,STRONG ORANGE
Mars Yellow,50,STRONG ORANGE
Marigold (Yellow],50,STRONG ORANGE
Marygold,50,STRONG ORANGE
Mikado,50,STRONG ORANGE
Monicon,50,STRONG ORANGE
Moorish Red,50,STRONG ORANGE
Moresco,50,STRONG ORANGE
Nasturtium (Yellow],50,STRONG ORANGE
Navaho,50,STRONG ORANGE
Orange Madder,50,STRONG ORANGE
Orange Ochre,50,STRONG ORANGE
Orange-peel,50,STRONG ORANGE
Orange Rufous,50,STRONG ORANGE
Orient Yellow,50,STRONG ORANGE
Orpiment Orange,50,STRONG ORANGE
Ponce de Leon,50,STRONG ORANGE
Princeton Orange,50,STRONG ORANGE
Pumpkin,50,STRONG ORANGE
Radiant Yellow,50,STRONG ORANGE
Siderin Yellow,50,STRONG ORANGE
Souci,50,STRONG ORANGE
Spanish Ochre,50,STRONG ORANGE
Sunburst,50,STRONG ORANGE
Tangier,50,STRONG ORANGE
Tokyo,50,STRONG ORANGE
Zinc Orange,50,STRONG ORANGE
Bittersweet Orapjje,50,STRONG ORANGE
Burnt Orange,50,STRONG ORANGE
Mandarin Orange,50,STRONG ORANGE
Orange,50,STRONG ORANGE
Cadmium Orange,50,STRONG ORANGE
Cadmium Yellow... . Ill 17,50,STRONG ORANGE
Mikado Orange,50,STRONG ORANGE
Orange,50,STRONG ORANGE
Salmon-Orange,50,STRONG ORANGE
Zinc Orange,50,STRONG ORANGE
Apricot,50,STRONG ORANGE
Bright Orange,50,STRONG ORANGE
Flame Orange,50,STRONG ORANGE
Light Orange,50,STRONG ORANGE
Orange,50,STRONG ORANGE
Russett Orange,50,STRONG ORANGE
Sun Orange,50,STRONG ORANGE
Tangerine,50,STRONG ORANGE
Golden Orange (USA),50,STRONG ORANGE
Orange,50,STRONG ORANGE
Princeton Orange,50,STRONG ORANGE
Aurantiacus,50,STRONG ORANGE
Brown Orange,50,STRONG ORANGE
Cadmium Orange,50,STRONG ORANGE
Carrot Red,50,STRONG ORANGE
Luteus,50,STRONG ORANGE
Majolica Yellow,50,STRONG ORANGE
Marigold Orange,50,STRONG ORANGE
Nasturtium Orange,50,STRONG ORANGE
Ochraceus,50,STRONG ORANGE
Orange,50,STRONG ORANGE
Orange (USA),50,STRONG ORANGE
Orange,50,STRONG ORANGE
Orange Yellow,50,STRONG ORANGE
Orpiment Orange,50,STRONG ORANGE
Persimmon Orange,50,STRONG ORANGE
Red Orange,50,STRONG ORANGE
Spanish Orange,50,STRONG ORANGE
Tangerine Orange,50,STRONG ORANGE
Yellow,50,STRONG ORANGE
Yellow Orange,50,STRONG ORANGE
Algonquin,51,DEEP ORANGE
Autumn Leaf,51,DEEP ORANGE
Bittersweet Orange,51,DEEP ORANGE
Dead Leaf,51,DEEP ORANGE
Feuille Morte,51,DEEP ORANGE
Feulamort,51,DEEP ORANGE
Fieulamort,51,DEEP ORANGE
Filemot,51,DEEP ORANGE
Fillemot,51,DEEP ORANGE
Foliage Brown,51,DEEP ORANGE
Folimort,51,DEEP ORANGE
Leather Lake,51,DEEP ORANGE
Neutral Orange,51,DEEP ORANGE
Oakleaf Brown,51,DEEP ORANGE
Philamot,51,DEEP ORANGE
Philimot,51,DEEP ORANGE
Philomot,51,DEEP ORANGE
Phyliamort,51,DEEP ORANGE
Phyllamort,51,DEEP ORANGE
Punjab,51,DEEP ORANGE
Terra Cotta,51,DEEP ORANGE
Withered Leaf,51,DEEP ORANGE
Orange-Rufous,51,DEEP ORANGE
Xanthine Orange,51,DEEP ORANGE
Bittersweet gm....—,51,DEEP ORANGE
Burnt Orange,51,DEEP ORANGE
Orange Rust,51,DEEP ORANGE
Russett Orange,51,DEEP ORANGE
Brown Orange,51,DEEP ORANGE
Ochre,51,DEEP ORANGE
Orange,51,DEEP ORANGE
Orange,51,DEEP ORANGE
Orange Brown,51,DEEP ORANGE
Orange Vermilion,51,DEEP ORANGE
Red Brown,51,DEEP ORANGE
Senatus,51,DEEP ORANGE
Apricot,52,LIGHT ORANGE
Cowslip,52,LIGHT ORANGE
Golden Apricot,52,LIGHT ORANGE
Prairie Sunset,52,LIGHT ORANGE
Talisman,52,LIGHT ORANGE
Orange-Pink,52,LIGHT ORANGE
Salmon Color,52,LIGHT ORANGE
Apricot,52,LIGHT ORANGE
Buff,52,LIGHT ORANGE
Orange,52,LIGHT ORANGE
Orange,52,LIGHT ORANGE
Orange Yellow,52,LIGHT ORANGE
Peach,52,LIGHT ORANGE
Persicinus,52,LIGHT ORANGE
Reddish Yellow,52,LIGHT ORANGE
Salmon,52,LIGHT ORANGE
Salmoneus,52,LIGHT ORANGE
Yellow,52,LIGHT ORANGE
Apricot,53,MODERATE ORANGE
Aurora Yellow,53,MODERATE ORANGE
Bronze Yellow,53,MODERATE ORANGE
Brown Ochre,53,MODERATE ORANGE
Cadmium Yellow,53,MODERATE ORANGE
Capucine Lake,53,MODERATE ORANGE
Capucine Madder,53,MODERATE ORANGE
Capucine Orange _ 918,53,MODERATE ORANGE
Capucine Yellow,53,MODERATE ORANGE
Carrot Red,53,MODERATE ORANGE
Ceres,53,MODERATE ORANGE
Cowslip,53,MODERATE ORANGE
Croceus,53,MODERATE ORANGE
Crocreal,53,MODERATE ORANGE
Crocus,53,MODERATE ORANGE
Daffodil Yellow,53,MODERATE ORANGE
Damonico,53,MODERATE ORANGE
Danag,53,MODERATE ORANGE
Doubloon,53,MODERATE ORANGE
Flesh Ochre,53,MODERATE ORANGE
Formosa,53,MODERATE ORANGE
Genista,53,MODERATE ORANGE
Golden Ochre,53,MODERATE ORANGE
Gold Leaf,53,MODERATE ORANGE
Gold Ochre,53,MODERATE ORANGE
Honeydew,53,MODERATE ORANGE
Iron Yellow,53,MODERATE ORANGE
Jaffa Orange,53,MODERATE ORANGE
Japan Rose,53,MODERATE ORANGE
Kyoto,53,MODERATE ORANGE
Mars Yellow,53,MODERATE ORANGE
Mikado Orange,53,MODERATE ORANGE
Mirabelle,53,MODERATE ORANGE
Monicon,53,MODERATE ORANGE
Moresco,53,MODERATE ORANGE
Muskmelon,53,MODERATE ORANGE
Nasturtium {Yellow),53,MODERATE ORANGE
Nugget,53,MODERATE ORANGE
Onion-skin Pink,53,MODERATE ORANGE
Orient Yellow,53,MODERATE ORANGE
Persian Orange,53,MODERATE ORANGE
Pheasant,53,MODERATE ORANGE
Radiant Yellow,53,MODERATE ORANGE
Roman Earth,53,MODERATE ORANGE
Roman Ochre,53,MODERATE ORANGE
Rufous,53,MODERATE ORANGE
Safaran,53,MODERATE ORANGE
Saffron Yellow,53,MODERATE ORANGE
Saratoga,53,MODERATE ORANGE
Sea Shell,53,MODERATE ORANGE
Seville Orange,53,MODERATE ORANGE
Siderin Yellow,53,MODERATE ORANGE
Sunburst,53,MODERATE ORANGE
Sun kiss,53,MODERATE ORANGE
Sunrise Yellow,53,MODERATE ORANGE
Testaceous,53,MODERATE ORANGE
Trianon,53,MODERATE ORANGE
Zinc Orange,53,MODERATE ORANGE
Apricot Tan,53,MODERATE ORANGE
Bronze Pink __ 261 RO 3-e,53,MODERATE ORANGE
Clivia,53,MODERATE ORANGE
Golden Apricot,53,MODERATE ORANGE
Golden Tan,53,MODERATE ORANGE
King’s Ransom,53,MODERATE ORANGE
Pumpkin,53,MODERATE ORANGE
Talisman _ 253 RO 2-e,53,MODERATE ORANGE
Topaz Amber,53,MODERATE ORANGE
Apricot Buff,53,MODERATE ORANGE
Apricot Orange,53,MODERATE ORANGE
Bittersweet Pink,53,MODERATE ORANGE
Capucine Orange . Ill 13d,53,MODERATE ORANGE
Flesh-Ocher,53,MODERATE ORANGE
Light Salmon-Orange,53,MODERATE ORANGE
Ochraceous-Salmon,53,MODERATE ORANGE
Onion-skin Pink,53,MODERATE ORANGE
Orange-Cinnamon,53,MODERATE ORANGE
Salmon Color,53,MODERATE ORANGE
Zinc Orange,53,MODERATE ORANGE
Apricot,53,MODERATE ORANGE
Bright Peach,53,MODERATE ORANGE
Burnt Orange,53,MODERATE ORANGE
Copper,53,MODERATE ORANGE
Dusty Orange,53,MODERATE ORANGE
Light Orange,53,MODERATE ORANGE
Pastel Orange,53,MODERATE ORANGE
Persimmon,53,MODERATE ORANGE
Salmon,53,MODERATE ORANGE
Suntan cm,53,MODERATE ORANGE
Apricot,53,MODERATE ORANGE
Honeydew,53,MODERATE ORANGE
Armeniacus,53,MODERATE ORANGE
Brown Orange,53,MODERATE ORANGE
Buff (TC),53,MODERATE ORANGE
Buff,53,MODERATE ORANGE
Carrot Red,53,MODERATE ORANGE
Cinnamomeus,53,MODERATE ORANGE
Croceus,53,MODERATE ORANGE
Deep Orange,53,MODERATE ORANGE
Light Red,53,MODERATE ORANGE
Majolica Yellow,53,MODERATE ORANGE
Ochraceus,53,MODERATE ORANGE
Ochre,53,MODERATE ORANGE
Orange,53,MODERATE ORANGE
Orange,53,MODERATE ORANGE
Orange Brown,53,MODERATE ORANGE
Pale Brown,53,MODERATE ORANGE
Persicinus,53,MODERATE ORANGE
Red Brown,53,MODERATE ORANGE
Reddish Yellow,53,MODERATE ORANGE
Salmoneus,53,MODERATE ORANGE
Testaceus,53,MODERATE ORANGE
Yellow,53,MODERATE ORANGE
Yellow Brown,53,MODERATE ORANGE
Yellow Buff,53,MODERATE ORANGE
Yellow Orange,53,MODERATE ORANGE
Adust,54,BROWNISH ORANGE
Algonquin,54,BROWNISH ORANGE
Amber Brown,54,BROWNISH ORANGE
Amberglow,54,BROWNISH ORANGE
Autumn Leaf,54,BROWNISH ORANGE
Burma,54,BROWNISH ORANGE
Caramel,54,BROWNISH ORANGE
Cathay,54,BROWNISH ORANGE
Chinese Gold.—,54,BROWNISH ORANGE
Clay Bank,54,BROWNISH ORANGE
Creole,54,BROWNISH ORANGE
Dead Leaf,54,BROWNISH ORANGE
Eldorado,54,BROWNISH ORANGE
Feuille Morte,54,BROWNISH ORANGE
Feulamort,54,BROWNISH ORANGE
Fieulamort,54,BROWNISH ORANGE
Filemot,54,BROWNISH ORANGE
Fillemot,54,BROWNISH ORANGE
Foliage Brown,54,BROWNISH ORANGE
Folimort,54,BROWNISH ORANGE
French Yellow,54,BROWNISH ORANGE
Giraffe,54,BROWNISH ORANGE
Gold Pheasant,54,BROWNISH ORANGE
Harvest,54,BROWNISH ORANGE
Indian,54,BROWNISH ORANGE
Italian Ochre,54,BROWNISH ORANGE
Leather,54,BROWNISH ORANGE
Leather Lake,54,BROWNISH ORANGE
Mango,54,BROWNISH ORANGE
Martinique,54,BROWNISH ORANGE
Mast Colour,54,BROWNISH ORANGE
Maya,54,BROWNISH ORANGE
Mexican,54,BROWNISH ORANGE
Mexican Red,54,BROWNISH ORANGE
Oakleaf Brown,54,BROWNISH ORANGE
Ochre de Ru,54,BROWNISH ORANGE
Oker de Luce,54,BROWNISH ORANGE
Oker de Luke,54,BROWNISH ORANGE
Oker de Rouse,54,BROWNISH ORANGE
Oriole,54,BROWNISH ORANGE
Paloma,54,BROWNISH ORANGE
Pekinese,54,BROWNISH ORANGE
Peruvian Brown,54,BROWNISH ORANGE
Philamot,54,BROWNISH ORANGE
Philimot,54,BROWNISH ORANGE
Philomot,54,BROWNISH ORANGE
Phyliamort,54,BROWNISH ORANGE
Phyllamort,54,BROWNISH ORANGE
Platina Yellow,54,BROWNISH ORANGE
Prairie Brown,54,BROWNISH ORANGE
Prussian Brown,54,BROWNISH ORANGE
Punjab,54,BROWNISH ORANGE
Raw Italian Earth,54,BROWNISH ORANGE
Raw Sienna,54,BROWNISH ORANGE
Rose Amber,54,BROWNISH ORANGE
Ru Ochre,54,BROWNISH ORANGE
Rut Ochre,54,BROWNISH ORANGE
Sanford’s Brown,54,BROWNISH ORANGE
Sayal Brown,54,BROWNISH ORANGE
Sonora,54,BROWNISH ORANGE
Sorrel,54,BROWNISH ORANGE
Spa-Tan,54,BROWNISH ORANGE
Spice,54,BROWNISH ORANGE
Spruce Ochre,54,BROWNISH ORANGE
Sunstone,54,BROWNISH ORANGE
Talavera,54,BROWNISH ORANGE
Tan,54,BROWNISH ORANGE
Tawny,54,BROWNISH ORANGE
Terra Cotta,54,BROWNISH ORANGE
Terra Siena,54,BROWNISH ORANGE
Titian,54,BROWNISH ORANGE
Titian Gold,54,BROWNISH ORANGE
Transparent Gold Ochre,54,BROWNISH ORANGE
Wild Honey,54,BROWNISH ORANGE
Windsor Tan,54,BROWNISH ORANGE
Withered Leaf,54,BROWNISH ORANGE
Yucatan,54,BROWNISH ORANGE
Cinnamon,54,BROWNISH ORANGE
Copper Bronze,54,BROWNISH ORANGE
Spice,54,BROWNISH ORANGE
Cinnamon-Rufous,54,BROWNISH ORANGE
Tawny,54,BROWNISH ORANGE
Burnt Orange,54,BROWNISH ORANGE
Copper,54,BROWNISH ORANGE
Luggage Tan,54,BROWNISH ORANGE
Orange Rust,54,BROWNISH ORANGE
Persimmon,54,BROWNISH ORANGE
Terra Cotta,54,BROWNISH ORANGE
Gold Brown,54,BROWNISH ORANGE
Brown,54,BROWNISH ORANGE
Brown Orange,54,BROWNISH ORANGE
Fulvus,54,BROWNISH ORANGE
Light Brown,54,BROWNISH ORANGE
Orange,54,BROWNISH ORANGE
Orange Brown,54,BROWNISH ORANGE
Red,54,BROWNISH ORANGE
Red Brown,54,BROWNISH ORANGE
Yellow Brown,54,BROWNISH ORANGE
Yellow Red,54,BROWNISH ORANGE
Agate,55,STRONG BROWN
Alamo,55,STRONG BROWN
Arab [Brown],55,STRONG BROWN
Arabian Brown,55,STRONG BROWN
Armenian Red,55,STRONG BROWN
Autumn Leaf,55,STRONG BROWN
Bombay,55,STRONG BROWN
Briar,55,STRONG BROWN
Brick Red,55,STRONG BROWN
Brown Bread,55,STRONG BROWN
Cacao Brown,55,STRONG BROWN
Caledonian Brown,55,STRONG BROWN
Copper Brown,55,STRONG BROWN
Copper Lustre,55,STRONG BROWN
Crawshay Red,55,STRONG BROWN
Crowshay Red,55,STRONG BROWN
Dead Leaf,55,STRONG BROWN
English Red,55,STRONG BROWN
Ferruginous,55,STRONG BROWN
Feuille Morte,55,STRONG BROWN
Feulamorte,55,STRONG BROWN
fieulamort,55,STRONG BROWN
Filemot,55,STRONG BROWN
Fillemot,55,STRONG BROWN
Foliage Brown,55,STRONG BROWN
Folimort,55,STRONG BROWN
Forest of Dean Red,55,STRONG BROWN
Gingeline,55,STRONG BROWN
Gingeoline,55,STRONG BROWN
Ginger,55,STRONG BROWN
Gingerline,55,STRONG BROWN
Gingioline,55,STRONG BROWN
Gold Brown,55,STRONG BROWN
Golden Brown,55,STRONG BROWN
Gypsy,55,STRONG BROWN
Hathor,55,STRONG BROWN
Hispano,55,STRONG BROWN
Iron Oxide Red,55,STRONG BROWN
Jalapa,55,STRONG BROWN
Kaiser Brown,55,STRONG BROWN
Latericeous,55,STRONG BROWN
Lateritious,55,STRONG BROWN
Leather Lake,55,STRONG BROWN
Mexico,55,STRONG BROWN
Mineral Rouge,55,STRONG BROWN
Mosque,55,STRONG BROWN
Oak (Brown],55,STRONG BROWN
Oakleaf Brown,55,STRONG BROWN
Peach Blush,55,STRONG BROWN
Pencilwood,55,STRONG BROWN
Persimmon,55,STRONG BROWN
Philamot,55,STRONG BROWN
Philimot,55,STRONG BROWN
Philomot,55,STRONG BROWN
Phyliamort,55,STRONG BROWN
Phyllamort,55,STRONG BROWN
Red Oxide,55,STRONG BROWN
Rugby Tan,55,STRONG BROWN
Russett Brown,55,STRONG BROWN
Rust,55,STRONG BROWN
Saravan,55,STRONG BROWN
Sorolla Brown,55,STRONG BROWN
Spanish Red,55,STRONG BROWN
Sudan Brown,55,STRONG BROWN
Tarragona,55,STRONG BROWN
Tortoise,55,STRONG BROWN
Vassar Tan,55,STRONG BROWN
Withered Leaf,55,STRONG BROWN
Congo Brown. . 169 0 4-a,55,STRONG BROWN
Gypsy,55,STRONG BROWN
Sierra,55,STRONG BROWN
Amber Brown.Ill 13k,55,STRONG BROWN
Hazel,55,STRONG BROWN
Kaiser Brown,55,STRONG BROWN
Sanford’s Brown,55,STRONG BROWN
Sudan Brown..Ill 15k,55,STRONG BROWN
Brick Red,55,STRONG BROWN
Copper Brown,55,STRONG BROWN
Dark Luggage Tan,55,STRONG BROWN
Henna,55,STRONG BROWN
Light Brown,55,STRONG BROWN
Light Copper Brown,55,STRONG BROWN
Luggage Tang . 4ne,55,STRONG BROWN
Maple,55,STRONG BROWN
Oak Brown,55,STRONG BROWN
Russet,55,STRONG BROWN
Russet Brown,55,STRONG BROWN
Rust Brown,55,STRONG BROWN
Rust Tan,55,STRONG BROWN
Saddle Tan,55,STRONG BROWN
Terra Cotta g . 5pe,55,STRONG BROWN
Tile Red,55,STRONG BROWN
Gold Brown,55,STRONG BROWN
Brown,55,STRONG BROWN
Brown,55,STRONG BROWN
Dark Red,55,STRONG BROWN
Deep Brown,55,STRONG BROWN
Ferrugineus,55,STRONG BROWN
Orange Brown,55,STRONG BROWN
Red,55,STRONG BROWN
Strong Brown,55,STRONG BROWN
Umbrinus,55,STRONG BROWN
Yellow Brown,55,STRONG BROWN
Yellow Red,55,STRONG BROWN
Brown.1,56,DEEP BROWN
Brown Striping (N),56,DEEP BROWN
Metallic Brown (PC),56,DEEP BROWN
Alesan,57,LIGHT BROWN
Almond [Brown],57,LIGHT BROWN
Aloma,57,LIGHT BROWN
Amberglow,57,LIGHT BROWN
Army Brown,57,LIGHT BROWN
Avellaneous,57,LIGHT BROWN
Biscuit,57,LIGHT BROWN
Blush,57,LIGHT BROWN
Bran,57,LIGHT BROWN
Caf§-au-Lait,57,LIGHT BROWN
Caf6 CrSme,57,LIGHT BROWN
Caramel,57,LIGHT BROWN
Cinnamon,57,LIGHT BROWN
Cork,57,LIGHT BROWN
Cream Beige,57,LIGHT BROWN
Creole,57,LIGHT BROWN
Doe,57,LIGHT BROWN
Dogwood,57,LIGHT BROWN
Filbert [Brown],57,LIGHT BROWN
Formosa,57,LIGHT BROWN
French Beige,57,LIGHT BROWN
French Nude,57,LIGHT BROWN
Giraffe,57,LIGHT BROWN
Harvest,57,LIGHT BROWN
Hazel,57,LIGHT BROWN
Hazelnut,57,LIGHT BROWN
Hopi,57,LIGHT BROWN
India Spice,57,LIGHT BROWN
Italian Ochre,57,LIGHT BROWN
Josephine,57,LIGHT BROWN
Lariat,57,LIGHT BROWN
Longchamps,57,LIGHT BROWN
Mango,57,LIGHT BROWN
Martinique,57,LIGHT BROWN
Maya,57,LIGHT BROWN
Mayfair Tan,57,LIGHT BROWN
Merida,57,LIGHT BROWN
Mexican Red,57,LIGHT BROWN
Mindoro,57,LIGHT BROWN
Mosul,57,LIGHT BROWN
Muffin,57,LIGHT BROWN
Muscade,57,LIGHT BROWN
Noisette,57,LIGHT BROWN
Oakbuff,57,LIGHT BROWN
Old Pink,57,LIGHT BROWN
Onion-skin Pink,57,LIGHT BROWN
Pablo,57,LIGHT BROWN
Paloma,57,LIGHT BROWN
Papyrus,57,LIGHT BROWN
Pawnee,57,LIGHT BROWN
Pekinese,57,LIGHT BROWN
Peruvian Brown,57,LIGHT BROWN
Pheasant,57,LIGHT BROWN
Pigskin,57,LIGHT BROWN
Raw Italian Earth,57,LIGHT BROWN
Raw Sienna,57,LIGHT BROWN
Rosario,57,LIGHT BROWN
Rose Amber,57,LIGHT BROWN
Rose Beige 2,57,LIGHT BROWN
Rose Blush 2,57,LIGHT BROWN
Sandstone,57,LIGHT BROWN
Satinwood,57,LIGHT BROWN
Sauterne,57,LIGHT BROWN
Sayal Brown,57,LIGHT BROWN
Sea Shell,57,LIGHT BROWN
Sonora,57,LIGHT BROWN
Sorrel,57,LIGHT BROWN
Suede,57,LIGHT BROWN
Sunburn,57,LIGHT BROWN
Suntan,57,LIGHT BROWN
Tansan,57,LIGHT BROWN
Tawny,57,LIGHT BROWN
Tawny Birch,57,LIGHT BROWN
Terra Siena,57,LIGHT BROWN
Testaceous,57,LIGHT BROWN
Toast,57,LIGHT BROWN
Toasted Almond,57,LIGHT BROWN
Tuscan Tan,57,LIGHT BROWN
Wild Honey,57,LIGHT BROWN
Woodland Rose,57,LIGHT BROWN
Caramel,57,LIGHT BROWN
Cocoa Brown,57,LIGHT BROWN
French Beige,57,LIGHT BROWN
French Yellow,57,LIGHT BROWN
Grand Canyon,57,LIGHT BROWN
Paloma,57,LIGHT BROWN
Sandlewood,57,LIGHT BROWN
Spice,57,LIGHT BROWN
Walnut,57,LIGHT BROWN
Cinnamon,57,LIGHT BROWN
Fawn Color,57,LIGHT BROWN
Mikado Brown,57,LIGHT BROWN
Pecan Brown,57,LIGHT BROWN
Rood’s Brown,57,LIGHT BROWN
Sudan Brown __ Ill 15k,57,LIGHT BROWN
Cork Tan,57,LIGHT BROWN
Dark Luggage Tan,57,LIGHT BROWN
Light Brown,57,LIGHT BROWN
Light Spice Brown,57,LIGHT BROWN
Maple,57,LIGHT BROWN
Nude Tan g. .. .•,57,LIGHT BROWN
Rose Beige,57,LIGHT BROWN
Saddle Tan,57,LIGHT BROWN
Sandalwood,57,LIGHT BROWN
Toast Tan m .. .',57,LIGHT BROWN
Turf Tan,57,LIGHT BROWN
Burnished Straw,57,LIGHT BROWN
Cork,57,LIGHT BROWN
Rose Beige,57,LIGHT BROWN
Sandalwood,57,LIGHT BROWN
Bistre,57,LIGHT BROWN
Bistre Brown,57,LIGHT BROWN
Brown,57,LIGHT BROWN
Brown,57,LIGHT BROWN
Brown,57,LIGHT BROWN
Brown Orange,57,LIGHT BROWN
Cinnamomeus,57,LIGHT BROWN
Desert Sand (USA),57,LIGHT BROWN
Dull Orange,57,LIGHT BROWN
Hinnuleus,57,LIGHT BROWN
Latericius,57,LIGHT BROWN
Light Brown,57,LIGHT BROWN
Light Brown,57,LIGHT BROWN
Light Reddish Brown,57,LIGHT BROWN
Ochre,57,LIGHT BROWN
Orange Brown,57,LIGHT BROWN
Pale Brown,57,LIGHT BROWN
Red Brown,57,LIGHT BROWN
Reddish Brown,57,LIGHT BROWN
Testaceus,57,LIGHT BROWN
Umbrinus,57,LIGHT BROWN
Yellow,57,LIGHT BROWN
Yellow Brown,57,LIGHT BROWN
Algerian,58,MODERATE BROWN
Antique Brown,58,MODERATE BROWN
Apache,58,MODERATE BROWN
Arabian Brown,58,MODERATE BROWN
Argus Brown,58,MODERATE BROWN
Auburn,58,MODERATE BROWN
Autumn Blonde,58,MODERATE BROWN
Bay,58,MODERATE BROWN
Bombay,58,MODERATE BROWN
Briar,58,MODERATE BROWN
Brick Red,58,MODERATE BROWN
Brown Bread,58,MODERATE BROWN
Brown Sugar,58,MODERATE BROWN
Brussels Brown,58,MODERATE BROWN
Burel,58,MODERATE BROWN
Burnt Almond,58,MODERATE BROWN
Burnt Terra Verte,58,MODERATE BROWN
Burnt Umber,58,MODERATE BROWN
Butterscotch,58,MODERATE BROWN
Cacha,58,MODERATE BROWN
Cachou,58,MODERATE BROWN
Caf6 Creme,58,MODERATE BROWN
California Color,58,MODERATE BROWN
Cappagh,58,MODERATE BROWN
Cappah Brown,58,MODERATE BROWN
Caraibe,58,MODERATE BROWN
Carob Brown,58,MODERATE BROWN
Caroubier,58,MODERATE BROWN
Cartouche,58,MODERATE BROWN
Cashew,58,MODERATE BROWN
Cashew Lake,58,MODERATE BROWN
Cashoo,58,MODERATE BROWN
Cassel Brown,58,MODERATE BROWN
Cassel Earth,58,MODERATE BROWN
Cate,58,MODERATE BROWN
Catechu,58,MODERATE BROWN
Castile Earth,58,MODERATE BROWN
Cigarette,58,MODERATE BROWN
Cinnamon Brown,58,MODERATE BROWN
Circassian,58,MODERATE BROWN
Clove,58,MODERATE BROWN
Cochin,58,MODERATE BROWN
Cocoa,58,MODERATE BROWN
Cocoa Brown,58,MODERATE BROWN
Coconut Brown,58,MODERATE BROWN
Coffee,58,MODERATE BROWN
Cognac,58,MODERATE BROWN
Cologne Brown,58,MODERATE BROWN
Cologne Earth,58,MODERATE BROWN
Cookie,58,MODERATE BROWN
Cotch,58,MODERATE BROWN
Cowboy,58,MODERATE BROWN
Cullen Earth,58,MODERATE BROWN
Cutch,58,MODERATE BROWN
Dark Beaver,58,MODERATE BROWN
Dogwood,58,MODERATE BROWN
Durango,58,MODERATE BROWN
English Oak,58,MODERATE BROWN
Etruscan,58,MODERATE BROWN
Faon,58,MODERATE BROWN
Fawn [Brown],58,MODERATE BROWN
Feuille,58,MODERATE BROWN
Fudge,58,MODERATE BROWN
Gambia,58,MODERATE BROWN
Golden Chestnut,58,MODERATE BROWN
Gorevan,58,MODERATE BROWN
Grapenuts,58,MODERATE BROWN
India Tan,58,MODERATE BROWN
Japan Earth,58,MODERATE BROWN
Kis Kilim,58,MODERATE BROWN
Latericeous,58,MODERATE BROWN
Lateritious,58,MODERATE BROWN
Leather Brown,58,MODERATE BROWN
Malabar,58,MODERATE BROWN
Malay,58,MODERATE BROWN
Manchu,58,MODERATE BROWN
Manganese Brown,58,MODERATE BROWN
Marron Glac,58,MODERATE BROWN
Mars Brown,58,MODERATE BROWN
Mecca,58,MODERATE BROWN
Mehal,58,MODERATE BROWN
Mesa,58,MODERATE BROWN
Mikado Brown,58,MODERATE BROWN
Mineral Bister,58,MODERATE BROWN
Moccasin,58,MODERATE BROWN
Mocha Bisque,58,MODERATE BROWN
Mohawk,58,MODERATE BROWN
Mordor,58,MODERATE BROWN
Mort d'ore,58,MODERATE BROWN
Mosul,58,MODERATE BROWN
Mummy Brown,58,MODERATE BROWN
Muraille,58,MODERATE BROWN
Mustard Brown,58,MODERATE BROWN
New Bronze,58,MODERATE BROWN
Nutmeg,58,MODERATE BROWN
Oak [Brown],58,MODERATE BROWN
Oakwood,58,MODERATE BROWN
Pecan Brown,58,MODERATE BROWN
Pencilwood,58,MODERATE BROWN
Pigskin,58,MODERATE BROWN
Praline,58,MODERATE BROWN
Prout's Brown,58,MODERATE BROWN
Pueblo,58,MODERATE BROWN
Rangoon,58,MODERATE BROWN
Roman Sepia,58,MODERATE BROWN
Russet Brown,58,MODERATE BROWN
Russian Calf,58,MODERATE BROWN
Sahara,58,MODERATE BROWN
Sandalwood,58,MODERATE BROWN
Santos,58,MODERATE BROWN
Saravan,58,MODERATE BROWN
Seminole,58,MODERATE BROWN
Sherry (Brown],58,MODERATE BROWN
Siam,58,MODERATE BROWN
Sienna Brown,58,MODERATE BROWN
Stroller Tan,58,MODERATE BROWN
Sudan Brown,58,MODERATE BROWN
Suede,58,MODERATE BROWN
Tanbark,58,MODERATE BROWN
Teak [Brown],58,MODERATE BROWN
Terra Japonica,58,MODERATE BROWN
Terrapin,58,MODERATE BROWN
TortoiseShell,58,MODERATE BROWN
TrotteurTan,58,MODERATE BROWN
Tulip Wood,58,MODERATE BROWN
Turtle,58,MODERATE BROWN
Tuscan Brown,58,MODERATE BROWN
Vandyke Brown,58,MODERATE BROWN
Vassar Tan,58,MODERATE BROWN
Verona Brown,58,MODERATE BROWN
Wigwam,58,MODERATE BROWN
Witch wood,58,MODERATE BROWN
Zuni Brown,58,MODERATE BROWN
Prochere,58,MODERATE BROWN
Burnt Almond,58,MODERATE BROWN
Congo Brown ... 169 0 4-a,58,MODERATE BROWN
Earth Brown _ 177 0 5-a,58,MODERATE BROWN
Sable,58,MODERATE BROWN
Antique Brown... . Ill 17k,58,MODERATE BROWN
Argus Brown __ Ill 13m,58,MODERATE BROWN
Army Brown,58,MODERATE BROWN
Brussels Brown . Ill 15m,58,MODERATE BROWN
Cinnamon-Brown,58,MODERATE BROWN
Mars Brown,58,MODERATE BROWN
Prout’s Brown,58,MODERATE BROWN
Raw Umber,58,MODERATE BROWN
Rood’s Brown,58,MODERATE BROWN
Russet,58,MODERATE BROWN
Vandyke Brown,58,MODERATE BROWN
Verona Brown,58,MODERATE BROWN
Chestnut Brown,58,MODERATE BROWN
Cocoa Brown,58,MODERATE BROWN
Dark Spice Brown,58,MODERATE BROWN
Deep Brown,58,MODERATE BROWN
light Brown,58,MODERATE BROWN
Light Spice Brown,58,MODERATE BROWN
Maple,58,MODERATE BROWN
Oak Brown,58,MODERATE BROWN
Rosewood Brown,58,MODERATE BROWN
Russet Brown,58,MODERATE BROWN
Saddle Tan,58,MODERATE BROWN
Sandalwood,58,MODERATE BROWN
Spice Brown,58,MODERATE BROWN
Toast Tan,58,MODERATE BROWN
Autumn Brown,58,MODERATE BROWN
Brown (USA),58,MODERATE BROWN
Brown,58,MODERATE BROWN
Caramel Brown,58,MODERATE BROWN
Oakwood,58,MODERATE BROWN
Spicebrown,58,MODERATE BROWN
Toast Brown,58,MODERATE BROWN
Tobacco,58,MODERATE BROWN
Brown,58,MODERATE BROWN
Brown,58,MODERATE BROWN
Brown,58,MODERATE BROWN
Dark Brown,58,MODERATE BROWN
Dark Brown,58,MODERATE BROWN
Dark Reddish Brown,58,MODERATE BROWN
Deep Brown,58,MODERATE BROWN
Earth Red (USA),58,MODERATE BROWN
Hinnuleus,58,MODERATE BROWN
Latericius,58,MODERATE BROWN
Moderate Brown,58,MODERATE BROWN
Olive Brown,58,MODERATE BROWN
Orange Brown,58,MODERATE BROWN
Red Brown,58,MODERATE BROWN
Reddish Brown,58,MODERATE BROWN
Seal Brown (USA),58,MODERATE BROWN
Sepiaceus,58,MODERATE BROWN
Umbrinus,58,MODERATE BROWN
Argentina _ &L6,59,DARK BROWN
Art Brown,59,DARK BROWN
Domingo Brown,59,DARK BROWN
Java,59,DARK BROWN
Kolinsky,59,DARK BROWN
Leaf Mold,59,DARK BROWN
Maracaibo,59,DARK BROWN
Mirador,59,DARK BROWN
Nomad Brown,59,DARK BROWN
Weathered Oak,59,DARK BROWN
Chocolate Brown,59,DARK BROWN
Dark Brown,59,DARK BROWN
Dark Brown Mahogany,59,DARK BROWN
Dark Rose Brown,59,DARK BROWN
Dark Spice Brown,59,DARK BROWN
Deep Brown,59,DARK BROWN
Caramel Brown,59,DARK BROWN
Anti-Corrosive Brown,59,DARK BROWN
Brown,59,DARK BROWN
Brown,59,DARK BROWN
Dark Reddish Brown,59,DARK BROWN
Very Dark Brown,59,DARK BROWN
Alesan,60,LIGHT GRAYISH BROWN
Almond (Brown],60,LIGHT GRAYISH BROWN
Autumn Blonde,60,LIGHT GRAYISH BROWN
Biscuit,60,LIGHT GRAYISH BROWN
Buckskin,60,LIGHT GRAYISH BROWN
Burlwood,60,LIGHT GRAYISH BROWN
Caf6-au-lait,60,LIGHT GRAYISH BROWN
Cream Beige,60,LIGHT GRAYISH BROWN
Deauville Sand,60,LIGHT GRAYISH BROWN
Doe,60,LIGHT GRAYISH BROWN
Faon,60,LIGHT GRAYISH BROWN
Fawn (Brown],60,LIGHT GRAYISH BROWN
French Nude,60,LIGHT GRAYISH BROWN
Longchamps,60,LIGHT GRAYISH BROWN
Manon,60,LIGHT GRAYISH BROWN
Misty Morn,60,LIGHT GRAYISH BROWN
Nougat,60,LIGHT GRAYISH BROWN
Ormond,60,LIGHT GRAYISH BROWN
Pawnee,60,LIGHT GRAYISH BROWN
Pearlblush,60,LIGHT GRAYISH BROWN
Rosetan.. . 12 A5,60,LIGHT GRAYISH BROWN
Sandalwood,60,LIGHT GRAYISH BROWN
Sandstone,60,LIGHT GRAYISH BROWN
Seaside,60,LIGHT GRAYISH BROWN
Siennese Drab,60,LIGHT GRAYISH BROWN
Sorghum Brown,60,LIGHT GRAYISH BROWN
Stucco,60,LIGHT GRAYISH BROWN
Tawny Birch,60,LIGHT GRAYISH BROWN
Wood Rose,60,LIGHT GRAYISH BROWN
Benzo Brown,60,LIGHT GRAYISH BROWN
Brownish Drab,60,LIGHT GRAYISH BROWN
Cinnamon-Drab,60,LIGHT GRAYISH BROWN
Fawn Color,60,LIGHT GRAYISH BROWN
Light Brownish Drab,60,LIGHT GRAYISH BROWN
Light Cinnamon-Drab,60,LIGHT GRAYISH BROWN
Fawn,60,LIGHT GRAYISH BROWN
Light Fawn,60,LIGHT GRAYISH BROWN
Rose Beige,60,LIGHT GRAYISH BROWN
Beige,60,LIGHT GRAYISH BROWN
Bisque,60,LIGHT GRAYISH BROWN
Putty,60,LIGHT GRAYISH BROWN
Brown,60,LIGHT GRAYISH BROWN
Brown,60,LIGHT GRAYISH BROWN
Desert Sand (QM),60,LIGHT GRAYISH BROWN
Dull Brown,60,LIGHT GRAYISH BROWN
Griseo-Sepiaceus,60,LIGHT GRAYISH BROWN
Hinnuleus,60,LIGHT GRAYISH BROWN
Orange Brown,60,LIGHT GRAYISH BROWN
Pinkish Gray,60,LIGHT GRAYISH BROWN
Reddish Gray,60,LIGHT GRAYISH BROWN
Sand (AN),60,LIGHT GRAYISH BROWN
Subvinoso-Griseus,60,LIGHT GRAYISH BROWN
Vinoso-Griseus,60,LIGHT GRAYISH BROWN
Deep Brownish Drab,60,LIGHT GRAYISH BROWN
Natal Brown,60,LIGHT GRAYISH BROWN
Vandyke Brown,60,LIGHT GRAYISH BROWN
Warm SeDia,60,LIGHT GRAYISH BROWN
Beaver,60,LIGHT GRAYISH BROWN
Chocolate Brown,60,LIGHT GRAYISH BROWN
Dark Brown,60,LIGHT GRAYISH BROWN
Dark Rose Taupe,60,LIGHT GRAYISH BROWN
Dark Spice Brown,60,LIGHT GRAYISH BROWN
Deep Brown,60,LIGHT GRAYISH BROWN
Rose Taupe,60,LIGHT GRAYISH BROWN
Taupe Brown,60,LIGHT GRAYISH BROWN
Autumn Brown,60,LIGHT GRAYISH BROWN
Beaver,60,LIGHT GRAYISH BROWN
Ascot Tan,61,GRAYISH BROWN
Autumn Blonde,61,GRAYISH BROWN
Beach Tan,61,GRAYISH BROWN
Beechnut,61,GRAYISH BROWN
Bister,61,GRAYISH BROWN
Bistre,61,GRAYISH BROWN
Brown Bay,61,GRAYISH BROWN
Brownstone,61,GRAYISH BROWN
Brown Stone,61,GRAYISH BROWN
Brown Sugar,61,GRAYISH BROWN
Brushwood,61,GRAYISH BROWN
Brussels Brown,61,GRAYISH BROWN
Caraibe,61,GRAYISH BROWN
Cashew Nut,61,GRAYISH BROWN
Castaneous,61,GRAYISH BROWN
Chestnut,61,GRAYISH BROWN
Chicle,61,GRAYISH BROWN
Chukker Brown,61,GRAYISH BROWN
Coconut,61,GRAYISH BROWN
Cowboy,61,GRAYISH BROWN
Dark Beaver,61,GRAYISH BROWN
Faon,61,GRAYISH BROWN
Fawn [Brown],61,GRAYISH BROWN
Friar,61,GRAYISH BROWN
Gazelle [Brown],61,GRAYISH BROWN
Gold Bronze,61,GRAYISH BROWN
Grouse,61,GRAYISH BROWN
Kermanshah,61,GRAYISH BROWN
Madrid,61,GRAYISH BROWN
Mandalay,61,GRAYISH BROWN
Marocain,61,GRAYISH BROWN
Marone,61,GRAYISH BROWN
Marron,61,GRAYISH BROWN
Marrone,61,GRAYISH BROWN
Mummy Brown,61,GRAYISH BROWN
Natal Brown,61,GRAYISH BROWN
New Bronze,61,GRAYISH BROWN
New Cocoa,61,GRAYISH BROWN
Nutmeg,61,GRAYISH BROWN
Pilgrim Brown,61,GRAYISH BROWN
Pinecone,61,GRAYISH BROWN
Pony Brown,61,GRAYISH BROWN
Praline,61,GRAYISH BROWN
Prout's Brown,61,GRAYISH BROWN
Racquet,61,GRAYISH BROWN
Saddle,61,GRAYISH BROWN
Sandalwood,61,GRAYISH BROWN
Santos,61,GRAYISH BROWN
Sarouk,61,GRAYISH BROWN
Sedge,61,GRAYISH BROWN
Siam,61,GRAYISH BROWN
Soapstone,61,GRAYISH BROWN
Soot Brown,61,GRAYISH BROWN
Tamarack,61,GRAYISH BROWN
Teakwood,61,GRAYISH BROWN
Vienna Brown,61,GRAYISH BROWN
Warm Sepia,61,GRAYISH BROWN
Winter Leaf,61,GRAYISH BROWN
Nubian Brown,61,GRAYISH BROWN
Army Brown,61,GRAYISH BROWN
Benzo Brown,61,GRAYISH BROWN
Bone Brown,61,GRAYISH BROWN
Black Brown,61,GRAYISH BROWN
Brown,61,GRAYISH BROWN
Brown,61,GRAYISH BROWN
Brunneo-Vinosus,61,GRAYISH BROWN
Canyon Brown (QM),61,GRAYISH BROWN
Dark Brown,61,GRAYISH BROWN
Dark Brown,61,GRAYISH BROWN
Dark Reddish Brown,61,GRAYISH BROWN
Dark Reddish Gray,61,GRAYISH BROWN
Dull Brown,61,GRAYISH BROWN
Earth Brown (USA),61,GRAYISH BROWN
Grayish Brown,61,GRAYISH BROWN
Griseo-Sepiaceus,61,GRAYISH BROWN
Hinnuleus,61,GRAYISH BROWN
Latericius,61,GRAYISH BROWN
Sepiaceus,61,GRAYISH BROWN
Umber Brown,61,GRAYISH BROWN
Vinoso-Griseus,61,GRAYISH BROWN
Afghan,62,DARK GRAYISH BROWN
African Brown,62,DARK GRAYISH BROWN
Amelie,62,DARK GRAYISH BROWN
Armada,62,DARK GRAYISH BROWN
Briarwood,62,DARK GRAYISH BROWN
Chippendale,62,DARK GRAYISH BROWN
Chocolate,62,DARK GRAYISH BROWN
Chocolate Brown,62,DARK GRAYISH BROWN
Falcon,62,DARK GRAYISH BROWN
Friar,62,DARK GRAYISH BROWN
Galleon,62,DARK GRAYISH BROWN
Granada,62,DARK GRAYISH BROWN
Hindu,62,DARK GRAYISH BROWN
Horsechestnut,62,DARK GRAYISH BROWN
Java Brown,62,DARK GRAYISH BROWN
Liberia,62,DARK GRAYISH BROWN
Mandalay,62,DARK GRAYISH BROWN
Montella,62,DARK GRAYISH BROWN
Morocco,62,DARK GRAYISH BROWN
Morro,62,DARK GRAYISH BROWN
Muskrat,62,DARK GRAYISH BROWN
Norfolk,62,DARK GRAYISH BROWN
Pilgrim Brown,62,DARK GRAYISH BROWN
Rembrandt,62,DARK GRAYISH BROWN
Solitaire,62,DARK GRAYISH BROWN
Charcoal,62,DARK GRAYISH BROWN
Nomad Brown,62,DARK GRAYISH BROWN
Blackish Brown (3),62,DARK GRAYISH BROWN
Chocolate,62,DARK GRAYISH BROWN
Chocolate Brown,62,DARK GRAYISH BROWN
Dark Brown,62,DARK GRAYISH BROWN
African Brown . 700%,62,DARK GRAYISH BROWN
Seal,62,DARK GRAYISH BROWN
Black,62,DARK GRAYISH BROWN
Black Brown,62,DARK GRAYISH BROWN
Brownish Black,62,DARK GRAYISH BROWN
Dark Reddish Brown,62,DARK GRAYISH BROWN
Dull Brown.. . A jp,62,DARK GRAYISH BROWN
Dusky Brown,62,DARK GRAYISH BROWN
Fusco-Niger,62,DARK GRAYISH BROWN
(MA),62,DARK GRAYISH BROWN
Reddish Black,62,DARK GRAYISH BROWN
Very Dark Brown,62,DARK GRAYISH BROWN
Daytona,63,LIGHT BROWNISH GRAY
Ormond,63,LIGHT BROWNISH GRAY
Sandrift,63,LIGHT BROWNISH GRAY
Sandy-Beige,63,LIGHT BROWNISH GRAY
Seaside,63,LIGHT BROWNISH GRAY
Deep Twilight,63,LIGHT BROWNISH GRAY
Gray Morn,63,LIGHT BROWNISH GRAY
Peach Sand,63,LIGHT BROWNISH GRAY
Quail,63,LIGHT BROWNISH GRAY
Sandrift,63,LIGHT BROWNISH GRAY
Light Mouse Gray,63,LIGHT BROWNISH GRAY
Mouse Gray,63,LIGHT BROWNISH GRAY
Pale Mouse Gray,63,LIGHT BROWNISH GRAY
Ashes,63,LIGHT BROWNISH GRAY
Silver Gray,63,LIGHT BROWNISH GRAY
Putty,63,LIGHT BROWNISH GRAY
Bistre,63,LIGHT BROWNISH GRAY
Bistre Brown,63,LIGHT BROWNISH GRAY
Black Brown,63,LIGHT BROWNISH GRAY
Brown,63,LIGHT BROWNISH GRAY
Brownish Gray,63,LIGHT BROWNISH GRAY
Dark Brown,63,LIGHT BROWNISH GRAY
Gray,63,LIGHT BROWNISH GRAY
Gray Black,63,LIGHT BROWNISH GRAY
Gray Brown,63,LIGHT BROWNISH GRAY
Gray Lilac,63,LIGHT BROWNISH GRAY
Light Brownish Gray,63,LIGHT BROWNISH GRAY
Light Gray,63,LIGHT BROWNISH GRAY
Light Olive Gray,63,LIGHT BROWNISH GRAY
Lilac Brown,63,LIGHT BROWNISH GRAY
Olive Brown,63,LIGHT BROWNISH GRAY
Reddish Gray,63,LIGHT BROWNISH GRAY
Sepia,63,LIGHT BROWNISH GRAY
Submurinus,63,LIGHT BROWNISH GRAY
Rose Grey,63,LIGHT BROWNISH GRAY
Sakkara,63,LIGHT BROWNISH GRAY
Sparrow,63,LIGHT BROWNISH GRAY
Starling,63,LIGHT BROWNISH GRAY
Taupe,63,LIGHT BROWNISH GRAY
Wild Dove Grey,63,LIGHT BROWNISH GRAY
Wild P’geon,63,LIGHT BROWNISH GRAY
Falcon,63,LIGHT BROWNISH GRAY
Gun Metal,63,LIGHT BROWNISH GRAY
Blackish Brown (3),63,LIGHT BROWNISH GRAY
Blackish Mouse Gray,63,LIGHT BROWNISH GRAY
Bone Brown,63,LIGHT BROWNISH GRAY
Chaetura Drab,63,LIGHT BROWNISH GRAY
Dark Mouse Gray,63,LIGHT BROWNISH GRAY
Deep Mouse Gray,63,LIGHT BROWNISH GRAY
Dusky Drab,63,LIGHT BROWNISH GRAY
Fuscous,63,LIGHT BROWNISH GRAY
Fuscous-Black,63,LIGHT BROWNISH GRAY
Hair Brown,63,LIGHT BROWNISH GRAY
Chocolate,63,LIGHT BROWNISH GRAY
Chocolate Brown,63,LIGHT BROWNISH GRAY
Dark Brown,63,LIGHT BROWNISH GRAY
Dark Brown Mahogany,63,LIGHT BROWNISH GRAY
Dark Rose Taupe,63,LIGHT BROWNISH GRAY
Taupe Brown,63,LIGHT BROWNISH GRAY
African Brown,63,LIGHT BROWNISH GRAY
Castor,63,LIGHT BROWNISH GRAY
Taupe,63,LIGHT BROWNISH GRAY
Atromurinus,63,LIGHT BROWNISH GRAY
Black Brown,63,LIGHT BROWNISH GRAY
Brown,63,LIGHT BROWNISH GRAY
Brown-Black,63,LIGHT BROWNISH GRAY
Brownish Gray,63,LIGHT BROWNISH GRAY
Brownish Gray,63,LIGHT BROWNISH GRAY
Brunneo-Vinosus,63,LIGHT BROWNISH GRAY
Dark Brown,63,LIGHT BROWNISH GRAY
Dark Gray,63,LIGHT BROWNISH GRAY
Dark Reddish Gray,63,LIGHT BROWNISH GRAY
Fusco-Niger,63,LIGHT BROWNISH GRAY
Fuscus,63,LIGHT BROWNISH GRAY
Griseo-Sepiaceus,63,LIGHT BROWNISH GRAY
Murinus,63,LIGHT BROWNISH GRAY
Niger,63,LIGHT BROWNISH GRAY
Very Dark Gray,63,LIGHT BROWNISH GRAY
Argali,64,BROWNISH GRAY
Beaver,64,BROWNISH GRAY
Bonito,64,BROWNISH GRAY
Boulevard,64,BROWNISH GRAY
Broccoli Brown,64,BROWNISH GRAY
Bronze Brown,64,BROWNISH GRAY
Camel,64,BROWNISH GRAY
Castor,64,BROWNISH GRAY
Clove Brown,64,BROWNISH GRAY
Eagle,64,BROWNISH GRAY
Elephant Skin,64,BROWNISH GRAY
Fuscous,64,BROWNISH GRAY
Goat,64,BROWNISH GRAY
Grey 31,64,BROWNISH GRAY
Hair Brown,64,BROWNISH GRAY
Limestone,64,BROWNISH GRAY
Loam,64,BROWNISH GRAY
Log Cabin,64,BROWNISH GRAY
Mouse-dun,64,BROWNISH GRAY
Mouse [Grey],64,BROWNISH GRAY
Murinus,64,BROWNISH GRAY
Mushroom,64,BROWNISH GRAY
Owl,64,BROWNISH GRAY
Pampas,64,BROWNISH GRAY
Pelt,64,BROWNISH GRAY
Plover,64,BROWNISH GRAY
Quail,64,BROWNISH GRAY
Rabbit,64,BROWNISH GRAY
Chocolate Brown,64,BROWNISH GRAY
Black,64,BROWNISH GRAY
Brownish Black,64,BROWNISH GRAY
Reddish Black,64,BROWNISH GRAY
Bright Marigold,66,VIVID ORANGE YELLOW
Bright Yellow,66,VIVID ORANGE YELLOW
Sunflower,66,VIVID ORANGE YELLOW
Bright Reddish Yellow,66,VIVID ORANGE YELLOW
Bright Yellowish Orange,66,VIVID ORANGE YELLOW
Chrome Yellow (PC),66,VIVID ORANGE YELLOW
National School Bus,66,VIVID ORANGE YELLOW
Chrome,66,VIVID ORANGE YELLOW
Orange,66,VIVID ORANGE YELLOW
Orange Yellow (AN),66,VIVID ORANGE YELLOW
Yellow (BuOrd),66,VIVID ORANGE YELLOW
Yellow (FS),66,VIVID ORANGE YELLOW
Yellow (MA),66,VIVID ORANGE YELLOW
Yellow Striping (N),66,VIVID ORANGE YELLOW
Yellow (PR),66,VIVID ORANGE YELLOW
Yellow (USA),66,VIVID ORANGE YELLOW
Yellow,66,VIVID ORANGE YELLOW
Nasturtium,67,BRILLIANT ORANGE
Bright Yellow,67,BRILLIANT ORANGE
Indian Yellow,67,BRILLIANT ORANGE
Maize Yellow,67,BRILLIANT ORANGE
Ochre,67,BRILLIANT ORANGE
Orange,67,BRILLIANT ORANGE
Orange Yellow,67,BRILLIANT ORANGE
Reddish Yellow,67,BRILLIANT ORANGE
Yellow,67,BRILLIANT ORANGE
Yellowish Orange,67,BRILLIANT ORANGE
Andrinople Berries,68,STRONG ORANGE YELLOW
Aurora Yellow,68,STRONG ORANGE YELLOW
Avignon Berries,68,STRONG ORANGE YELLOW
Buckthorn Berries,68,STRONG ORANGE YELLOW
Cadmium Yellow,68,STRONG ORANGE YELLOW
Daffodil Yellow,68,STRONG ORANGE YELLOW
Dutch Orange,68,STRONG ORANGE YELLOW
Florida Gold,68,STRONG ORANGE YELLOW
French Berries,68,STRONG ORANGE YELLOW
Gild,68,STRONG ORANGE YELLOW
Gilded,68,STRONG ORANGE YELLOW
Gilt,68,STRONG ORANGE YELLOW
Golden Yellow,68,STRONG ORANGE YELLOW
Gold Yellow,68,STRONG ORANGE YELLOW
Indian Yellow,68,STRONG ORANGE YELLOW
Morea Berries,68,STRONG ORANGE YELLOW
Nasturtium [Yellow],68,STRONG ORANGE YELLOW
Orient Yellow,68,STRONG ORANGE YELLOW
Orpiment Red,68,STRONG ORANGE YELLOW
Piuree,68,STRONG ORANGE YELLOW
Piuri,68,STRONG ORANGE YELLOW
Purrea Arabica,68,STRONG ORANGE YELLOW
Purree,68,STRONG ORANGE YELLOW
Radiant Yellow,68,STRONG ORANGE YELLOW
Realgar,68,STRONG ORANGE YELLOW
Risigal,68,STRONG ORANGE YELLOW
Rosalgar,68,STRONG ORANGE YELLOW
Ruby of Arsenic,68,STRONG ORANGE YELLOW
Sandarach,68,STRONG ORANGE YELLOW
Sandaracha,68,STRONG ORANGE YELLOW
Snowshoe,68,STRONG ORANGE YELLOW
Spanish Yellow,68,STRONG ORANGE YELLOW
Ta-Ming,68,STRONG ORANGE YELLOW
Venice Berries,68,STRONG ORANGE YELLOW
Yellow Berries,68,STRONG ORANGE YELLOW
Yellow Carmine,68,STRONG ORANGE YELLOW
California Poppy,68,STRONG ORANGE YELLOW
Old Gold,68,STRONG ORANGE YELLOW
Cadmium Yellow . Ill 17,68,STRONG ORANGE YELLOW
Capucine Yellow . Ill 15b,68,STRONG ORANGE YELLOW
Deep Chrome .. Ill 17b,68,STRONG ORANGE YELLOW
Bright Maize,68,STRONG ORANGE YELLOW
Bright Marigold,68,STRONG ORANGE YELLOW
Bright Melon Yellow,68,STRONG ORANGE YELLOW
Bright Yellow,68,STRONG ORANGE YELLOW
Marigold,68,STRONG ORANGE YELLOW
Nasturtium Yellow,68,STRONG ORANGE YELLOW
Sunflower,68,STRONG ORANGE YELLOW
Spanish Yellow,68,STRONG ORANGE YELLOW
Yellow (USA),68,STRONG ORANGE YELLOW
Apricot,68,STRONG ORANGE YELLOW
Aurantiacus,68,STRONG ORANGE YELLOW
Majolica Yellow,68,STRONG ORANGE YELLOW
Ochraceus,68,STRONG ORANGE YELLOW
Orange,68,STRONG ORANGE YELLOW
Orange Yellow (AN),68,STRONG ORANGE YELLOW
Orange Yellow,68,STRONG ORANGE YELLOW
Reddish Yellow,68,STRONG ORANGE YELLOW
Saffron Yellow,68,STRONG ORANGE YELLOW
Yellow (BuOrd),68,STRONG ORANGE YELLOW
Yellow (FS),68,STRONG ORANGE YELLOW
Yellow (MA),68,STRONG ORANGE YELLOW
Yellow (USA),68,STRONG ORANGE YELLOW
Yellow Striping (N),68,STRONG ORANGE YELLOW
Yellow,68,STRONG ORANGE YELLOW
Yellow Ochre,68,STRONG ORANGE YELLOW
Yellowish Orange,68,STRONG ORANGE YELLOW
Mars Yellow . Ill 15i,69,DEEP ORANGE YELLOW
Ochraceous-Orange,69,DEEP ORANGE YELLOW
Amber,69,DEEP ORANGE YELLOW
Ochraceus,69,DEEP ORANGE YELLOW
Olive Bistre,69,DEEP ORANGE YELLOW
Orange,69,DEEP ORANGE YELLOW
"Orange Yellow ..,",69,DEEP ORANGE YELLOW
Reddish Yellow,69,DEEP ORANGE YELLOW
Senatus,69,DEEP ORANGE YELLOW
Yellow,69,DEEP ORANGE YELLOW
Yellowish Orange,69,DEEP ORANGE YELLOW
Jonquil [Yellow],70,LIGHT ORANGE YELLOW
Apricot Sherbet,70,LIGHT ORANGE YELLOW
Blush Yellow,70,LIGHT ORANGE YELLOW
Sunburst,70,LIGHT ORANGE YELLOW
Zinnia Gold,70,LIGHT ORANGE YELLOW
Capucine Buff .. 111 13f,70,LIGHT ORANGE YELLOW
Pale Orange-Yellow. . Ill 17f,70,LIGHT ORANGE YELLOW
Melon Yellow,70,LIGHT ORANGE YELLOW
Bright Yellow,70,LIGHT ORANGE YELLOW
Croceus,70,LIGHT ORANGE YELLOW
Dull Buff,70,LIGHT ORANGE YELLOW
Dull Yellow,70,LIGHT ORANGE YELLOW
Egyptian Buff,70,LIGHT ORANGE YELLOW
Indian Yellow,70,LIGHT ORANGE YELLOW
Luteolus,70,LIGHT ORANGE YELLOW
Maize Yellow,70,LIGHT ORANGE YELLOW
Orange,70,LIGHT ORANGE YELLOW
Orange Buff,70,LIGHT ORANGE YELLOW
Orange Yellow,70,LIGHT ORANGE YELLOW
Reddish Yellow,70,LIGHT ORANGE YELLOW
Reddish Yellow,70,LIGHT ORANGE YELLOW
Yellow,70,LIGHT ORANGE YELLOW
Yellow,70,LIGHT ORANGE YELLOW
Yellowish Orange,70,LIGHT ORANGE YELLOW
Andrinople Berries,71,MODERATE ORANGE
Antimony Yellow,71,MODERATE ORANGE
Aurora Yellow,71,MODERATE ORANGE
Auteuil,71,MODERATE ORANGE
Avignon Berries,71,MODERATE ORANGE
Buckthorn Berries,71,MODERATE ORANGE
Buff,71,MODERATE ORANGE
Bright Yellow,71,MODERATE ORANGE
Brown Orange,71,MODERATE ORANGE
Chrome Yellow (PC),71,MODERATE ORANGE
Luteus,71,MODERATE ORANGE
Maize Yellow,71,MODERATE ORANGE
Cadmium Yellow,71,MODERATE ORANGE
Cavalry,71,MODERATE ORANGE
Chinese Yellow,71,MODERATE ORANGE
Chinese Yellow,71,MODERATE ORANGE
Croceus,71,MODERATE ORANGE
Crocreal,71,MODERATE ORANGE
Crocus,71,MODERATE ORANGE
Daffodile [Yellow],71,MODERATE ORANGE
Daffodil Yellow,71,MODERATE ORANGE
Deep Chrome Yellow,71,MODERATE ORANGE
Di PaHto,71,MODERATE ORANGE
Dutch Orange,71,MODERATE ORANGE
English Ochre,71,MODERATE ORANGE
Florida Gold,71,MODERATE ORANGE
Forsythia,71,MODERATE ORANGE
French Berries,71,MODERATE ORANGE
French Ochre,71,MODERATE ORANGE
Gild,71,MODERATE ORANGE
Gilded,71,MODERATE ORANGE
Gilt,71,MODERATE ORANGE
Gold Earth,71,MODERATE ORANGE
Golden Corn,71,MODERATE ORANGE
Golden Glow,71,MODERATE ORANGE
Golden Wheat,71,MODERATE ORANGE
Golden Yellow,71,MODERATE ORANGE
Gold Yellow,71,MODERATE ORANGE
Imperial Yellow,71,MODERATE ORANGE
Inca Gold,71,MODERATE ORANGE
Indian Yellow,71,MODERATE ORANGE
Italian Lake,71,MODERATE ORANGE
Jonquil [Yellow],71,MODERATE ORANGE
Maise,71,MODERATE ORANGE
Mellowglow,71,MODERATE ORANGE
Mineral Yellow,71,MODERATE ORANGE
Mirabelle,71,MODERATE ORANGE
Morea Berries,71,MODERATE ORANGE
Mountain Yellow,71,MODERATE ORANGE
Nasturtium [Yellow],71,MODERATE ORANGE
Ochraceous,71,MODERATE ORANGE
Ochre,71,MODERATE ORANGE
Orient Yellow,71,MODERATE ORANGE
Orpiment Red,71,MODERATE ORANGE
Oxford Chrome,71,MODERATE ORANGE
Oxford Ochre,71,MODERATE ORANGE
Oxford Yellow,71,MODERATE ORANGE
Oxide Yellow,71,MODERATE ORANGE
Permanent Yellow,71,MODERATE ORANGE
Piuree,71,MODERATE ORANGE
Piuri,71,MODERATE ORANGE
Pompeian Yellow,71,MODERATE ORANGE
Purrea Arabica,71,MODERATE ORANGE
Purree,71,MODERATE ORANGE
Quercitron Lake,71,MODERATE ORANGE
Radiant Yellow,71,MODERATE ORANGE
Realgar,71,MODERATE ORANGE
Risigal,71,MODERATE ORANGE
Rosalgar,71,MODERATE ORANGE
Ruby of Arsenic,71,MODERATE ORANGE
Safa ran,71,MODERATE ORANGE
Saffron Yellow,71,MODERATE ORANGE
Sandarach,71,MODERATE ORANGE
Sandaracha,71,MODERATE ORANGE
Sil,71,MODERATE ORANGE
Snowshoe,71,MODERATE ORANGE
Spanish Yellow,71,MODERATE ORANGE
Sunray,71,MODERATE ORANGE
Ta-Ming,71,MODERATE ORANGE
Toltec,71,MODERATE ORANGE
Venice Berries,71,MODERATE ORANGE
Wheat,71,MODERATE ORANGE
Yellow Berries,71,MODERATE ORANGE
Yellow Carmine,71,MODERATE ORANGE
Yellow Earth,71,MODERATE ORANGE
Yellow Ochre,71,MODERATE ORANGE
Yellow Sienna,71,MODERATE ORANGE
Yellow Wash,71,MODERATE ORANGE
Zedoary Wash,71,MODERATE ORANGE
Apricot Tan,71,MODERATE ORANGE
Burnt Yellow.. 123 OY 4-c,71,MODERATE ORANGE
California Gold....114 OY 3-b,71,MODERATE ORANGE
Chamois Yellow..124 OY 4-d,71,MODERATE ORANGE
Cheddar Cheese. 155 0 2-c,71,MODERATE ORANGE
Gold Rush. 154 0 2-b,71,MODERATE ORANGE
Golden Peach__ 165 0 3-e,71,MODERATE ORANGE
Nasturtium Buff. 163 0 3-c,71,MODERATE ORANGE
Old Gold,71,MODERATE ORANGE
Spanish Gold. 164 0 3-d,71,MODERATE ORANGE
Sunburst,71,MODERATE ORANGE
Veiled Sun.. 115 OY 3-c,71,MODERATE ORANGE
Light Ochraceous-Buff,71,MODERATE ORANGE
Light Orange-Yellow . Ill 17d,71,MODERATE ORANGE
Orange-Buff ... Ill 15d,71,MODERATE ORANGE
Pale Orange-Yellow,71,MODERATE ORANGE
Pinkish Cinnamon,71,MODERATE ORANGE
Salmon-Buff,71,MODERATE ORANGE
Warm Buff,71,MODERATE ORANGE
Amber,71,MODERATE ORANGE
Bright Melon Yellow,71,MODERATE ORANGE
Butterscotch,71,MODERATE ORANGE
Light Amber,71,MODERATE ORANGE
Melon Yellow,71,MODERATE ORANGE
Bistre,71,MODERATE ORANGE
Bright Yellow,71,MODERATE ORANGE
Brown Orange,71,MODERATE ORANGE
Bubalinus,71,MODERATE ORANGE
Buff (Eng),71,MODERATE ORANGE
Buff,71,MODERATE ORANGE
Cinnamomeus,71,MODERATE ORANGE
Croceus,71,MODERATE ORANGE
Dull Buff,71,MODERATE ORANGE
Dull Yellow,71,MODERATE ORANGE
Luteolus,71,MODERATE ORANGE
Maize Yellow,71,MODERATE ORANGE
Majolica Yellow,71,MODERATE ORANGE
Melleus,71,MODERATE ORANGE
Ochre,71,MODERATE ORANGE
Orange,71,MODERATE ORANGE
Orange Buff,71,MODERATE ORANGE
Orange Yellow,71,MODERATE ORANGE
Red Zinc Yellow Primer (N),71,MODERATE ORANGE
Reddish Yellow,71,MODERATE ORANGE
Reddish Yellow,71,MODERATE ORANGE
Salmoneus,71,MODERATE ORANGE
Yellow,71,MODERATE ORANGE
Yellow,71,MODERATE ORANGE
Yellow Buff,71,MODERATE ORANGE
Yellow Ochre,71,MODERATE ORANGE
Yellowish Orange,71,MODERATE ORANGE
Antique Gold,72,DARK ORANGE YELLOW
Bronze Yellow,72,DARK ORANGE YELLOW
Bronze Pink,72,DARK ORANGE YELLOW
Buckthorn Brown,72,DARK ORANGE YELLOW
Burnished Gold,72,DARK ORANGE YELLOW
Chamoline,72,DARK ORANGE YELLOW
Cotrine,72,DARK ORANGE YELLOW
Golden Yellow,72,DARK ORANGE YELLOW
Gold Leaf,72,DARK ORANGE YELLOW
Nugget,72,DARK ORANGE YELLOW
Pinchbeck Brown,72,DARK ORANGE YELLOW
Spruce Yellow,72,DARK ORANGE YELLOW
Stil de Grain Brown,72,DARK ORANGE YELLOW
Sumac,72,DARK ORANGE YELLOW
Topaz,72,DARK ORANGE YELLOW
Autumn Gold .. 122 OY 4-b,72,DARK ORANGE YELLOW
Golden West __ 113 OY 3-a,72,DARK ORANGE YELLOW
Cinnamon,72,DARK ORANGE YELLOW
Mars Yellow,72,DARK ORANGE YELLOW
Ochraceous-Tawny,72,DARK ORANGE YELLOW
Raw Sienna,72,DARK ORANGE YELLOW
Yellow Ocher,72,DARK ORANGE YELLOW
Amber,72,DARK ORANGE YELLOW
Butterscotch,72,DARK ORANGE YELLOW
Light Amber,72,DARK ORANGE YELLOW
Topaz,72,DARK ORANGE YELLOW
Topaz,72,DARK ORANGE YELLOW
Antimony Yellow,72,DARK ORANGE YELLOW
Capucine Buff...Ill 13f,72,DARK ORANGE YELLOW
Cinnamon-Buff,72,DARK ORANGE YELLOW
Bistre,72,DARK ORANGE YELLOW
Brownish Yellow,72,DARK ORANGE YELLOW
Buff (USA),72,DARK ORANGE YELLOW
Cinnamomeus,72,DARK ORANGE YELLOW
Dark Yellowish Orange,72,DARK ORANGE YELLOW
Fulvus,72,DARK ORANGE YELLOW
Ochraceus,72,DARK ORANGE YELLOW
Olive Bistre,72,DARK ORANGE YELLOW
Orange,72,DARK ORANGE YELLOW
Reddish Yellow,72,DARK ORANGE YELLOW
Reddish Yellow,72,DARK ORANGE YELLOW
Senatus,72,DARK ORANGE YELLOW
Yellow,72,DARK ORANGE YELLOW
Yellow Brown,72,DARK ORANGE YELLOW
Yellowish Orange,72,DARK ORANGE YELLOW
Bath Stone,73,PALE ORANGE YELLOW
Belleek,73,PALE ORANGE YELLOW
Bisque,73,PALE ORANGE YELLOW
Burnous,73,PALE ORANGE YELLOW
Caen Stone,73,PALE ORANGE YELLOW
Capucine Buff,73,PALE ORANGE YELLOW
Champagne,73,PALE ORANGE YELLOW
Cornhusk,73,PALE ORANGE YELLOW
Fakir,73,PALE ORANGE YELLOW
Flesh,73,PALE ORANGE YELLOW
Freestone,73,PALE ORANGE YELLOW
French Pink,73,PALE ORANGE YELLOW
Grain,73,PALE ORANGE YELLOW
Jonquil [Yellow],73,PALE ORANGE YELLOW
Maise,73,PALE ORANGE YELLOW
Milwaukee Brick,73,PALE ORANGE YELLOW
Moonlight,73,PALE ORANGE YELLOW
Natural,73,PALE ORANGE YELLOW
Nude,73,PALE ORANGE YELLOW
Pat6 Shell,73,PALE ORANGE YELLOW
Peach Blow,73,PALE ORANGE YELLOW
Polar Bear,73,PALE ORANGE YELLOW
Seasan,73,PALE ORANGE YELLOW
Sienna Yellow,73,PALE ORANGE YELLOW
SugarCane,73,PALE ORANGE YELLOW
Sunset,73,PALE ORANGE YELLOW
Tuscan,73,PALE ORANGE YELLOW
Veau d'or,73,PALE ORANGE YELLOW
Wheat,73,PALE ORANGE YELLOW
Almond Cream _ 175 0 4-g,73,PALE ORANGE YELLOW
Angora,73,PALE ORANGE YELLOW
Apricot Cream,73,PALE ORANGE YELLOW
Apricot Ice,73,PALE ORANGE YELLOW
Bath Stone,73,PALE ORANGE YELLOW
Blush Yellow,73,PALE ORANGE YELLOW
Buckskin Tan . 173 0 4-e,73,PALE ORANGE YELLOW
Caen Stone,73,PALE ORANGE YELLOW
Caramel Cream. .. 174 0 4-f,73,PALE ORANGE YELLOW
Cream Blush,73,PALE ORANGE YELLOW
Desert Mist .. 182 0 5-f,73,PALE ORANGE YELLOW
Dutch Cream,73,PALE ORANGE YELLOW
EggShell _ 136 OY 5-h,73,PALE ORANGE YELLOW
Flesh Cream,73,PALE ORANGE YELLOW
Golden Fleece... .. 134 OY 5-f,73,PALE ORANGE YELLOW
Mellow Buff _ 135 OY 5-g,73,PALE ORANGE YELLOW
Mission White...... 184 0 5-h,73,PALE ORANGE YELLOW
Orange Blush _ 167 0 3-g,73,PALE ORANGE YELLOW
Peach Cream,73,PALE ORANGE YELLOW
Spanish White_ 168 0 3-h,73,PALE ORANGE YELLOW
Sunburst,73,PALE ORANGE YELLOW
Sundown,73,PALE ORANGE YELLOW
Walnut Cream... . 183 0 5-g,73,PALE ORANGE YELLOW
White Fawn.._ _ 176 0 4-h,73,PALE ORANGE YELLOW
Capucine Buff,73,PALE ORANGE YELLOW
Light Buff,73,PALE ORANGE YELLOW
Light Ochraceous-Salmon,73,PALE ORANGE YELLOW
Light Vinaceous-Cinnamon,73,PALE ORANGE YELLOW
Pale Ochraceous-Salmon,73,PALE ORANGE YELLOW
Pale Pinkish Buff,73,PALE ORANGE YELLOW
Pale Pinkish Cinnamon,73,PALE ORANGE YELLOW
Pale Salmon Color,73,PALE ORANGE YELLOW
Salmon-Buff,73,PALE ORANGE YELLOW
Seashell Pink,73,PALE ORANGE YELLOW
Warm Buff,73,PALE ORANGE YELLOW
Champagne,73,PALE ORANGE YELLOW
Sunset,73,PALE ORANGE YELLOW
Buff,73,PALE ORANGE YELLOW
Bubalinus,73,PALE ORANGE YELLOW
Cameo Rose (Eng),73,PALE ORANGE YELLOW
Croceus,73,PALE ORANGE YELLOW
Dull Buff,73,PALE ORANGE YELLOW
Dull Reddish Yellow,73,PALE ORANGE YELLOW
Dull Yellowish Orange,73,PALE ORANGE YELLOW
Egyptian Buff,73,PALE ORANGE YELLOW
Ochre,73,PALE ORANGE YELLOW
Olive Yellow,73,PALE ORANGE YELLOW
Orange,73,PALE ORANGE YELLOW
Pale Yellowish Orange,73,PALE ORANGE YELLOW
Peach (Y&D),73,PALE ORANGE YELLOW
Pink,73,PALE ORANGE YELLOW
Roseo-Bubalinus,73,PALE ORANGE YELLOW
Salmoneus,73,PALE ORANGE YELLOW
Very Pale Brown,73,PALE ORANGE YELLOW
White,73,PALE ORANGE YELLOW
Yellow,73,PALE ORANGE YELLOW
Yellow Buff,73,PALE ORANGE YELLOW
Yellow Tint (MA),73,PALE ORANGE YELLOW
Antique Gold,74,STRONG YELLOWISH
Avellaneous,74,STRONG YELLOWISH
Brown Pink,74,STRONG YELLOWISH
Buckthorn Brown,74,STRONG YELLOWISH
Bure,74,STRONG YELLOWISH
Burnished Gold,74,STRONG YELLOWISH
Cathay,74,STRONG YELLOWISH
Centennial Brown,74,STRONG YELLOWISH
Chamoline,74,STRONG YELLOWISH
Chipmunk,74,STRONG YELLOWISH
Clay,74,STRONG YELLOWISH
Filbert [Brown],74,STRONG YELLOWISH
French Yellow,74,STRONG YELLOWISH
Golden Yellow,74,STRONG YELLOWISH
Hazel,74,STRONG YELLOWISH
Hazelnut,74,STRONG YELLOWISH
Mexican,74,STRONG YELLOWISH
Muffin,74,STRONG YELLOWISH
Noisette,74,STRONG YELLOWISH
Ochre de Ru,74,STRONG YELLOWISH
Oker de Luce,74,STRONG YELLOWISH
OkerdeLuke,74,STRONG YELLOWISH
Oker de Rouse,74,STRONG YELLOWISH
Pinchbeck Brown,74,STRONG YELLOWISH
Pygmalion,74,STRONG YELLOWISH
Ru Ochre,74,STRONG YELLOWISH
Rut Ochre,74,STRONG YELLOWISH
Sayal Brown,74,STRONG YELLOWISH
Spruce Ochre,74,STRONG YELLOWISH
Stil de Grain Brown,74,STRONG YELLOWISH
Sumac,74,STRONG YELLOWISH
Transparent Gold Ochre,74,STRONG YELLOWISH
Yucatan,74,STRONG YELLOWISH
Autumn Brown . 129 OY 5-a,74,STRONG YELLOWISH
Bay Leaf . 121 OY 4-a,74,STRONG YELLOWISH
Buckthorn Brown,74,STRONG YELLOWISH
Clay Color,74,STRONG YELLOWISH
Ochraceous-Tawny,74,STRONG YELLOWISH
Raw Sienna ... Ill 17i,74,STRONG YELLOWISH
Sayal Brown,74,STRONG YELLOWISH
Sudan Brown . Ill 15k,74,STRONG YELLOWISH
Light Melon Yellow,74,STRONG YELLOWISH
Pearl Pink,74,STRONG YELLOWISH
Shell,74,STRONG YELLOWISH
Butterscotch,74,STRONG YELLOWISH
Cinnamon,74,STRONG YELLOWISH
Golden Brown,74,STRONG YELLOWISH
Topaz,74,STRONG YELLOWISH
Yellow Maple,74,STRONG YELLOWISH
Bistre,74,STRONG YELLOWISH
Brown Olive ._. s,74,STRONG YELLOWISH
Cinnamomeus,74,STRONG YELLOWISH
Dark Yellowish Brown,74,STRONG YELLOWISH
Fulvus,74,STRONG YELLOWISH
Melleus,74,STRONG YELLOWISH
Ochre,74,STRONG YELLOWISH
Olive Bistre,74,STRONG YELLOWISH
Red Brown.. .. s,74,STRONG YELLOWISH
Senatus,74,STRONG YELLOWISH
Strong Brown,74,STRONG YELLOWISH
Umbrinus,74,STRONG YELLOWISH
Yellow Brown... . s,74,STRONG YELLOWISH
Yellowish Brown,74,STRONG YELLOWISH
Yellowish Brown,74,STRONG YELLOWISH
Golden Brown,75,DEEP YELLOWISH BROWN
Tobacco Brown,75,DEEP YELLOWISH BROWN
Yellowish Brown,75,DEEP YELLOWISH BROWN
Almond [Brown,76,LIGHT YELLOWISH BROWN
Aloma,76,LIGHT YELLOWISH BROWN
Arizona,76,LIGHT YELLOWISH BROWN
Beige Soiree,76,LIGHT YELLOWISH BROWN
Biscuit,76,LIGHT YELLOWISH BROWN
Blond,76,LIGHT YELLOWISH BROWN
Bran,76,LIGHT YELLOWISH BROWN
Buckthorn Brown,76,LIGHT YELLOWISH BROWN
Bure,76,LIGHT YELLOWISH BROWN
Burnished Gold,76,LIGHT YELLOWISH BROWN
Centennial Brown,76,LIGHT YELLOWISH BROWN
Chamoline,76,LIGHT YELLOWISH BROWN
Cinnamon,76,LIGHT YELLOWISH BROWN
Clay .... 13,76,LIGHT YELLOWISH BROWN
Cornhusk,76,LIGHT YELLOWISH BROWN
Cotrine,76,LIGHT YELLOWISH BROWN
Cracker,76,LIGHT YELLOWISH BROWN
Cuir,76,LIGHT YELLOWISH BROWN
Doe,76,LIGHT YELLOWISH BROWN
Dorado,76,LIGHT YELLOWISH BROWN
Fallow,76,LIGHT YELLOWISH BROWN
Golden,76,LIGHT YELLOWISH BROWN
Grain,76,LIGHT YELLOWISH BROWN
Honey Beige,76,LIGHT YELLOWISH BROWN
Honeysuckle,76,LIGHT YELLOWISH BROWN
Indian Buff,76,LIGHT YELLOWISH BROWN
Iron Buff,76,LIGHT YELLOWISH BROWN
Isabella,76,LIGHT YELLOWISH BROWN
Khaki . 13,76,LIGHT YELLOWISH BROWN
Lariat,76,LIGHT YELLOWISH BROWN
Lion,76,LIGHT YELLOWISH BROWN
Lion Tawny,76,LIGHT YELLOWISH BROWN
Long Beach,76,LIGHT YELLOWISH BROWN
Macaroon,76,LIGHT YELLOWISH BROWN
Malacca,76,LIGHT YELLOWISH BROWN
Manila,76,LIGHT YELLOWISH BROWN
Mayfair Tan,76,LIGHT YELLOWISH BROWN
Merida,76,LIGHT YELLOWISH BROWN
Mirage,76,LIGHT YELLOWISH BROWN
Morocco Sand,76,LIGHT YELLOWISH BROWN
Nude,76,LIGHT YELLOWISH BROWN
SugarCane,76,LIGHT YELLOWISH BROWN
Sumac,76,LIGHT YELLOWISH BROWN
Sundown .. ll,76,LIGHT YELLOWISH BROWN
Suntan,76,LIGHT YELLOWISH BROWN
Sweetmeat,76,LIGHT YELLOWISH BROWN
Taffy,76,LIGHT YELLOWISH BROWN
Tansan,76,LIGHT YELLOWISH BROWN
Veau d’or,76,LIGHT YELLOWISH BROWN
Walnut [Brown],76,LIGHT YELLOWISH BROWN
Yellow Beige,76,LIGHT YELLOWISH BROWN
Yosemite,76,LIGHT YELLOWISH BROWN
Almond. . 172 0 4 -d,76,LIGHT YELLOWISH BROWN
Amber Gold _ _ 132 OY 5-d,76,LIGHT YELLOWISH BROWN
Chamois Yellow . 124 OY 4 -d,76,LIGHT YELLOWISH BROWN
Desert Sand.. .. 181 0 5-e,76,LIGHT YELLOWISH BROWN
Light Oak . 131 OY 5-c,76,LIGHT YELLOWISH BROWN
Sultan Sand.... .... 180 0 5-d,76,LIGHT YELLOWISH BROWN
Avellaneous,76,LIGHT YELLOWISH BROWN
Buffy Brown,76,LIGHT YELLOWISH BROWN
Cinnamon-Buff,76,LIGHT YELLOWISH BROWN
Drab,76,LIGHT YELLOWISH BROWN
Pinkish Cinnamon,76,LIGHT YELLOWISH BROWN
Vinaceous-Cinnamon,76,LIGHT YELLOWISH BROWN
Wood Brown,76,LIGHT YELLOWISH BROWN
"Taylor Knoche, Granville",76,LIGHT YELLOWISH BROWN
Camel,76,LIGHT YELLOWISH BROWN
Cinnamon,76,LIGHT YELLOWISH BROWN
Light Tan,76,LIGHT YELLOWISH BROWN
Maple Sugar,76,LIGHT YELLOWISH BROWN
Tan,76,LIGHT YELLOWISH BROWN
Yellow Maple,76,LIGHT YELLOWISH BROWN
Amberlite,76,LIGHT YELLOWISH BROWN
Buff (USA),76,LIGHT YELLOWISH BROWN
Tan,76,LIGHT YELLOWISH BROWN
Avellaneus,76,LIGHT YELLOWISH BROWN
Bistre,76,LIGHT YELLOWISH BROWN
Bistre Brown,76,LIGHT YELLOWISH BROWN
Brown Bistre,76,LIGHT YELLOWISH BROWN
Brown Orange,76,LIGHT YELLOWISH BROWN
Brownish Yellow,76,LIGHT YELLOWISH BROWN
Buff (MA),76,LIGHT YELLOWISH BROWN
Buff . s,76,LIGHT YELLOWISH BROWN
Cinnamomeus,76,LIGHT YELLOWISH BROWN
Dull Yellowish Brown,76,LIGHT YELLOWISH BROWN
Earth Yellow (USA),76,LIGHT YELLOWISH BROWN
Gray Bistre,76,LIGHT YELLOWISH BROWN
Grayish Orange,76,LIGHT YELLOWISH BROWN
Griseo-Sepiaceus,76,LIGHT YELLOWISH BROWN
Light Yellowish Brown,76,LIGHT YELLOWISH BROWN
Melleus,76,LIGHT YELLOWISH BROWN
Orange,76,LIGHT YELLOWISH BROWN
Pale Brown,76,LIGHT YELLOWISH BROWN
Pink,76,LIGHT YELLOWISH BROWN
Very Pale Brown,76,LIGHT YELLOWISH BROWN
Vinoso-Bubalinus,76,LIGHT YELLOWISH BROWN
Yellow,76,LIGHT YELLOWISH BROWN
Yellow Buff,76,LIGHT YELLOWISH BROWN
Adobe,77,MODERATE YELLOWISH
Airedale,77,MODERATE YELLOWISH
Oakbuff,77,MODERATE YELLOWISH
Pablo,77,MODERATE YELLOWISH
Pate Shell,77,MODERATE YELLOWISH
Pawnee,77,MODERATE YELLOWISH
Pinchbeck Brown,77,MODERATE YELLOWISH
Polo Tan,77,MODERATE YELLOWISH
Pongee,77,MODERATE YELLOWISH
Prarie,77,MODERATE YELLOWISH
Pygmalion,77,MODERATE YELLOWISH
Raffia,77,MODERATE YELLOWISH
Roe,77,MODERATE YELLOWISH
Samovar,77,MODERATE YELLOWISH
Seasan,77,MODERATE YELLOWISH
Spruce Yellow,77,MODERATE YELLOWISH
Alderney,77,MODERATE YELLOWISH
Aloma,77,MODERATE YELLOWISH
Antique Bronze,77,MODERATE YELLOWISH
Antique Drab,77,MODERATE YELLOWISH
Aztec,77,MODERATE YELLOWISH
Bamboo,77,MODERATE YELLOWISH
Beeswax,77,MODERATE YELLOWISH
Bismarck Brown,77,MODERATE YELLOWISH
Bronze,77,MODERATE YELLOWISH
Brown Sugar,77,MODERATE YELLOWISH
Brussels Brown,77,MODERATE YELLOWISH
Buckthorn Brown,77,MODERATE YELLOWISH
Buffalo,77,MODERATE YELLOWISH
Bunny,77,MODERATE YELLOWISH
Bure,77,MODERATE YELLOWISH
Butterscotch,77,MODERATE YELLOWISH
Cacao,77,MODERATE YELLOWISH
Cate Cteme,77,MODERATE YELLOWISH
Calabash,77,MODERATE YELLOWISH
Caraibe,77,MODERATE YELLOWISH
Centennial Brown,77,MODERATE YELLOWISH
Chamoline,77,MODERATE YELLOWISH
Cinnamon Brown,77,MODERATE YELLOWISH
Clay,77,MODERATE YELLOWISH
Clay Drab,77,MODERATE YELLOWISH
Condor,77,MODERATE YELLOWISH
Cowboy,77,MODERATE YELLOWISH
Cyprus Earth,77,MODERATE YELLOWISH
Cyprus Umber,77,MODERATE YELLOWISH
Dogwood,77,MODERATE YELLOWISH
Dresden Brown,77,MODERATE YELLOWISH
Fox,77,MODERATE YELLOWISH
Indian Tan,77,MODERATE YELLOWISH
Isabella,77,MODERATE YELLOWISH
Khaki,77,MODERATE YELLOWISH
Linoleum Brown,77,MODERATE YELLOWISH
Lion,77,MODERATE YELLOWISH
LionTawny,77,MODERATE YELLOWISH
Madura,77,MODERATE YELLOWISH
Manganese Velvet Brown,77,MODERATE YELLOWISH
Maple Sugar,77,MODERATE YELLOWISH
Mayfair Tan,77,MODERATE YELLOWISH
Medal Bronze,77,MODERATE YELLOWISH
Merida,77,MODERATE YELLOWISH
Mosul,77,MODERATE YELLOWISH
Mummy,77,MODERATE YELLOWISH
New Bronze,77,MODERATE YELLOWISH
Oakbuff,77,MODERATE YELLOWISH
Partridge,77,MODERATE YELLOWISH
Pigskin,77,MODERATE YELLOWISH
Prout’s Brown,77,MODERATE YELLOWISH
Pygmalion,77,MODERATE YELLOWISH
Raw Umber,77,MODERATE YELLOWISH
Roman Umber,77,MODERATE YELLOWISH
Shagbark,77,MODERATE YELLOWISH
Siam,77,MODERATE YELLOWISH
Sicilian Umber,77,MODERATE YELLOWISH
Stag,77,MODERATE YELLOWISH
Suede,77,MODERATE YELLOWISH
Sumac,77,MODERATE YELLOWISH
Suntan,77,MODERATE YELLOWISH
Terra Umber,77,MODERATE YELLOWISH
Thrush,77,MODERATE YELLOWISH
Tiffin,77,MODERATE YELLOWISH
Turkey Umber,77,MODERATE YELLOWISH
Tyrol,77,MODERATE YELLOWISH
Velvet Brown,77,MODERATE YELLOWISH
Wax Brown,77,MODERATE YELLOWISH
Yellow Beige,77,MODERATE YELLOWISH
Cinnamomeus,77,MODERATE YELLOWISH
Dark Brown,77,MODERATE YELLOWISH
Dark Yellowish Brown,77,MODERATE YELLOWISH
Dull Yellowish Brown,77,MODERATE YELLOWISH
Griseo-Sepiaceus,77,MODERATE YELLOWISH
Isabellinus,77,MODERATE YELLOWISH
Medium Tan (Y&D),77,MODERATE YELLOWISH
Melleus,77,MODERATE YELLOWISH
Moderate Yellowish Brown,77,MODERATE YELLOWISH
Olive Bistre,77,MODERATE YELLOWISH
Red Brown,77,MODERATE YELLOWISH
Sepiaceus,77,MODERATE YELLOWISH
Umbrinus,77,MODERATE YELLOWISH
Yellowish Brown,77,MODERATE YELLOWISH
Cyprus Earth,78,DARK YELLOWISH BROWN
Cyprus Umber,78,DARK YELLOWISH BROWN
Manganese Velvet Brown,78,DARK YELLOWISH BROWN
Partridge,78,DARK YELLOWISH BROWN
Raw Umber,78,DARK YELLOWISH BROWN
Roman Umber,78,DARK YELLOWISH BROWN
Sicilian Umber,78,DARK YELLOWISH BROWN
Terra Umber,78,DARK YELLOWISH BROWN
Turkey Umber,78,DARK YELLOWISH BROWN
Velvet Brown,78,DARK YELLOWISH BROWN
Mummy Brown,78,DARK YELLOWISH BROWN
Chocolate Brown,78,DARK YELLOWISH BROWN
Clove Brown,78,DARK YELLOWISH BROWN
Coffee,78,DARK YELLOWISH BROWN
Dark Brown,78,DARK YELLOWISH BROWN
Deep Brown,78,DARK YELLOWISH BROWN
Seal Brown,78,DARK YELLOWISH BROWN
Sepia Brown,78,DARK YELLOWISH BROWN
Dark Brown,78,DARK YELLOWISH BROWN
Dark Yellowish Brown,78,DARK YELLOWISH BROWN
Dull Yellowish Brown,78,DARK YELLOWISH BROWN
Murinus,78,DARK YELLOWISH BROWN
Olive Brown,78,DARK YELLOWISH BROWN
Umbrinus,78,DARK YELLOWISH BROWN
Very Dark Brown,78,DARK YELLOWISH BROWN
Autumn Tan .... 130 OY 5-b,79,LIGHT GRAYISH YELLOW¬
Buffy Brown,79,LIGHT GRAYISH YELLOW¬
Clay Color,79,LIGHT GRAYISH YELLOW¬
Drab,79,LIGHT GRAYISH YELLOW¬
Dresden Brown,79,LIGHT GRAYISH YELLOW¬
Sayal Brown,79,LIGHT GRAYISH YELLOW¬
Snuff Brown,79,LIGHT GRAYISH YELLOW¬
Tawny-Olive,79,LIGHT GRAYISH YELLOW¬
Adobe Brown,79,LIGHT GRAYISH YELLOW¬
Camel,79,LIGHT GRAYISH YELLOW¬
Cinnamon Brown,79,LIGHT GRAYISH YELLOW¬
Clove Brown,79,LIGHT GRAYISH YELLOW¬
Deep Brown,79,LIGHT GRAYISH YELLOW¬
Golden Brown,79,LIGHT GRAYISH YELLOW¬
Light Brown,79,LIGHT GRAYISH YELLOW¬
Maple Sugar,79,LIGHT GRAYISH YELLOW¬
Tan,79,LIGHT GRAYISH YELLOW¬
Tobacco Brown,79,LIGHT GRAYISH YELLOW¬
Yellow Maple,79,LIGHT GRAYISH YELLOW¬
Maple Sugar,79,LIGHT GRAYISH YELLOW¬
Avellaneus,79,LIGHT GRAYISH YELLOW¬
Bistre,79,LIGHT GRAYISH YELLOW¬
Bistre Brown,79,LIGHT GRAYISH YELLOW¬
Brown,79,LIGHT GRAYISH YELLOW¬
Almond [Brown],79,LIGHT GRAYISH YELLOW¬
Atmosphere,79,LIGHT GRAYISH YELLOW¬
Belleek,79,LIGHT GRAYISH YELLOW¬
Biarritz,79,LIGHT GRAYISH YELLOW¬
Biscuit,79,LIGHT GRAYISH YELLOW¬
Bronze Clair,79,LIGHT GRAYISH YELLOW¬
Burlwood,79,LIGHT GRAYISH YELLOW¬
Champagne,79,LIGHT GRAYISH YELLOW¬
Cobweb,79,LIGHT GRAYISH YELLOW¬
Cuban Sand,79,LIGHT GRAYISH YELLOW¬
Doe,79,LIGHT GRAYISH YELLOW¬
Elmwood,79,LIGHT GRAYISH YELLOW¬
Folkstone,79,LIGHT GRAYISH YELLOW¬
Grain,79,LIGHT GRAYISH YELLOW¬
Gravel,79,LIGHT GRAYISH YELLOW¬
Mauve Blush,79,LIGHT GRAYISH YELLOW¬
Mavis,79,LIGHT GRAYISH YELLOW¬
Meerchaum,79,LIGHT GRAYISH YELLOW¬
Miami Sand,79,LIGHT GRAYISH YELLOW¬
Nougat,79,LIGHT GRAYISH YELLOW¬
Nude,79,LIGHT GRAYISH YELLOW¬
Pawnee,79,LIGHT GRAYISH YELLOW¬
Pecan,79,LIGHT GRAYISH YELLOW¬
Seasan,79,LIGHT GRAYISH YELLOW¬
Gravel,79,LIGHT GRAYISH YELLOW¬
Smog,79,LIGHT GRAYISH YELLOW¬
Avellaneous,79,LIGHT GRAYISH YELLOW¬
Drab,79,LIGHT GRAYISH YELLOW¬
Drab-Gray,79,LIGHT GRAYISH YELLOW¬
Light Drab,79,LIGHT GRAYISH YELLOW¬
Wood Brown,79,LIGHT GRAYISH YELLOW¬
Dark Brown,79,LIGHT GRAYISH YELLOW¬
Fawn,79,LIGHT GRAYISH YELLOW¬
Mist Brown,79,LIGHT GRAYISH YELLOW¬
Olive Brown,79,LIGHT GRAYISH YELLOW¬
Sepiaceus,79,LIGHT GRAYISH YELLOW¬
Very Dark Brown,79,LIGHT GRAYISH YELLOW¬
Very Dark Grayish Brown,79,LIGHT GRAYISH YELLOW¬
Yellow Daisy,79,LIGHT GRAYISH YELLOW¬
Yellow Madder,79,LIGHT GRAYISH YELLOW¬
Yellow Realgar,79,LIGHT GRAYISH YELLOW¬
Beige,79,LIGHT GRAYISH YELLOW¬
Bisque,79,LIGHT GRAYISH YELLOW¬
Camel m.3ge,79,LIGHT GRAYISH YELLOW¬
Light Beige,79,LIGHT GRAYISH YELLOW¬
Ecru,79,LIGHT GRAYISH YELLOW¬
Nude,79,LIGHT GRAYISH YELLOW¬
Avellaneus,79,LIGHT GRAYISH YELLOW¬
Bistre,79,LIGHT GRAYISH YELLOW¬
Brown,79,LIGHT GRAYISH YELLOW¬
Brown Bistre,79,LIGHT GRAYISH YELLOW¬
Buff,79,LIGHT GRAYISH YELLOW¬
Dull Yellowish Brown,79,LIGHT GRAYISH YELLOW¬
Fumosus,79,LIGHT GRAYISH YELLOW¬
Gray Bistre,79,LIGHT GRAYISH YELLOW¬
Griseo-Sepiaceus,79,LIGHT GRAYISH YELLOW¬
Light Brownish Gray,79,LIGHT GRAYISH YELLOW¬
Light Gray,79,LIGHT GRAYISH YELLOW¬
Orange Brown,79,LIGHT GRAYISH YELLOW¬
Pale Brown,79,LIGHT GRAYISH YELLOW¬
Pale Yellowish Brown,79,LIGHT GRAYISH YELLOW¬
Very Pale Brown,79,LIGHT GRAYISH YELLOW¬
Vinoso-Bubalinus,79,LIGHT GRAYISH YELLOW¬
Acorn,80,GRAYISH YELLOWISH
Airedale,80,GRAYISH YELLOWISH
Bister,80,GRAYISH YELLOWISH
Bistre,80,GRAYISH YELLOWISH
Blondine,80,GRAYISH YELLOWISH
Bobolink,80,GRAYISH YELLOWISH
Brown Sugar,80,GRAYISH YELLOWISH
Brussels Brown,80,GRAYISH YELLOWISH
Camels Hair,80,GRAYISH YELLOWISH
Caraibe,80,GRAYISH YELLOWISH
Caucasia,80,GRAYISH YELLOWISH
Chukker Brown,80,GRAYISH YELLOWISH
Collie,80,GRAYISH YELLOWISH
Cowboy,80,GRAYISH YELLOWISH
Deer,80,GRAYISH YELLOWISH
Gazelle [Brown],80,GRAYISH YELLOWISH
Gold Bronze,80,GRAYISH YELLOWISH
Grouse,80,GRAYISH YELLOWISH
Madrid,80,GRAYISH YELLOWISH
Meadowlark,80,GRAYISH YELLOWISH
Mummy Brown,80,GRAYISH YELLOWISH
Mustang,80,GRAYISH YELLOWISH
New Bronze,80,GRAYISH YELLOWISH
Olive Wood,80,GRAYISH YELLOWISH
Pinecone,80,GRAYISH YELLOWISH
Prout’s Brown,80,GRAYISH YELLOWISH
Racquet,80,GRAYISH YELLOWISH
Rose Beige,80,GRAYISH YELLOWISH
Sable,80,GRAYISH YELLOWISH
Saddle,80,GRAYISH YELLOWISH
Shagbark,80,GRAYISH YELLOWISH
Siam,80,GRAYISH YELLOWISH
Soot Brown,80,GRAYISH YELLOWISH
Tamarack,80,GRAYISH YELLOWISH
Teakwood,80,GRAYISH YELLOWISH
Thrush,80,GRAYISH YELLOWISH
Vienna Brown,80,GRAYISH YELLOWISH
Woodbark,80,GRAYISH YELLOWISH
Sparrow,80,GRAYISH YELLOWISH
Bister,80,GRAYISH YELLOWISH
Drab,80,GRAYISH YELLOWISH
Olive-Brown,80,GRAYISH YELLOWISH
Saccardo’s Umber,80,GRAYISH YELLOWISH
Snuff Brown,80,GRAYISH YELLOWISH
Fawn,80,GRAYISH YELLOWISH
Bistre,80,GRAYISH YELLOWISH
Brown,80,GRAYISH YELLOWISH
Brown,80,GRAYISH YELLOWISH
Dark Brown,80,GRAYISH YELLOWISH
Dark Brown,80,GRAYISH YELLOWISH
Dark Earth (AN),80,GRAYISH YELLOWISH
Dark Grayish Brown,80,GRAYISH YELLOWISH
Dark Yellowish Brown,80,GRAYISH YELLOWISH
Dull Yellowish Brown,80,GRAYISH YELLOWISH
Field Drab (USA),80,GRAYISH YELLOWISH
Grayish Brown,80,GRAYISH YELLOWISH
Griseo-Sepiaceus,80,GRAYISH YELLOWISH
Olivaceus,80,GRAYISH YELLOWISH
Olive Brown,80,GRAYISH YELLOWISH
Sepiaceus,80,GRAYISH YELLOWISH
Antwerp Brown,81,DARK GRAYISH YELLOW¬
Asphaltum,81,DARK GRAYISH YELLOW¬
Autumn Brown,81,DARK GRAYISH YELLOW¬
Biskra,81,DARK GRAYISH YELLOW¬
Bison,81,DARK GRAYISH YELLOW¬
Bitumen,81,DARK GRAYISH YELLOW¬
Broncho,81,DARK GRAYISH YELLOW¬
Byron,81,DARK GRAYISH YELLOW¬
Caffi Noir,81,DARK GRAYISH YELLOW¬
Cattail,81,DARK GRAYISH YELLOW¬
Congo [Brown],81,DARK GRAYISH YELLOW¬
Cordovan,81,DARK GRAYISH YELLOW¬
Date,81,DARK GRAYISH YELLOW¬
Egyptian Brown,81,DARK GRAYISH YELLOW¬
Elk,81,DARK GRAYISH YELLOW¬
Goose-Grey,81,DARK GRAYISH YELLOW¬
Indian Brown,81,DARK GRAYISH YELLOW¬
Iron,81,DARK GRAYISH YELLOW¬
Iron Brown,81,DARK GRAYISH YELLOW¬
Jacaranda Brown,81,DARK GRAYISH YELLOW¬
Jew’s Pitch,81,DARK GRAYISH YELLOW¬
Lama,81,DARK GRAYISH YELLOW¬
Mineral Pitch,81,DARK GRAYISH YELLOW¬
Montella,81,DARK GRAYISH YELLOW¬
Mummy,81,DARK GRAYISH YELLOW¬
Musk,81,DARK GRAYISH YELLOW¬
Negro,81,DARK GRAYISH YELLOW¬
Old English Brown,81,DARK GRAYISH YELLOW¬
Otter [Brown],81,DARK GRAYISH YELLOW¬
Perique,81,DARK GRAYISH YELLOW¬
Piccaninny,81,DARK GRAYISH YELLOW¬
St. Benoit,81,DARK GRAYISH YELLOW¬
Seal [Brown],81,DARK GRAYISH YELLOW¬
Spalte,81,DARK GRAYISH YELLOW¬
Spaltum,81,DARK GRAYISH YELLOW¬
Woodland Brown,81,DARK GRAYISH YELLOW¬
Lava,81,DARK GRAYISH YELLOW¬
Bister,81,DARK GRAYISH YELLOW¬
Chaetura Black,81,DARK GRAYISH YELLOW¬
Clove Brown,81,DARK GRAYISH YELLOW¬
Sepia,81,DARK GRAYISH YELLOW¬
"Taylor, Knoche,",81,DARK GRAYISH YELLOW¬
Granville,81,DARK GRAYISH YELLOW¬
Beaver,81,DARK GRAYISH YELLOW¬
Chocolate,81,DARK GRAYISH YELLOW¬
Chocolate Brown,81,DARK GRAYISH YELLOW¬
Coffee,81,DARK GRAYISH YELLOW¬
Dark Brown,81,DARK GRAYISH YELLOW¬
Seal Brown,81,DARK GRAYISH YELLOW¬
Sepia Brown,81,DARK GRAYISH YELLOW¬
Beaver,81,DARK GRAYISH YELLOW¬
Beige Brown,81,DARK GRAYISH YELLOW¬
Dull Yellowish Brown,81,DARK GRAYISH YELLOW¬
Dusky Yellowish Brown,81,DARK GRAYISH YELLOW¬
Fusco-Niger,81,DARK GRAYISH YELLOW¬
Olivaceus,81,DARK GRAYISH YELLOW¬
Bright Sun,82,VIVID YELLOW
Canary Bronze __ 105 OY 2-a,82,VIVID YELLOW
Canary Yellow _ 107 OY 2-c,82,VIVID YELLOW
Cheer .. . 106 OY 2-b,82,VIVID YELLOW
Chrysanthemum Yellow,82,VIVID YELLOW
Empire Yellow . 98 OY 1-b,82,VIVID YELLOW
Spectra Yellow . 97 OY 1-a,82,VIVID YELLOW
Light Cadmium,82,VIVID YELLOW
Bright Gold,82,VIVID YELLOW
Bright Yellow,82,VIVID YELLOW
Buttercup,82,VIVID YELLOW
Daffodil g... .lvi la,82,VIVID YELLOW
Dandelion,82,VIVID YELLOW
Gold,82,VIVID YELLOW
Golden Yellow,82,VIVID YELLOW
Jonquil,82,VIVID YELLOW
Maize,82,VIVID YELLOW
Squash Yellow,82,VIVID YELLOW
Golden Yellow (USA),82,VIVID YELLOW
Aureolin,82,VIVID YELLOW
Bright Reddish Yellow,82,VIVID YELLOW
Bright Yellow,82,VIVID YELLOW
Brilliant Yellow (Y&D),82,VIVID YELLOW
Buttercup Yellow,82,VIVID YELLOW
Canary Yellow . . H2,82,VIVID YELLOW
Chrome Yellow (light),82,VIVID YELLOW
Empire Yellow,82,VIVID YELLOW
Lemon,82,VIVID YELLOW
Lemon Yellow (USA),82,VIVID YELLOW
Lemon Yellow,82,VIVID YELLOW
Light Yellow (AN),82,VIVID YELLOW
Luteus,82,VIVID YELLOW
Sulphur Yellow,82,VIVID YELLOW
Yellow,82,VIVID YELLOW
Yellow,82,VIVID YELLOW
Aureolin,83,BRILLIANT YELLOW
Auripigmentum,83,BRILLIANT YELLOW
Balge Yellow,83,BRILLIANT YELLOW
Cassel Yellow,83,BRILLIANT YELLOW
Chinese Yellow,83,BRILLIANT YELLOW
Cobalt Yellow,83,BRILLIANT YELLOW
Dandelion,83,BRILLIANT YELLOW
Dutch Pink,83,BRILLIANT YELLOW
Empire Yellow,83,BRILLIANT YELLOW
English Pink,83,BRILLIANT YELLOW
Fustet,83,BRILLIANT YELLOW
Generali,83,BRILLIANT YELLOW
Golden Feather Yellow,83,BRILLIANT YELLOW
Italian Pink,83,BRILLIANT YELLOW
Jasmine,83,BRILLIANT YELLOW
Kasseler Yellow,83,BRILLIANT YELLOW
King’s Yellow,83,BRILLIANT YELLOW
Lemon Chrome,83,BRILLIANT YELLOW
Lemon [Yellow],83,BRILLIANT YELLOW
Mineral Yellow,83,BRILLIANT YELLOW
Montpellier Yellow,83,BRILLIANT YELLOW
Orpiment,83,BRILLIANT YELLOW
Orpin,83,BRILLIANT YELLOW
Patent Yellow,83,BRILLIANT YELLOW
Pyrethrum Yellow,83,BRILLIANT YELLOW
Royal Yellow,83,BRILLIANT YELLOW
Stil de Grain Yellow,83,BRILLIANT YELLOW
Sunflower [Yellow,83,BRILLIANT YELLOW
Turner's Yellow,83,BRILLIANT YELLOW
Verona Yellow,83,BRILLIANT YELLOW
Veronese Yellow,83,BRILLIANT YELLOW
Bright Sun,83,BRILLIANT YELLOW
Canary Yellow _ 107 OY 2-c,83,BRILLIANT YELLOW
Cinderella . 100 OY 1-d,83,BRILLIANT YELLOW
Empire Yellow.. . 98 OY 1-b,83,BRILLIANT YELLOW
Gold Fantasy _ 116 OY 3-d,83,BRILLIANT YELLOW
Golden Glow,83,BRILLIANT YELLOW
Golden Rapture,83,BRILLIANT YELLOW
Golden Ray,83,BRILLIANT YELLOW
Golden Rod,83,BRILLIANT YELLOW
Pansy Yellow .. 99 OY 1-c,83,BRILLIANT YELLOW
Plantation Yellow,83,BRILLIANT YELLOW
Radiance,83,BRILLIANT YELLOW
Southern Sun .. 108 OY 2-d,83,BRILLIANT YELLOW
Tulip Yellow,83,BRILLIANT YELLOW
Amber Yellow,83,BRILLIANT YELLOW
Empire Yellow,83,BRILLIANT YELLOW
Pale Orange-Yellow . Ill 17f,83,BRILLIANT YELLOW
Pinard Yellow,83,BRILLIANT YELLOW
Bright Yellow,83,BRILLIANT YELLOW
Colonial Yellow,83,BRILLIANT YELLOW
Forsythia,83,BRILLIANT YELLOW
Jasmine Yellow,83,BRILLIANT YELLOW
Jonquil gm... . 1,83,BRILLIANT YELLOW
Light Gold m . 1,83,BRILLIANT YELLOW
Maize,83,BRILLIANT YELLOW
Squash Yellow,83,BRILLIANT YELLOW
Sunlight Yellow gm . 1),83,BRILLIANT YELLOW
Lemon Yellow,83,BRILLIANT YELLOW
Amber Yellow,83,BRILLIANT YELLOW
Barium Yellow,83,BRILLIANT YELLOW
Bright Yellow,83,BRILLIANT YELLOW
Chinese Yellow,83,BRILLIANT YELLOW
Electrinus,83,BRILLIANT YELLOW
Flavus,83,BRILLIANT YELLOW
Lemon,83,BRILLIANT YELLOW
Luteolus,83,BRILLIANT YELLOW
Maize Yellow,83,BRILLIANT YELLOW
Naples Yellow,83,BRILLIANT YELLOW
Ochre,83,BRILLIANT YELLOW
Orange,83,BRILLIANT YELLOW
Orange Buff,83,BRILLIANT YELLOW
Reddish Yellow,83,BRILLIANT YELLOW
Straw Yellow,83,BRILLIANT YELLOW
Yellow,83,BRILLIANT YELLOW
Yellow,83,BRILLIANT YELLOW
Aureolin,84,STRONG YELLOW
Auripigmentum,84,STRONG YELLOW
Cassel Yellow,84,STRONG YELLOW
Chinese Yellow,84,STRONG YELLOW
Cobalt Yellow,84,STRONG YELLOW
Cologne Yellow,84,STRONG YELLOW
Dutch Pink,84,STRONG YELLOW
English Pink,84,STRONG YELLOW
Fustet,84,STRONG YELLOW
Gallstone,84,STRONG YELLOW
Gamboge,84,STRONG YELLOW
Generali,84,STRONG YELLOW
Golden Feather Yellow,84,STRONG YELLOW
Golden Glow,84,STRONG YELLOW
Golden Rod,84,STRONG YELLOW
Italian Pink,84,STRONG YELLOW
Kasseler Yellow,84,STRONG YELLOW
King’s Yellow,84,STRONG YELLOW
Lemon [Yellow,84,STRONG YELLOW
Light Chrome Yellow,84,STRONG YELLOW
Mineral Yellow,84,STRONG YELLOW
Montpellier Yellow,84,STRONG YELLOW
Narcissus,84,STRONG YELLOW
Orpiment,84,STRONG YELLOW
Orpin,84,STRONG YELLOW
Oxgall,84,STRONG YELLOW
Paris Yellow,84,STRONG YELLOW
Patent Yellow,84,STRONG YELLOW
Primuline Yellow,84,STRONG YELLOW
Pyrethrum Yellow,84,STRONG YELLOW
Royal Yellow,84,STRONG YELLOW
Stil de Grain Yellow,84,STRONG YELLOW
Turner's Yellow,84,STRONG YELLOW
Ultramarine Yellow,84,STRONG YELLOW
Verona Yellow,84,STRONG YELLOW
Veronese Yellow,84,STRONG YELLOW
Vitelline Yellow,84,STRONG YELLOW
Vitellinous,84,STRONG YELLOW
Yellow Daisy,84,STRONG YELLOW
Yellow Madder,84,STRONG YELLOW
Yellow Realgar,84,STRONG YELLOW
Yolk Yellow,84,STRONG YELLOW
Zinc Yellow,84,STRONG YELLOW
Bronze Gold,84,STRONG YELLOW
Old Gold __ 57 Yo2-a,84,STRONG YELLOW
Veiled Sun _ 115 OY 3-c,84,STRONG YELLOW
Amber Yellow,84,STRONG YELLOW
Apricot Yellow,84,STRONG YELLOW
Lemon Chrome,84,STRONG YELLOW
Light Orange-Yellow,84,STRONG YELLOW
Mustard Yellow,84,STRONG YELLOW
Pale Orange-Yellow.. . Ill 17f,84,STRONG YELLOW
Primuline Yellow,84,STRONG YELLOW
Wax Yellow,84,STRONG YELLOW
Bright Gold m . VA ob,84,STRONG YELLOW
Gold,84,STRONG YELLOW
Golden Yellow,84,STRONG YELLOW
Light Gold gm .... VA kb,84,STRONG YELLOW
Maize,84,STRONG YELLOW
Nugget Gold m._ . 2nc,84,STRONG YELLOW
Pastel Yellow,84,STRONG YELLOW
Squash Yellow,84,STRONG YELLOW
Bright Yellow,84,STRONG YELLOW
Flavus,84,STRONG YELLOW
Lemon,84,STRONG YELLOW
Luteolus,84,STRONG YELLOW
Luteus,84,STRONG YELLOW
Maize Yellow,84,STRONG YELLOW
Ochre,84,STRONG YELLOW
Orange,84,STRONG YELLOW
Orange Buff,84,STRONG YELLOW
Reddish Yellow,84,STRONG YELLOW
Yellow,84,STRONG YELLOW
Yellow,84,STRONG YELLOW
Aniline Yellow,85,DEEP YELLOW
"I Taylor, Knoche, Granville",85,DEEP YELLOW
Antique Gold,85,DEEP YELLOW
Bright Gold,85,DEEP YELLOW
Mustard Gold,85,DEEP YELLOW
Nugget Gold,85,DEEP YELLOW
Old Gold,85,DEEP YELLOW
Nugget Gold,85,DEEP YELLOW
Lemon,85,DEEP YELLOW
Lemon Yellow,85,DEEP YELLOW
Olivaceo-Citrinus,85,DEEP YELLOW
Olive Bistre,85,DEEP YELLOW
Reddish Yellow,85,DEEP YELLOW
Yellow,85,DEEP YELLOW
Yellow,85,DEEP YELLOW
Amber [Yellow],86,LIGHT YELLOW
Apricot Yellow,86,LIGHT YELLOW
Auripigmentum,86,LIGHT YELLOW
Cassel Yellow,86,LIGHT YELLOW
Chinese Yellow,86,LIGHT YELLOW
Chrome Citron,86,LIGHT YELLOW
Chrome Lemon,86,LIGHT YELLOW
Citron (Yellow],86,LIGHT YELLOW
Cockatoo,86,LIGHT YELLOW
Colonial Buff,86,LIGHT YELLOW
Cornsilk,86,LIGHT YELLOW
Cupreous,86,LIGHT YELLOW
Curcuma,86,LIGHT YELLOW
Dutch Pink,86,LIGHT YELLOW
Empire Yellow,86,LIGHT YELLOW
English Pink,86,LIGHT YELLOW
Gaude Lake,86,LIGHT YELLOW
Generali,86,LIGHT YELLOW
Giailolini,86,LIGHT YELLOW
Giallolino,86,LIGHT YELLOW
Golden Feather Yellow,86,LIGHT YELLOW
Indian Saffron,86,LIGHT YELLOW
Italian Pink,86,LIGHT YELLOW
Jasmine,86,LIGHT YELLOW
Jonquil (Yellow],86,LIGHT YELLOW
Kasseler Yellow,86,LIGHT YELLOW
King's Yellow,86,LIGHT YELLOW
Lemon (Yellow],86,LIGHT YELLOW
Mimosa,86,LIGHT YELLOW
Mineral Yellow,86,LIGHT YELLOW
Montpellier Yellow,86,LIGHT YELLOW
Nankeen (Yellow],86,LIGHT YELLOW
Naples Yellow,86,LIGHT YELLOW
Neapolitan Yellow,86,LIGHT YELLOW
Orpiment,86,LIGHT YELLOW
Orpin,86,LIGHT YELLOW
Patent Yellow,86,LIGHT YELLOW
Pinard Yellow,86,LIGHT YELLOW
Pineapple,86,LIGHT YELLOW
Popcorn,86,LIGHT YELLOW
Primrose Yellow,86,LIGHT YELLOW
Pyrethrum Yellow,86,LIGHT YELLOW
Queen's Yellow,86,LIGHT YELLOW
Quercitron,86,LIGHT YELLOW
Royal Yellow,86,LIGHT YELLOW
Snapdragon,86,LIGHT YELLOW
Stil de Grain Yellow,86,LIGHT YELLOW
Terra Merita,86,LIGHT YELLOW
Turbith Mineral,86,LIGHT YELLOW
Turmeric,86,LIGHT YELLOW
Turner’s Yellow,86,LIGHT YELLOW
Venetian Yellow,86,LIGHT YELLOW
Verona Yellow,86,LIGHT YELLOW
Veronese Yellow,86,LIGHT YELLOW
Yellow Daisy,86,LIGHT YELLOW
Yellow Madder,86,LIGHT YELLOW
Yellow Realgar,86,LIGHT YELLOW
Aurora Yellow,86,LIGHT YELLOW
Banana,86,LIGHT YELLOW
Boquet Yellow .. 109 OY 2-e,86,LIGHT YELLOW
Celestial Yellow,86,LIGHT YELLOW
Ceres .. 117 OY 3-e,86,LIGHT YELLOW
Citron Yellow,86,LIGHT YELLOW
Cream Gold ... 118 OY 3-f,86,LIGHT YELLOW
Dried Leaf,86,LIGHT YELLOW
Easter Egg Yellow _ 150 0 1-f,86,LIGHT YELLOW
Fall Leaf,86,LIGHT YELLOW
Fall Yellow . .28Y4-d,86,LIGHT YELLOW
Glint O’Gold .. 125 OY 4-e,86,LIGHT YELLOW
Golden Buff .. 126 OY 4-ff,86,LIGHT YELLOW
Golden Cream,86,LIGHT YELLOW
Golden Dawn _ 157 0 2-e,86,LIGHT YELLOW
Golden Gem __ 158 0 2-f,86,LIGHT YELLOW
Golden Ray,86,LIGHT YELLOW
Golden Yellow.. . 149 0 1-e,86,LIGHT YELLOW
Harvest Gold,86,LIGHT YELLOW
Mellow Yellow,86,LIGHT YELLOW
Mustard Cream,86,LIGHT YELLOW
Muted Yellow,86,LIGHT YELLOW
Pom Pom,86,LIGHT YELLOW
Southern Sun.108 OY 2-d,86,LIGHT YELLOW
Sun Glow. . 110 OY 2-f,86,LIGHT YELLOW
Vanilla Custard,86,LIGHT YELLOW
Zinnia Gold _ 156 0 2-d,86,LIGHT YELLOW
Amber Yellow,86,LIGHT YELLOW
Baryta Yellow,86,LIGHT YELLOW
Buff-Yellow,86,LIGHT YELLOW
Colonial Buff,86,LIGHT YELLOW
Cream-Buff,86,LIGHT YELLOW
Cream Color,86,LIGHT YELLOW
Maize Yellow,86,LIGHT YELLOW
Massicot Yellow,86,LIGHT YELLOW
Naples Yellow,86,LIGHT YELLOW
Pale Orange-Yellow. . Ill 17f,86,LIGHT YELLOW
Pinard Yellow,86,LIGHT YELLOW
Straw Yellow,86,LIGHT YELLOW
Butter Yellow m... . VA ga,86,LIGHT YELLOW
Colonial Yellow,86,LIGHT YELLOW
Jasmine Yellow m _ VA ga,86,LIGHT YELLOW
Light Maize,86,LIGHT YELLOW
Light Wheat,86,LIGHT YELLOW
Maize,86,LIGHT YELLOW
Sunlight Yellow,86,LIGHT YELLOW
Jasmine,86,LIGHT YELLOW
Maize,86,LIGHT YELLOW
Amber Yellow,86,LIGHT YELLOW
Bright Yellow,86,LIGHT YELLOW
Bubalinus,86,LIGHT YELLOW
Canary Yellow (Eng),86,LIGHT YELLOW
Canary Yellow (Eng),86,LIGHT YELLOW
Cream Striping (PO),86,LIGHT YELLOW
Electrinus,86,LIGHT YELLOW
Flavus,86,LIGHT YELLOW
Ivory (USA),86,LIGHT YELLOW
Light Yellow (Eng),86,LIGHT YELLOW
Light Yellow (USA),86,LIGHT YELLOW
Luteolus,86,LIGHT YELLOW
Naples Yellow,86,LIGHT YELLOW
Ochre,86,LIGHT YELLOW
Orange Buff,86,LIGHT YELLOW
Olive Yellow,86,LIGHT YELLOW
Orange,86,LIGHT YELLOW
Reddish Yellow,86,LIGHT YELLOW
Soft Yellow (Y&D),86,LIGHT YELLOW
Stramineus,86,LIGHT YELLOW
Yellow,86,LIGHT YELLOW
Yellow,86,LIGHT YELLOW
Yellow,86,LIGHT YELLOW
Amber [Yellow],87,MODERATE YELLOW
Apricot Yellow,87,MODERATE YELLOW
Auripigmentum,87,MODERATE YELLOW
Brass,87,MODERATE YELLOW
Brazen Yellow,87,MODERATE YELLOW
Canary [Yellow],87,MODERATE YELLOW
Capucine,87,MODERATE YELLOW
Cassel Yellow,87,MODERATE YELLOW
Chinese Yellow,87,MODERATE YELLOW
Colonial Yellow,87,MODERATE YELLOW
Copper Yellow,87,MODERATE YELLOW
Corn,87,MODERATE YELLOW
Dutch Pink,87,MODERATE YELLOW
English Pink,87,MODERATE YELLOW
French Pink,87,MODERATE YELLOW
Fustic,87,MODERATE YELLOW
Generali,87,MODERATE YELLOW
Giailolini,87,MODERATE YELLOW
Giallolino,87,MODERATE YELLOW
Glint O’Gold,87,MODERATE YELLOW
Golden Feather Yellow,87,MODERATE YELLOW
Honeysweet,87,MODERATE YELLOW
Italian Pink,87,MODERATE YELLOW
Jonquil [Yellow],87,MODERATE YELLOW
Kasseler Yellow,87,MODERATE YELLOW
King's Yellow,87,MODERATE YELLOW
Latoun,87,MODERATE YELLOW
Latten,87,MODERATE YELLOW
Lemon [Yellow],87,MODERATE YELLOW
Lime (Yellow],87,MODERATE YELLOW
Maise,87,MODERATE YELLOW
Meline,87,MODERATE YELLOW
Mineral Yellow,87,MODERATE YELLOW
Montpellier Yellow,87,MODERATE YELLOW
Mustard [Yellow],87,MODERATE YELLOW
Nankeen [Yellow],87,MODERATE YELLOW
Naples Yellow,87,MODERATE YELLOW
Narcissus,87,MODERATE YELLOW
Neapolitan Yellow,87,MODERATE YELLOW
Orpiment,87,MODERATE YELLOW
Orpin,87,MODERATE YELLOW
Patent Yellow,87,MODERATE YELLOW
Pineapple,87,MODERATE YELLOW
Primrose Yellow,87,MODERATE YELLOW
Pyrethrum Yellow,87,MODERATE YELLOW
Quince Yellow,87,MODERATE YELLOW
Rattan,87,MODERATE YELLOW
Royal Yellow,87,MODERATE YELLOW
Sauterne,87,MODERATE YELLOW
Sienna Yellow,87,MODERATE YELLOW
Snapdragon,87,MODERATE YELLOW
Stil de Grain Yellow,87,MODERATE YELLOW
Sunlight,87,MODERATE YELLOW
Turner’s Yellow,87,MODERATE YELLOW
Venetian Yellow,87,MODERATE YELLOW
Verona Yellow,87,MODERATE YELLOW
Veronese Yellow,87,MODERATE YELLOW
Wax Yellow,87,MODERATE YELLOW
Yellow Brazil Wood,87,MODERATE YELLOW
Yellow Daisy,87,MODERATE YELLOW
Yellow Madder,87,MODERATE YELLOW
Yellow Realgar,87,MODERATE YELLOW
Yellow Wood,87,MODERATE YELLOW
Absinthe Yellow,87,MODERATE YELLOW
Antique Yellow,87,MODERATE YELLOW
Bronze Gold,87,MODERATE YELLOW
Citron Yellow,87,MODERATE YELLOW
Cuban Sand,87,MODERATE YELLOW
Fall Leaf,87,MODERATE YELLOW
Fall Yellow,87,MODERATE YELLOW
Glint O'Gold ... 125 OY 4-e,87,MODERATE YELLOW
Misted Yellow,87,MODERATE YELLOW
Russet Yellow,87,MODERATE YELLOW
Yellow Smoke,87,MODERATE YELLOW
Amber Yellow,87,MODERATE YELLOW
Buff-Yellow,87,MODERATE YELLOW
Chamois,87,MODERATE YELLOW
Cinnamon-Buff,87,MODERATE YELLOW
Cream-Buff,87,MODERATE YELLOW
Deep Colonial Buff,87,MODERATE YELLOW
Honey Yellow,87,MODERATE YELLOW
Olive-Ocher,87,MODERATE YELLOW
Pale Orange-Yellow,87,MODERATE YELLOW
Warm Buff,87,MODERATE YELLOW
Bamboo,87,MODERATE YELLOW
Buff,87,MODERATE YELLOW
Gold,87,MODERATE YELLOW
Honey Gold,87,MODERATE YELLOW
Light Antique Gold gm.... VA ic,87,MODERATE YELLOW
Light Gold,87,MODERATE YELLOW
Maize,87,MODERATE YELLOW
Straw,87,MODERATE YELLOW
Wheat,87,MODERATE YELLOW
Chamois,87,MODERATE YELLOW
Old Gold (USA),87,MODERATE YELLOW
Popcorn,87,MODERATE YELLOW
Bistre,87,MODERATE YELLOW
Brown Bistre,87,MODERATE YELLOW
Brown Orange,87,MODERATE YELLOW
Bright Yellow,87,MODERATE YELLOW
Bubalinus,87,MODERATE YELLOW
Electrinus,87,MODERATE YELLOW
Luteolus,87,MODERATE YELLOW
Melleus,87,MODERATE YELLOW
Moderate Yellow,87,MODERATE YELLOW
Ochre,87,MODERATE YELLOW
Olive Bistre,87,MODERATE YELLOW
Orange,87,MODERATE YELLOW
Orange Buff,87,MODERATE YELLOW
Reddish Yellow,87,MODERATE YELLOW
Straw,87,MODERATE YELLOW
Yellow,87,MODERATE YELLOW
Yellow,87,MODERATE YELLOW
Yellow,87,MODERATE YELLOW
Zinc Yellow Primer (N),87,MODERATE YELLOW
Bistre Green,88,DARK YELLOW
Buckthorn Brown,88,DARK YELLOW
Burnished Gold,88,DARK YELLOW
Canary-bird Green,88,DARK YELLOW
Canary Green,88,DARK YELLOW
Chamoline,88,DARK YELLOW
Deep Stone,88,DARK YELLOW
Orient [Yellow],88,DARK YELLOW
Pinchbeck Brown,88,DARK YELLOW
Pyrite Yellow,88,DARK YELLOW
Sulphine Yellow,88,DARK YELLOW
Sumac,88,DARK YELLOW
Tennis,88,DARK YELLOW
Tinsel,88,DARK YELLOW
Venus,88,DARK YELLOW
Antique Brass,88,DARK YELLOW
Brass,88,DARK YELLOW
Cuban Sand,88,DARK YELLOW
Fall Bronze,88,DARK YELLOW
Gold Coast,88,DARK YELLOW
Mustard,88,DARK YELLOW
Yellow Smoke,88,DARK YELLOW
Ecru-Olive,88,DARK YELLOW
Honey Yellow,88,DARK YELLOW
Old Gold,88,DARK YELLOW
Olive-Ocher,88,DARK YELLOW
Sulphine Yellow,88,DARK YELLOW
Antique Gold gm.ne,88,DARK YELLOW
Mustard,88,DARK YELLOW
Mustard Gold,88,DARK YELLOW
Old Gold,88,DARK YELLOW
Gold,88,DARK YELLOW
Old Gold,88,DARK YELLOW
Bistre,88,DARK YELLOW
Melleus,88,DARK YELLOW
Olivaceo-Citrinus,88,DARK YELLOW
Olivaceus,88,DARK YELLOW
Olive Bistre,88,DARK YELLOW
Olive Green,88,DARK YELLOW
Olive Yellow,88,DARK YELLOW
Reddish Yellow,88,DARK YELLOW
Yellow,88,DARK YELLOW
Yellow,88,DARK YELLOW
Amber White,89,PALE YELLOW
Beige,89,PALE YELLOW
Cameo Yellow,89,PALE YELLOW
Carnation [Red],89,PALE YELLOW
Cartridge Buff,89,PALE YELLOW
Colonial Buff,89,PALE YELLOW
Cream,89,PALE YELLOW
Cream Buff,89,PALE YELLOW
Cuisse de Nymphe,89,PALE YELLOW
Eburnean,89,PALE YELLOW
Ecru,89,PALE YELLOW
Giallolini,89,PALE YELLOW
Giallolino,89,PALE YELLOW
Italian Straw,89,PALE YELLOW
Ivory White,89,PALE YELLOW
Ivory [Yellow],89,PALE YELLOW
Lead Ochre,89,PALE YELLOW
Leghorn,89,PALE YELLOW
Lint-white,89,PALE YELLOW
Massicot [Yellow],89,PALE YELLOW
Milwaukee Brick,89,PALE YELLOW
Nankeen [Yellow],89,PALE YELLOW
Naples Yellow,89,PALE YELLOW
Neapolitan Yellow,89,PALE YELLOW
New Silver,89,PALE YELLOW
Putty,89,PALE YELLOW
Rose de Nymphe,89,PALE YELLOW
Seed Pearl,89,PALE YELLOW
Spanish Flesh,89,PALE YELLOW
Straw [Yellow],89,PALE YELLOW
Vanilla,89,PALE YELLOW
Wine Yellow,89,PALE YELLOW
Apricot Cream,89,PALE YELLOW
Celestial Yellow,89,PALE YELLOW
Champagne,89,PALE YELLOW
Champagne Buff,89,PALE YELLOW
Cheerful Yellow,89,PALE YELLOW
Cloud Cream _„,89,PALE YELLOW
Colonial Cream,89,PALE YELLOW
Cream Tone,89,PALE YELLOW
Cream Yellow,89,PALE YELLOW
Desert Dust,89,PALE YELLOW
Ecru,89,PALE YELLOW
Ecru Cream,89,PALE YELLOW
Eggshell,89,PALE YELLOW
Fantasy Yellow,89,PALE YELLOW
Golden Fleece,89,PALE YELLOW
Golden Sheaf,89,PALE YELLOW
Ivory,89,PALE YELLOW
Ivory White,89,PALE YELLOW
Jersey Cream,89,PALE YELLOW
Kitten's Ear,89,PALE YELLOW
Mellow Buff,89,PALE YELLOW
Mellow Yellow,89,PALE YELLOW
Misty Cream,89,PALE YELLOW
Murmur,89,PALE YELLOW
Mushroom,89,PALE YELLOW
Mustard Cream,89,PALE YELLOW
Neutral,89,PALE YELLOW
Orange Cream,89,PALE YELLOW
Spring Yellow,89,PALE YELLOW
Straw Yellow,89,PALE YELLOW
Sun Glow,89,PALE YELLOW
Transparent Yellow,89,PALE YELLOW
Tumbleweed,89,PALE YELLOW
Twilight Sun,89,PALE YELLOW
Vanilla Custard,89,PALE YELLOW
Winter Yellow....',89,PALE YELLOW
Yellow Cream,89,PALE YELLOW
Yellow Gem,89,PALE YELLOW
Cartridge Buff,89,PALE YELLOW
Ivory Yellow,89,PALE YELLOW
Light Buff,89,PALE YELLOW
Marguerite Yellow,89,PALE YELLOW
Massicot Yellow,89,PALE YELLOW
Olive-Buff,89,PALE YELLOW
Pale Ochraceous-Salmon,89,PALE YELLOW
Pale Olive-Buff,89,PALE YELLOW
Bamboo,89,PALE YELLOW
Buff,89,PALE YELLOW
Eggshell,89,PALE YELLOW
Ivory,89,PALE YELLOW
Light Ivory,89,PALE YELLOW
Straw,89,PALE YELLOW
Wheat,89,PALE YELLOW
Eggshell,89,PALE YELLOW
Leghorn,89,PALE YELLOW
Bistre,89,PALE YELLOW
Bubalinus,89,PALE YELLOW
Buff,89,PALE YELLOW
Dull Reddish Yellow,89,PALE YELLOW
Dull Yellow,89,PALE YELLOW
Eggshell (Eng),89,PALE YELLOW
Flat Cream (PC),89,PALE YELLOW
Ivory Cream (Eng),89,PALE YELLOW
Light Gray (Eng),89,PALE YELLOW
Light Ivory (Y&D),89,PALE YELLOW
Olivaceo-Bubalinus,89,PALE YELLOW
Olive Bistre,89,PALE YELLOW
Olive Green,89,PALE YELLOW
Olive Yellow,89,PALE YELLOW
Orange,89,PALE YELLOW
Pale Yellow,89,PALE YELLOW
Primulinus,89,PALE YELLOW
Salmoneus,89,PALE YELLOW
Stramineus,89,PALE YELLOW
Sun Tan (Y&D),89,PALE YELLOW
Yellow,89,PALE YELLOW
Yellow,89,PALE YELLOW
Yellow Buff,89,PALE YELLOW
Amber White,90,GRAYISH YELLOW
Banana,90,GRAYISH YELLOW
Beige,90,GRAYISH YELLOW
Belleek,90,GRAYISH YELLOW
Buttercup [Yellow],90,GRAYISH YELLOW
Carnation,90,GRAYISH YELLOW
Cartridge Buff,90,GRAYISH YELLOW
Chamois,90,GRAYISH YELLOW
Chamois Skin,90,GRAYISH YELLOW
Champagne,90,GRAYISH YELLOW
Cloudy Amber,90,GRAYISH YELLOW
Crash,90,GRAYISH YELLOW
Cream Buff,90,GRAYISH YELLOW
Ecru,90,GRAYISH YELLOW
Eucalyptus [Green],90,GRAYISH YELLOW
Flax,90,GRAYISH YELLOW
Flaxen,90,GRAYISH YELLOW
Fustic,90,GRAYISH YELLOW
Giallolini,90,GRAYISH YELLOW
Giallolino,90,GRAYISH YELLOW
Golden Green,90,GRAYISH YELLOW
Honeysweet,90,GRAYISH YELLOW
Iron Buff,90,GRAYISH YELLOW
Italian Straw,90,GRAYISH YELLOW
Lark,90,GRAYISH YELLOW
Leghorn,90,GRAYISH YELLOW
Light Stone,90,GRAYISH YELLOW
Lime [Yellow],90,GRAYISH YELLOW
Lint-white,90,GRAYISH YELLOW
Malacca,90,GRAYISH YELLOW
Maple,90,GRAYISH YELLOW
Moth [Grey],90,GRAYISH YELLOW
Nankeen [Yellow],90,GRAYISH YELLOW
Naples Yellow,90,GRAYISH YELLOW
Neapolitan Yellow,90,GRAYISH YELLOW
New Silver,90,GRAYISH YELLOW
Old Ivory,90,GRAYISH YELLOW
Parchment,90,GRAYISH YELLOW
Pastel Grey,90,GRAYISH YELLOW
Peanut,90,GRAYISH YELLOW
Pebble,90,GRAYISH YELLOW
Putty,90,GRAYISH YELLOW
Raffia,90,GRAYISH YELLOW
Seed Pearl,90,GRAYISH YELLOW
Sheepskin,90,GRAYISH YELLOW
Sombrero,90,GRAYISH YELLOW
Spanish Flesh,90,GRAYISH YELLOW
Sunbeam,90,GRAYISH YELLOW
Tanaura,90,GRAYISH YELLOW
Vanilla,90,GRAYISH YELLOW
Wine Yellow,90,GRAYISH YELLOW
Yellow Brazil Wood,90,GRAYISH YELLOW
Yellow Wood,90,GRAYISH YELLOW
Amber Gold. . 132 OY 5-d,90,GRAYISH YELLOW
Buff Citron,90,GRAYISH YELLOW
Golden Fleece. . 134 OY 5-f,90,GRAYISH YELLOW
Gray Sand.. . 141 OY 6-e,90,GRAYISH YELLOW
Hemp,90,GRAYISH YELLOW
Mood Beige,90,GRAYISH YELLOW
Rio Grande . 133 OY 5-e,90,GRAYISH YELLOW
Siam Sand,90,GRAYISH YELLOW
Winter Yellow,90,GRAYISH YELLOW
Deep Olive-Buff,90,GRAYISH YELLOW
Olive-Buff,90,GRAYISH YELLOW
Smoke Gray,90,GRAYISH YELLOW
Bamboo cm ? oc,90,GRAYISH YELLOW
Biscuit,90,GRAYISH YELLOW
Bisque,90,GRAYISH YELLOW
Chamois,90,GRAYISH YELLOW
Ecru,90,GRAYISH YELLOW
Ivory,90,GRAYISH YELLOW
Light Beige,90,GRAYISH YELLOW
Oatmeal,90,GRAYISH YELLOW
Putty,90,GRAYISH YELLOW
Sand em,90,GRAYISH YELLOW
Flax,90,GRAYISH YELLOW
Goldmist,90,GRAYISH YELLOW
Aircraft Cream (AN),90,GRAYISH YELLOW
Bistre,90,GRAYISH YELLOW
Buff (PC),90,GRAYISH YELLOW
Cream (Eng),90,GRAYISH YELLOW
Cream (MA),90,GRAYISH YELLOW
Cream (USA),90,GRAYISH YELLOW
Dull Reddish Yellow,90,GRAYISH YELLOW
Dull Yellow,90,GRAYISH YELLOW
Fumosus,90,GRAYISH YELLOW
Gray (PBS),90,GRAYISH YELLOW
Gray Tint (MA),90,GRAYISH YELLOW
Grayish Yellow,90,GRAYISH YELLOW
Highlight Buff (Y&D),90,GRAYISH YELLOW
Light Gray (Eng),90,GRAYISH YELLOW
Light Gray (USA),90,GRAYISH YELLOW
Light Gray,90,GRAYISH YELLOW
Olivaceo-Bubalinus,90,GRAYISH YELLOW
Olive Bistre,90,GRAYISH YELLOW
Olive Green,90,GRAYISH YELLOW
Pale Yellow,90,GRAYISH YELLOW
Pearl Gray (PC),90,GRAYISH YELLOW
Sand (USA),90,GRAYISH YELLOW
Warm Gray (Eng),90,GRAYISH YELLOW
Warm Gray (USA),90,GRAYISH YELLOW
Yellow,90,GRAYISH YELLOW
Yellow,90,GRAYISH YELLOW
Yellow Buff,90,GRAYISH YELLOW
Bistre Green,91,DARK GRAYISH YELLOW
Blond,91,DARK GRAYISH YELLOW
Buckthorn Brown,91,DARK GRAYISH YELLOW
Burnt,91,DARK GRAYISH YELLOW
California Green,91,DARK GRAYISH YELLOW
Chamoline,91,DARK GRAYISH YELLOW
Cloudy Amber,91,DARK GRAYISH YELLOW
Crash,91,DARK GRAYISH YELLOW
Deep Stone,91,DARK GRAYISH YELLOW
Golden,91,DARK GRAYISH YELLOW
Golden Green,91,DARK GRAYISH YELLOW
Honey [Yellow],91,DARK GRAYISH YELLOW
Isabella,91,DARK GRAYISH YELLOW
Lark,91,DARK GRAYISH YELLOW
Light Stone,91,DARK GRAYISH YELLOW
Middle Stone,91,DARK GRAYISH YELLOW
Old Ivory,91,DARK GRAYISH YELLOW
Olivesheen,91,DARK GRAYISH YELLOW
Orient [Yellow],91,DARK GRAYISH YELLOW
Parchment,91,DARK GRAYISH YELLOW
Powdered Gold,91,DARK GRAYISH YELLOW
Roe,91,DARK GRAYISH YELLOW
Sudan,91,DARK GRAYISH YELLOW
Sumac,91,DARK GRAYISH YELLOW
Tennis,91,DARK GRAYISH YELLOW
Tinsel,91,DARK GRAYISH YELLOW
Venus,91,DARK GRAYISH YELLOW
Yellowstone,91,DARK GRAYISH YELLOW
Amber Gold,91,DARK GRAYISH YELLOW
Fog Yellow,91,DARK GRAYISH YELLOW
Russet Leaf,91,DARK GRAYISH YELLOW
Dark Olive-Buff,91,DARK GRAYISH YELLOW
Ecru-Olive _ ’,91,DARK GRAYISH YELLOW
Isabella Color,91,DARK GRAYISH YELLOW
Olive Lake,91,DARK GRAYISH YELLOW
Light Mustard Tan,91,DARK GRAYISH YELLOW
Bistre,91,DARK GRAYISH YELLOW
Dull Reddish Yellow,91,DARK GRAYISH YELLOW
Dull Yellow,91,DARK GRAYISH YELLOW
Dusky Yellow,91,DARK GRAYISH YELLOW
Isabellinus,91,DARK GRAYISH YELLOW
"Light Yellowish Brown...,",91,DARK GRAYISH YELLOW
Olivaceus,91,DARK GRAYISH YELLOW
Olive Bistre,91,DARK GRAYISH YELLOW
Olive Green,91,DARK GRAYISH YELLOW
Pale Olive,91,DARK GRAYISH YELLOW
Sand (USA),91,DARK GRAYISH YELLOW
Viridi-Olivaceus,91,DARK GRAYISH YELLOW
Milk White,92,YELLOWISH WHITE
Polar Bear,92,YELLOWISH WHITE
Angora,92,YELLOWISH WHITE
Cloud Cream,92,YELLOWISH WHITE
Cream,92,YELLOWISH WHITE
Cream Dream,92,YELLOWISH WHITE
Cream Cheese . 152 0 1-h,92,YELLOWISH WHITE
Cream Pearl,92,YELLOWISH WHITE
Cream Tone,92,YELLOWISH WHITE
Cream White,92,YELLOWISH WHITE
Desert Dust .. 143 OY 6-g,92,YELLOWISH WHITE
Dutch Cream,92,YELLOWISH WHITE
Ecru Cream,92,YELLOWISH WHITE
Froth,92,YELLOWISH WHITE
Green Breath,92,YELLOWISH WHITE
Heavenly Charm,92,YELLOWISH WHITE
Lamb’s Wool,92,YELLOWISH WHITE
Misty Cream,92,YELLOWISH WHITE
Mushroom . 144 OY 6-h,92,YELLOWISH WHITE
Neutral,92,YELLOWISH WHITE
Peace,92,YELLOWISH WHITE
Pearly Gates,92,YELLOWISH WHITE
Promise,92,YELLOWISH WHITE
Smile,92,YELLOWISH WHITE
String,92,YELLOWISH WHITE
Suet .. 104 OY 1-h,92,YELLOWISH WHITE
Transparent Yellow _ 103 OY 1-g,92,YELLOWISH WHITE
Pale Olive-Gray,92,YELLOWISH WHITE
Ivory Tint m . 2cb,92,YELLOWISH WHITE
Pearl,92,YELLOWISH WHITE
Shell Tint,92,YELLOWISH WHITE
Yellow Tint,92,YELLOWISH WHITE
Cream,92,YELLOWISH WHITE
Ivory,92,YELLOWISH WHITE
White (USA),92,YELLOWISH WHITE
White,92,YELLOWISH WHITE
Brownish White,92,YELLOWISH WHITE
Buff,92,YELLOWISH WHITE
Eggshell (Eng),92,YELLOWISH WHITE
Subolivaceo-Griseus,92,YELLOWISH WHITE
White,92,YELLOWISH WHITE
Yellow,92,YELLOWISH WHITE
Alabaster,93,YELLOWISH GRAY
Atmosphere,93,YELLOWISH GRAY
Belleek,93,YELLOWISH GRAY
Bisque,93,YELLOWISH GRAY
Champagne,93,YELLOWISH GRAY
Flesh,93,YELLOWISH GRAY
Lilac Grey,93,YELLOWISH GRAY
Mauve Blush,93,YELLOWISH GRAY
Moonlight,93,YELLOWISH GRAY
Moonmist,93,YELLOWISH GRAY
Natural,93,YELLOWISH GRAY
New Silver,93,YELLOWISH GRAY
Paper White,93,YELLOWISH GRAY
Pearl Gray,93,YELLOWISH GRAY
Plaza Grey,93,YELLOWISH GRAY
Shell Grey,93,YELLOWISH GRAY
Tilleul-Buff,93,YELLOWISH GRAY
White Jade,93,YELLOWISH GRAY
Woodash,93,YELLOWISH GRAY
Beige Gray,93,YELLOWISH GRAY
Gravel,93,YELLOWISH GRAY
Gray Dream,93,YELLOWISH GRAY
Gray Sand,93,YELLOWISH GRAY
Moth,93,YELLOWISH GRAY
Murmur,93,YELLOWISH GRAY
Scotch Mist,93,YELLOWISH GRAY
Silver Lining,93,YELLOWISH GRAY
Tumbleweed,93,YELLOWISH GRAY
Drab-Gray,93,YELLOWISH GRAY
Light Olive-Gray,93,YELLOWISH GRAY
Pale Mouse Gray,93,YELLOWISH GRAY
Pale Olive-Gray,93,YELLOWISH GRAY
Pale Smoke Gray,93,YELLOWISH GRAY
Smoke Gray,93,YELLOWISH GRAY
Ivory Tint,93,YELLOWISH GRAY
Natural,93,YELLOWISH GRAY
String,93,YELLOWISH GRAY
Natural,93,YELLOWISH GRAY
Pearl Grey,93,YELLOWISH GRAY
Sand,93,YELLOWISH GRAY
White (USA),93,YELLOWISH GRAY
Bistre,93,YELLOWISH GRAY
Brownish Gray,93,YELLOWISH GRAY
Buff,93,YELLOWISH GRAY
Dark Brown,93,YELLOWISH GRAY
Fumosus,93,YELLOWISH GRAY
Gray (PC),93,YELLOWISH GRAY
Gray (PBS),93,YELLOWISH GRAY
Gray,93,YELLOWISH GRAY
Light Gray,93,YELLOWISH GRAY
Olive Bistre,93,YELLOWISH GRAY
Olive Green,93,YELLOWISH GRAY
Olive Yellow,93,YELLOWISH GRAY
Submurinus,93,YELLOWISH GRAY
Subolivaceo-Griseus,93,YELLOWISH GRAY
Very Pale Orange,93,YELLOWISH GRAY
White,93,YELLOWISH GRAY
Yellowish Gray,93,YELLOWISH GRAY
Antelope,94,LIGHT OLIVE BROWN
Antique,94,LIGHT OLIVE BROWN
Antique Drab,94,LIGHT OLIVE BROWN
Arrowwood,94,LIGHT OLIVE BROWN
Aurum,94,LIGHT OLIVE BROWN
Biarritz,94,LIGHT OLIVE BROWN
Buckthorn Brown,94,LIGHT OLIVE BROWN
Burnished Gold,94,LIGHT OLIVE BROWN
Calabash,94,LIGHT OLIVE BROWN
Chamoline,94,LIGHT OLIVE BROWN
i-.. . 12 A3,94,LIGHT OLIVE BROWN
Crash,94,LIGHT OLIVE BROWN
Deep Stone,94,LIGHT OLIVE BROWN
Drab,94,LIGHT OLIVE BROWN
Dresden Brown,94,LIGHT OLIVE BROWN
Dust,94,LIGHT OLIVE BROWN
Elmwood .. v,94,LIGHT OLIVE BROWN
Fox,94,LIGHT OLIVE BROWN
Gold,94,LIGHT OLIVE BROWN
Golden,94,LIGHT OLIVE BROWN
Imperial Stone,94,LIGHT OLIVE BROWN
Hamadan,94,LIGHT OLIVE BROWN
Isabella,94,LIGHT OLIVE BROWN
Lark,94,LIGHT OLIVE BROWN
Lido,94,LIGHT OLIVE BROWN
Mastic,94,LIGHT OLIVE BROWN
Medal Bronze,94,LIGHT OLIVE BROWN
Miami Sand,94,LIGHT OLIVE BROWN
Mode Beige,94,LIGHT OLIVE BROWN
Old Bronze,94,LIGHT OLIVE BROWN
Old Ivory,94,LIGHT OLIVE BROWN
Parchment,94,LIGHT OLIVE BROWN
Pepita,94,LIGHT OLIVE BROWN
Pinchbeck Brown,94,LIGHT OLIVE BROWN
Rustic Drab,94,LIGHT OLIVE BROWN
Sand Dune,94,LIGHT OLIVE BROWN
Seaside,94,LIGHT OLIVE BROWN
Sponge,94,LIGHT OLIVE BROWN
Sudan,94,LIGHT OLIVE BROWN
Sumac,94,LIGHT OLIVE BROWN
Syrup,94,LIGHT OLIVE BROWN
Tea Time,94,LIGHT OLIVE BROWN
Tinsel,94,LIGHT OLIVE BROWN
Tourterelle,94,LIGHT OLIVE BROWN
Travertine,94,LIGHT OLIVE BROWN
Citron Gray,94,LIGHT OLIVE BROWN
Shadow Beige,94,LIGHT OLIVE BROWN
Taupe Sand,94,LIGHT OLIVE BROWN
Tuscan Sand_ 139 OY 6-c,94,LIGHT OLIVE BROWN
Yellow Mist.... 140 OY 6-d,94,LIGHT OLIVE BROWN
Buffy Citrine,94,LIGHT OLIVE BROWN
Clay Color,94,LIGHT OLIVE BROWN
Light Brownish Olive,94,LIGHT OLIVE BROWN
Old Gold,94,LIGHT OLIVE BROWN
Orange-Citrine,94,LIGHT OLIVE BROWN
Saccardo’s Olive,94,LIGHT OLIVE BROWN
Tawny-Olive,94,LIGHT OLIVE BROWN
Beige,94,LIGHT OLIVE BROWN
Camel,94,LIGHT OLIVE BROWN
Covert Tan,94,LIGHT OLIVE BROWN
Dull Gold,94,LIGHT OLIVE BROWN
Greige,94,LIGHT OLIVE BROWN
Light Mustard Tan,94,LIGHT OLIVE BROWN
Mustard,94,LIGHT OLIVE BROWN
Mustard Gold,94,LIGHT OLIVE BROWN
Mustard Tan,94,LIGHT OLIVE BROWN
Old Gold,94,LIGHT OLIVE BROWN
Silver Gray g_;,94,LIGHT OLIVE BROWN
Khaki,94,LIGHT OLIVE BROWN
Acanthe,95,MODERATE OLIVE BROWN
Antique,95,MODERATE OLIVE BROWN
Antique Drab,95,MODERATE OLIVE BROWN
Bone Brown,95,MODERATE OLIVE BROWN
Bracken,95,MODERATE OLIVE BROWN
Broncho,95,MODERATE OLIVE BROWN
Bronze Nude,95,MODERATE OLIVE BROWN
Butternut,95,MODERATE OLIVE BROWN
Cocher,95,MODERATE OLIVE BROWN
Dresden Brown,95,MODERATE OLIVE BROWN
Fox,95,MODERATE OLIVE BROWN
Indian Brown,95,MODERATE OLIVE BROWN
Ivory Brown,95,MODERATE OLIVE BROWN
Loutre,95,MODERATE OLIVE BROWN
Old English Brown,95,MODERATE OLIVE BROWN
Old Olive,95,MODERATE OLIVE BROWN
Olive Brown,95,MODERATE OLIVE BROWN
Rubber,95,MODERATE OLIVE BROWN
Siberian Brown,95,MODERATE OLIVE BROWN
Syrup,95,MODERATE OLIVE BROWN
Whippet,95,MODERATE OLIVE BROWN
Autumn Brown,95,MODERATE OLIVE BROWN
Bison,95,MODERATE OLIVE BROWN
Citron Bronze,95,MODERATE OLIVE BROWN
Deep Ravine,95,MODERATE OLIVE BROWN
Hawk Brown,95,MODERATE OLIVE BROWN
Oriental Bronze,95,MODERATE OLIVE BROWN
Brownish Olive,95,MODERATE OLIVE BROWN
Medal Bronze,95,MODERATE OLIVE BROWN
Saccardo's Olive,95,MODERATE OLIVE BROWN
Saccardo’s Umber,95,MODERATE OLIVE BROWN
Sepia,95,MODERATE OLIVE BROWN
Beaver,95,MODERATE OLIVE BROWN
Beige Brown,95,MODERATE OLIVE BROWN
Clove Brown,95,MODERATE OLIVE BROWN
Covert Brown,95,MODERATE OLIVE BROWN
Dark Brown,95,MODERATE OLIVE BROWN
Deep Brown,95,MODERATE OLIVE BROWN
Mist Brown,95,MODERATE OLIVE BROWN
Mustard Brown,95,MODERATE OLIVE BROWN
Bronze,95,MODERATE OLIVE BROWN
Light Olive Drab,95,MODERATE OLIVE BROWN
Bistre,95,MODERATE OLIVE BROWN
Brownish Olive,95,MODERATE OLIVE BROWN
Dark Earth (AN),95,MODERATE OLIVE BROWN
Dark Grayish Brown,95,MODERATE OLIVE BROWN
Field Drab (USA),95,MODERATE OLIVE BROWN
Olivaceo-Citrinus,95,MODERATE OLIVE BROWN
Olivaceus,95,MODERATE OLIVE BROWN
Olive,95,MODERATE OLIVE BROWN
Olive Brown,95,MODERATE OLIVE BROWN
Olive Brown,95,MODERATE OLIVE BROWN
Red Brown,95,MODERATE OLIVE BROWN
Sepiaceus,95,MODERATE OLIVE BROWN
Very Dark Grayish Brown,95,MODERATE OLIVE BROWN
Bistre,96,DARK OLIVE BROWN
Bistre Brown,96,DARK OLIVE BROWN
Brown Bistre,96,DARK OLIVE BROWN
Brown Olive,96,DARK OLIVE BROWN
Brownish Olive,96,DARK OLIVE BROWN
Dark Ochre,96,DARK OLIVE BROWN
Deep Bistre,96,DARK OLIVE BROWN
Gray Bistre,96,DARK OLIVE BROWN
Gray Brown,96,DARK OLIVE BROWN
Grayish Brown,96,DARK OLIVE BROWN
Isabellinus,96,DARK OLIVE BROWN
Light Olive Brown,96,DARK OLIVE BROWN
Melleus,96,DARK OLIVE BROWN
Middle Stone (AN),96,DARK OLIVE BROWN
Middlestone (USA),96,DARK OLIVE BROWN
Olivaceo-Citrinus,96,DARK OLIVE BROWN
Olivaceus,96,DARK OLIVE BROWN
Olive Bistre,96,DARK OLIVE BROWN
Bark,96,DARK OLIVE BROWN
Bone Brown,96,DARK OLIVE BROWN
Bracken,96,DARK OLIVE BROWN
Broncho,96,DARK OLIVE BROWN
Indian Brown,96,DARK OLIVE BROWN
Ivory Brown,96,DARK OLIVE BROWN
Loutre,96,DARK OLIVE BROWN
Mocha,96,DARK OLIVE BROWN
Old English Brown,96,DARK OLIVE BROWN
Sepia,96,DARK OLIVE BROWN
Lava,96,DARK OLIVE BROWN
"Taylor, Knoche,",96,DARK OLIVE BROWN
Granville,96,DARK OLIVE BROWN
Beaver Gray,96,DARK OLIVE BROWN
Coffee,96,DARK OLIVE BROWN
Dark Brown,96,DARK OLIVE BROWN
Sepia Brown,96,DARK OLIVE BROWN
Seal Brown,96,DARK OLIVE BROWN
Black,96,DARK OLIVE BROWN
Dull Brownish Olive,96,DARK OLIVE BROWN
Marine Green,96,DARK OLIVE BROWN
Olive Brown,96,DARK OLIVE BROWN
Olive Drab (AN),96,DARK OLIVE BROWN
Olive Drab (PC),96,DARK OLIVE BROWN
Olive Drab (USA),96,DARK OLIVE BROWN
Cadmium Lemon,97,VIVID GREENISH YELLOW
Mutrie Yellow,97,VIVID GREENISH YELLOW
Bright Chartreuse Yellow g. lob,97,VIVID GREENISH YELLOW
Bright Lemon Yellow,97,VIVID GREENISH YELLOW
Lemon Yellow,97,VIVID GREENISH YELLOW
Mimosa Yellow,97,VIVID GREENISH YELLOW
Bright Greenish Yellow,97,VIVID GREENISH YELLOW
Lemon,97,VIVID GREENISH YELLOW
Primrose Yellow,97,VIVID GREENISH YELLOW
Sulphur Yellow,97,VIVID GREENISH YELLOW
Cadmium Lemon,98,BRILLIANT GREENISH
Chartreuse,98,BRILLIANT GREENISH
Chrome Primrose,98,BRILLIANT GREENISH
Citronelle,98,BRILLIANT GREENISH
Endive,98,BRILLIANT GREENISH
Eve Green,98,BRILLIANT GREENISH
Mutrie Yellow,98,BRILLIANT GREENISH
Strontium Yellow,98,BRILLIANT GREENISH
Butterfly Yellow,98,BRILLIANT GREENISH
Chartreuse Yellow,98,BRILLIANT GREENISH
Gay Yellow,98,BRILLIANT GREENISH
Grapefruit Green,98,BRILLIANT GREENISH
Lime Yellow,98,BRILLIANT GREENISH
Primrose Yellow,98,BRILLIANT GREENISH
Spring Flower,98,BRILLIANT GREENISH
Summer Sun,98,BRILLIANT GREENISH
Sun Yellow,98,BRILLIANT GREENISH
Yellow Bright,98,BRILLIANT GREENISH
Citron Yellow,98,BRILLIANT GREENISH
Green-Yellow,98,BRILLIANT GREENISH
Lemon Yellow,98,BRILLIANT GREENISH
Light Greenish Yellow,98,BRILLIANT GREENISH
Pale Lemon Yellow,98,BRILLIANT GREENISH
Picric Yellow,98,BRILLIANT GREENISH
Bright Chartreuse Yellow,98,BRILLIANT GREENISH
Lemon Yellow,98,BRILLIANT GREENISH
Light Chartreuse Yellow,98,BRILLIANT GREENISH
Light Citron Yellow,98,BRILLIANT GREENISH
Light Lemon Yellow,98,BRILLIANT GREENISH
Light Yellow,98,BRILLIANT GREENISH
Mimosa Yellow,98,BRILLIANT GREENISH
Sulphur Yellow,98,BRILLIANT GREENISH
Dresden Yellow,98,BRILLIANT GREENISH
Flavus,98,BRILLIANT GREENISH
Greenish Yellow,98,BRILLIANT GREENISH
Mimosa Yellow,98,BRILLIANT GREENISH
Sulphureus,98,BRILLIANT GREENISH
Viridi-Flavus,98,BRILLIANT GREENISH
Chartreuse,99,STRONG GREENISH
Citronelle,99,STRONG GREENISH
Citron Yellow,99,STRONG GREENISH
Greenish Yellow,99,STRONG GREENISH
Lemon Yellow,99,STRONG GREENISH
Light Greenish Yellow,99,STRONG GREENISH
Strontium Yellow,99,STRONG GREENISH
Viridine Yellow,99,STRONG GREENISH
Bright Chartreuse Yellow,99,STRONG GREENISH
gm,99,STRONG GREENISH
Chartreuse Yellow,99,STRONG GREENISH
Citron Yellow,99,STRONG GREENISH
Light Chartreuse Yellow,99,STRONG GREENISH
Light Citron Yellow,99,STRONG GREENISH
Chartreuse,99,STRONG GREENISH
Citron Green,99,STRONG GREENISH
Flavo-Virens,99,STRONG GREENISH
Flavus,99,STRONG GREENISH
Greenish Yellow,99,STRONG GREENISH
Viridi-Flavus,99,STRONG GREENISH
Olive Yellow g_. . lpe,100,DEEP GREENISH YELLOW
Greenish Yellow,100,DEEP GREENISH YELLOW
Lemon Yellow,100,DEEP GREENISH YELLOW
Olive Green,100,DEEP GREENISH YELLOW
Acacia,101,LIGHT GREENISH
Brimstone [Yellow],101,LIGHT GREENISH
Chalcedony Yellow,101,LIGHT GREENISH
Chartreuse,101,LIGHT GREENISH
Chartreuse Yellow,101,LIGHT GREENISH
Chrome Primrose,101,LIGHT GREENISH
Citronelle,101,LIGHT GREENISH
Citrus,101,LIGHT GREENISH
Dyer’s Broom,101,LIGHT GREENISH
Dyer's Greenwood,101,LIGHT GREENISH
Endive,101,LIGHT GREENISH
Gaude,101,LIGHT GREENISH
Genestrole,101,LIGHT GREENISH
Genet,101,LIGHT GREENISH
Liqueur Green,101,LIGHT GREENISH
Luteous,101,LIGHT GREENISH
Martius Yellow,101,LIGHT GREENISH
Olde,101,LIGHT GREENISH
Oold,101,LIGHT GREENISH
Reed Yellow,101,LIGHT GREENISH
Sulphur,101,LIGHT GREENISH
Sulphur [Yellow],101,LIGHT GREENISH
Trentanel,101,LIGHT GREENISH
Wald,101,LIGHT GREENISH
Wau,101,LIGHT GREENISH
Weld,101,LIGHT GREENISH
Wield,101,LIGHT GREENISH
Woald,101,LIGHT GREENISH
Wod,101,LIGHT GREENISH
Wold,101,LIGHT GREENISH
Butterfly Yellow,101,LIGHT GREENISH
Chelsea Yellow,101,LIGHT GREENISH
Citron Yellow,101,LIGHT GREENISH
Gleam,101,LIGHT GREENISH
Green Charm,101,LIGHT GREENISH
Love Light,101,LIGHT GREENISH
Lustrous Yellow,101,LIGHT GREENISH
Mellow Yellow,101,LIGHT GREENISH
Misty Jade,101,LIGHT GREENISH
Muted Yellow,101,LIGHT GREENISH
Pale Star,101,LIGHT GREENISH
Poet's Yellow,101,LIGHT GREENISH
Pom Pom,101,LIGHT GREENISH
Shining Yellow,101,LIGHT GREENISH
Spring Dream,101,LIGHT GREENISH
Spring Eve,101,LIGHT GREENISH
Sulphur,101,LIGHT GREENISH
Sun Yellow,101,LIGHT GREENISH
Sunshine... . 12 Y 2—d,101,LIGHT GREENISH
Winter Sun,101,LIGHT GREENISH
Yellow Bright,101,LIGHT GREENISH
Barium Yellow,101,LIGHT GREENISH
Chalcedony Yellow,101,LIGHT GREENISH
Chartreuse Yellow,101,LIGHT GREENISH
Citron Yellow,101,LIGHT GREENISH
Light Chalcedony Yellow,101,LIGHT GREENISH
Light Green-Yellow,101,LIGHT GREENISH
Light Viridine Yellow,101,LIGHT GREENISH
Martius Yellow,101,LIGHT GREENISH
Naphthalene Yellow,101,LIGHT GREENISH
Pale Green-Yellow,101,LIGHT GREENISH
Pale Greenish Yellow,101,LIGHT GREENISH
Pale Viridine Yellow,101,LIGHT GREENISH
Primrose Yellow,101,LIGHT GREENISH
Sea-foam Yellow,101,LIGHT GREENISH
Sulphur Yellow,101,LIGHT GREENISH
Canary Yellow gm . lea,101,LIGHT GREENISH
Light Chartreuse Yellow,101,LIGHT GREENISH
Light Citron Yellow,101,LIGHT GREENISH
Light Lemon Yellow,101,LIGHT GREENISH
Light Yellow gm __ lea,101,LIGHT GREENISH
Mimosa Yellow,101,LIGHT GREENISH
Pale Lemon Yellow,101,LIGHT GREENISH
Pastel Yellow,101,LIGHT GREENISH
Primrose Yellow,101,LIGHT GREENISH
Sulphur Yellow,101,LIGHT GREENISH
Flavo-Virens,101,LIGHT GREENISH
Greenish Yellow,101,LIGHT GREENISH
Griseo-Chlorinus,101,LIGHT GREENISH
Primulinus,101,LIGHT GREENISH
Stramineus,101,LIGHT GREENISH
Sulphureus,101,LIGHT GREENISH
Viridi-Flavus,101,LIGHT GREENISH
Acacia,102,MODERATE GREENISH
Chartreuse,102,MODERATE GREENISH
Chrysolite Green,102,MODERATE GREENISH
Citronelle,102,MODERATE GREENISH
Citron Green,102,MODERATE GREENISH
Dyer’s Broom,102,MODERATE GREENISH
Dyer’s Greenwood,102,MODERATE GREENISH
Eau-de-Javel Green,102,MODERATE GREENISH
Gaude,102,MODERATE GREENISH
Genestrole,102,MODERATE GREENISH
Genet,102,MODERATE GREENISH
Grapefruit,102,MODERATE GREENISH
Javel Green,102,MODERATE GREENISH
Linden Green,102,MODERATE GREENISH
Linden Yellow,102,MODERATE GREENISH
Liqueur Green,102,MODERATE GREENISH
Luteous,102,MODERATE GREENISH
Oil Yellow,102,MODERATE GREENISH
Olde,102,MODERATE GREENISH
Oold,102,MODERATE GREENISH
Russet Green,102,MODERATE GREENISH
Trentanel,102,MODERATE GREENISH
Wald,102,MODERATE GREENISH
Wau,102,MODERATE GREENISH
Weld,102,MODERATE GREENISH
Wield,102,MODERATE GREENISH
Woald,102,MODERATE GREENISH
Wod,102,MODERATE GREENISH
Wold,102,MODERATE GREENISH
Citron Yellow,102,MODERATE GREENISH
Barium Yellow,102,MODERATE GREENISH
Citron Green,102,MODERATE GREENISH
Citron Yellow ._•,102,MODERATE GREENISH
Javel Green,102,MODERATE GREENISH
Lime Green,102,MODERATE GREENISH
Olive-Yellow,102,MODERATE GREENISH
Pale Greenish Yellow,102,MODERATE GREENISH
Reed Yellow,102,MODERATE GREENISH
Viridine Yellow,102,MODERATE GREENISH
Chartreuse Yellow,102,MODERATE GREENISH
Citron Yellow,102,MODERATE GREENISH
Light Chartreuse Yellow,102,MODERATE GREENISH
Light Citron Yellow,102,MODERATE GREENISH
Pastel Yellow g . lfb,102,MODERATE GREENISH
Bistre,102,MODERATE GREENISH
Citrino-Viridis,102,MODERATE GREENISH
Citron Green,102,MODERATE GREENISH
Flavo-Virens,102,MODERATE GREENISH
Greenish Yellow,102,MODERATE GREENISH
Griseo-Chlorinus,102,MODERATE GREENISH
Herbaceus,102,MODERATE GREENISH
Primulinus,102,MODERATE GREENISH
Stramineus,102,MODERATE GREENISH
Sulphureus,102,MODERATE GREENISH
Viridi-Flavus,102,MODERATE GREENISH
Certosa,103,DARK GREENISH YELLOW
Chartreuse Green,103,DARK GREENISH YELLOW
Courge Green,103,DARK GREENISH YELLOW
Olive Yellow,103,DARK GREENISH YELLOW
Russet Green . 20,103,DARK GREENISH YELLOW
Light Yellowish Olive,103,DARK GREENISH YELLOW
Lime Green,103,DARK GREENISH YELLOW
Oil Yellow,103,DARK GREENISH YELLOW
Pyrite Yellow,103,DARK GREENISH YELLOW
Olive Yellow,103,DARK GREENISH YELLOW
Citrino-Viridis,103,DARK GREENISH YELLOW
Dark Greenish Yellow,103,DARK GREENISH YELLOW
Greenish Yellow,103,DARK GREENISH YELLOW
Herbaceus,103,DARK GREENISH YELLOW
Olivaceo-Citrinus,103,DARK GREENISH YELLOW
Olivaceus . B;,103,DARK GREENISH YELLOW
Amber White,104,PALE GREENISH YELLOW
Primrose Green,104,PALE GREENISH YELLOW
Tilleul [Green],104,PALE GREENISH YELLOW
Wax Color,104,PALE GREENISH YELLOW
Waxen,104,PALE GREENISH YELLOW
Wax White,104,PALE GREENISH YELLOW
Best Effort,104,PALE GREENISH YELLOW
Blossom,104,PALE GREENISH YELLOW
Breath of Spring,104,PALE GREENISH YELLOW
Chelsea Yellow,104,PALE GREENISH YELLOW
Cream Chant,104,PALE GREENISH YELLOW
Cream Delight,104,PALE GREENISH YELLOW
Gold Glow,104,PALE GREENISH YELLOW
Happy Day,104,PALE GREENISH YELLOW
Heavenly Day,104,PALE GREENISH YELLOW
Jade Cream,104,PALE GREENISH YELLOW
Light Hearted,104,PALE GREENISH YELLOW
Mellow Yellow,104,PALE GREENISH YELLOW
Misty Jade,104,PALE GREENISH YELLOW
Nymph Green,104,PALE GREENISH YELLOW
Olive Glow,104,PALE GREENISH YELLOW
Olive Hint,104,PALE GREENISH YELLOW
Pale Star,104,PALE GREENISH YELLOW
Shine,104,PALE GREENISH YELLOW
Spring Dream,104,PALE GREENISH YELLOW
Sun Green,104,PALE GREENISH YELLOW
Unique,104,PALE GREENISH YELLOW
Yellow Essence,104,PALE GREENISH YELLOW
Naphthalene Yellow,104,PALE GREENISH YELLOW
Pale Chalcedony Yellow,104,PALE GREENISH YELLOW
Pale Green-Yellow,104,PALE GREENISH YELLOW
Pale Viridine Yellow,104,PALE GREENISH YELLOW
Sea-foam Green,104,PALE GREENISH YELLOW
Sea-foam Yellow,104,PALE GREENISH YELLOW
Sulphur Yellow,104,PALE GREENISH YELLOW
Pale Yellow g . l ca,104,PALE GREENISH YELLOW
Pastel Yellow m . lfb,104,PALE GREENISH YELLOW
Dull Greenish Yellow,104,PALE GREENISH YELLOW
Flavo-Virens,104,PALE GREENISH YELLOW
Griseo-Chlorinus,104,PALE GREENISH YELLOW
Stramineus,104,PALE GREENISH YELLOW
Sulphureus,104,PALE GREENISH YELLOW
Viridi-Flavus,104,PALE GREENISH YELLOW
Absinthe Yellow,105,GRAYISH GREENISH
Amber White,105,GRAYISH GREENISH
Chrysolite Green,105,GRAYISH GREENISH
Citron Green,105,GRAYISH GREENISH
Hay,105,GRAYISH GREENISH
Lime Green,105,GRAYISH GREENISH
Russet Green,105,GRAYISH GREENISH
Sallow,105,GRAYISH GREENISH
Siskin Green,105,GRAYISH GREENISH
Water Green,105,GRAYISH GREENISH
Wax Color,105,GRAYISH GREENISH
Waxen,105,GRAYISH GREENISH
Wax White,105,GRAYISH GREENISH
Yellow Stone,105,GRAYISH GREENISH
Lily Green,105,GRAYISH GREENISH
Citron Green,105,GRAYISH GREENISH
Citron,105,GRAYISH GREENISH
Dull Greenish Yellow,105,GRAYISH GREENISH
Green (PC),105,GRAYISH GREENISH
Griseo-Chlorinus,105,GRAYISH GREENISH
Light Green (USA),105,GRAYISH GREENISH
Moderate Greenish Yellow,105,GRAYISH GREENISH
Antique Brass,106,LIGHT OLIVE
Aucuba Green,106,LIGHT OLIVE
Bladder Green,106,LIGHT OLIVE
Certosa,106,LIGHT OLIVE
Citrine,106,LIGHT OLIVE
"Courge Green .,",106,LIGHT OLIVE
Green Finch,106,LIGHT OLIVE
Grape Green,106,LIGHT OLIVE
Laurel Green,106,LIGHT OLIVE
LeekGr6en,106,LIGHT OLIVE
Lime Green,106,LIGHT OLIVE
Mignonette [Green],106,LIGHT OLIVE
Moss [Green],106,LIGHT OLIVE
Mousse,106,LIGHT OLIVE
Oak [Green],106,LIGHT OLIVE
Oasis,106,LIGHT OLIVE
Old Bronze,106,LIGHT OLIVE
Old Gold,106,LIGHT OLIVE
Old Moss [Green],106,LIGHT OLIVE
Olive Terra Verte,106,LIGHT OLIVE
Olive Yellow,106,LIGHT OLIVE
Palmleaf,106,LIGHT OLIVE
Reseda [Green],106,LIGHT OLIVE
Rhubarb,106,LIGHT OLIVE
Romantic Green,106,LIGHT OLIVE
Russet Green,106,LIGHT OLIVE
Sap Green,106,LIGHT OLIVE
Sea Moss (a),106,LIGHT OLIVE
Serpentine Green,106,LIGHT OLIVE
Silver Fern,106,LIGHT OLIVE
Verde Vessie,106,LIGHT OLIVE
Warbler Green,106,LIGHT OLIVE
Willow Green,106,LIGHT OLIVE
Bronze Mist,106,LIGHT OLIVE
Cocoa Bronze,106,LIGHT OLIVE
Buffy Olive,106,LIGHT OLIVE
Citrine,106,LIGHT OLIVE
"Citrine-Drab ... XL 21 ""1",106,LIGHT OLIVE
Dull Citrine,106,LIGHT OLIVE
Kronberg’s Green,106,LIGHT OLIVE
Lime Green,106,LIGHT OLIVE
Mignonette Green,106,LIGHT OLIVE
Olive Lake,106,LIGHT OLIVE
Serpentine Green,106,LIGHT OLIVE
Warbler Green,106,LIGHT OLIVE
Yellowish Oil Green,106,LIGHT OLIVE
Yellowish Olive,106,LIGHT OLIVE
Bright Olive Green g _ 24 H pg,106,LIGHT OLIVE
Dull Gold,106,LIGHT OLIVE
Dusty Olive,106,LIGHT OLIVE
Golden Olive gm . 1% pg,106,LIGHT OLIVE
Light Moss Green,106,LIGHT OLIVE
Light Mustard Tan,106,LIGHT OLIVE
Light Olive gm . ie,106,LIGHT OLIVE
Olive,106,LIGHT OLIVE
Atroherbaceus,106,LIGHT OLIVE
Bistre Brown,106,LIGHT OLIVE
Citrino-Viridis,106,LIGHT OLIVE
Dull Greenish Yellow,106,LIGHT OLIVE
Herbaceus,106,LIGHT OLIVE
Light Olive,106,LIGHT OLIVE
Light Olive Brown,106,LIGHT OLIVE
Light Olive Green,106,LIGHT OLIVE
Olivaceo-Citrinus,106,LIGHT OLIVE
Olivaceus,106,LIGHT OLIVE
Olive,106,LIGHT OLIVE
Olive,106,LIGHT OLIVE
Olive Bistre,106,LIGHT OLIVE
Olive Green,106,LIGHT OLIVE
Viridi-Olivaceus,106,LIGHT OLIVE
Yellow Brown,106,LIGHT OLIVE
Ivy [Green],107,MODERATE OLIVE
Kentucky Green,107,MODERATE OLIVE
Lierre,107,MODERATE OLIVE
Metallic Green,107,MODERATE OLIVE
Olivaceous,107,MODERATE OLIVE
Olive [Green],107,MODERATE OLIVE
Roman Green,107,MODERATE OLIVE
Willow,107,MODERATE OLIVE
Antique Bronze,107,MODERATE OLIVE
Midnight Bronze,107,MODERATE OLIVE
Calla Green,107,MODERATE OLIVE
Citrine,107,MODERATE OLIVE
Dark Citrine,107,MODERATE OLIVE
Dark Greenish Olive,107,MODERATE OLIVE
Deep Olive,107,MODERATE OLIVE
Dull Citrine,107,MODERATE OLIVE
Ivy Green,107,MODERATE OLIVE
Kronberg’s Green,107,MODERATE OLIVE
Olive,107,MODERATE OLIVE
Olive-Citrine,107,MODERATE OLIVE
Olive-Green,107,MODERATE OLIVE
Roman Green,107,MODERATE OLIVE
Yellowish Olive,107,MODERATE OLIVE
Dark Olive Green gm _ 24,107,MODERATE OLIVE
Dull Gold,107,MODERATE OLIVE
Mustard Brown,107,MODERATE OLIVE
Mustard Tan,107,MODERATE OLIVE
Olive,107,MODERATE OLIVE
Atroherbaceus,107,MODERATE OLIVE
Dark Olive,107,MODERATE OLIVE
Herbaceus,107,MODERATE OLIVE
Moderate Olive Brown,107,MODERATE OLIVE
Obscuro-Virens,107,MODERATE OLIVE
Olivaceo-Citrinus,107,MODERATE OLIVE
Olivaceus,107,MODERATE OLIVE
Olive,107,MODERATE OLIVE
Olive,107,MODERATE OLIVE
Olive Gray,107,MODERATE OLIVE
Olive Green,107,MODERATE OLIVE
Olive Yellow,107,MODERATE OLIVE
Black Olive,108,DARK OLIVE
Dark Brown,108,DARK OLIVE
Ebony,108,DARK OLIVE
Teak,108,DARK OLIVE
Anti-Corrosive Green (MA),108,DARK OLIVE
Dark Olive,108,DARK OLIVE
Green (PO),108,DARK OLIVE
Olive,108,DARK OLIVE
Olive Drab (USA),108,DARK OLIVE
Olive Green (USA),108,DARK OLIVE
Pullman Green (PC),108,DARK OLIVE
Acier,109,LIGHT GRAYISH OLIVE
Anamite,109,LIGHT GRAYISH OLIVE
Antique Brass,109,LIGHT GRAYISH OLIVE
Beach,109,LIGHT GRAYISH OLIVE
Chip,109,LIGHT GRAYISH OLIVE
Crash,109,LIGHT GRAYISH OLIVE
Dune,109,LIGHT GRAYISH OLIVE
Dusty Green,109,LIGHT GRAYISH OLIVE
Grey Drab,109,LIGHT GRAYISH OLIVE
Hemp,109,LIGHT GRAYISH OLIVE
Lead Grey,109,LIGHT GRAYISH OLIVE
Lint,109,LIGHT GRAYISH OLIVE
Moss Grey,109,LIGHT GRAYISH OLIVE
Quaker Grey,109,LIGHT GRAYISH OLIVE
Sage Grey,109,LIGHT GRAYISH OLIVE
Sand,109,LIGHT GRAYISH OLIVE
Silver Fern,109,LIGHT GRAYISH OLIVE
Sirocco,109,LIGHT GRAYISH OLIVE
Smoke Yellow,109,LIGHT GRAYISH OLIVE
Sudan,109,LIGHT GRAYISH OLIVE
Twine,109,LIGHT GRAYISH OLIVE
Vetiver Green,109,LIGHT GRAYISH OLIVE
Citron Gray,109,LIGHT GRAYISH OLIVE
Oriental Sand,109,LIGHT GRAYISH OLIVE
Grayish Olive,109,LIGHT GRAYISH OLIVE
Light Grayish Olive,109,LIGHT GRAYISH OLIVE
Olive-Gray,109,LIGHT GRAYISH OLIVE
Citron Gray,109,LIGHT GRAYISH OLIVE
Covert Tan,109,LIGHT GRAYISH OLIVE
Greige,109,LIGHT GRAYISH OLIVE
Light Olive Gray gm.ge,109,LIGHT GRAYISH OLIVE
Olive Gray,109,LIGHT GRAYISH OLIVE
Bistre,109,LIGHT GRAYISH OLIVE
Gray (PC),109,LIGHT GRAYISH OLIVE
Griseo-Olivaceus,109,LIGHT GRAYISH OLIVE
Light Olive (BuOrd),109,LIGHT GRAYISH OLIVE
Light Olive Gray,109,LIGHT GRAYISH OLIVE
Medium Gray (Eng),109,LIGHT GRAYISH OLIVE
Olive,109,LIGHT GRAYISH OLIVE
Olive,109,LIGHT GRAYISH OLIVE
Olive Gray,109,LIGHT GRAYISH OLIVE
Olive Green,109,LIGHT GRAYISH OLIVE
Pale Olive,109,LIGHT GRAYISH OLIVE
Pale Olive,109,LIGHT GRAYISH OLIVE
Slate Green,109,LIGHT GRAYISH OLIVE
Subolivaceo-Griseus,109,LIGHT GRAYISH OLIVE
Autumn,110,GRAYISH OLIVE
Beech,110,GRAYISH OLIVE
Bronze Lustre,110,GRAYISH OLIVE
Bronzesheen,110,GRAYISH OLIVE
Cod Grey,110,GRAYISH OLIVE
Drabolve,110,GRAYISH OLIVE
Fish Grey,110,GRAYISH OLIVE
Ivy [Green],110,GRAYISH OLIVE
Lierre,110,GRAYISH OLIVE
Olive Drab,110,GRAYISH OLIVE
BronzeSheen,110,GRAYISH OLIVE
Desert Palm,110,GRAYISH OLIVE
Dark Greenish Olive,110,GRAYISH OLIVE
Dark Olive,110,GRAYISH OLIVE
Dark Olive-Gray,110,GRAYISH OLIVE
Deep Olive,110,GRAYISH OLIVE
Ivy Green,110,GRAYISH OLIVE
Olive,110,GRAYISH OLIVE
Covert Brown,110,GRAYISH OLIVE
Dark Olive,110,GRAYISH OLIVE
Dark Olive Gray,110,GRAYISH OLIVE
Light Olive Drab,110,GRAYISH OLIVE
Olive,110,GRAYISH OLIVE
Olive Drab,110,GRAYISH OLIVE
Olive Gray,110,GRAYISH OLIVE
Slate Tan,110,GRAYISH OLIVE
Black Brown,110,GRAYISH OLIVE
Dark Olive,110,GRAYISH OLIVE
Dark Olive Gray,110,GRAYISH OLIVE
Grayish Olive,110,GRAYISH OLIVE
Obscuro-Virens,110,GRAYISH OLIVE
Olivaceo-Griseus,110,GRAYISH OLIVE
Olivaceus,110,GRAYISH OLIVE
Olive,110,GRAYISH OLIVE
Olive,110,GRAYISH OLIVE
Olive,110,GRAYISH OLIVE
Olive Black,110,GRAYISH OLIVE
Olive Brown,110,GRAYISH OLIVE
Olive Drab (AN),110,GRAYISH OLIVE
Olive Drab (USA),110,GRAYISH OLIVE
Olive Gray,110,GRAYISH OLIVE
Olive Green,110,GRAYISH OLIVE
Pullman Green (PC),110,GRAYISH OLIVE
Autumn.—,110,GRAYISH OLIVE
Moose,110,GRAYISH OLIVE
Wren,110,GRAYISH OLIVE
Dark Olive,110,GRAYISH OLIVE
Black,110,GRAYISH OLIVE
Dark Olive,110,GRAYISH OLIVE
Olive,110,GRAYISH OLIVE
Olive Black,110,GRAYISH OLIVE
Beach,112,LIGHT OLIVE GRAY
CSruse,112,LIGHT OLIVE GRAY
Chip,112,LIGHT OLIVE GRAY
Cookie,112,LIGHT OLIVE GRAY
Grey Stone,112,LIGHT OLIVE GRAY
Kasha-Beige,112,LIGHT OLIVE GRAY
Oriental Pearl,112,LIGHT OLIVE GRAY
Piping Rock,112,LIGHT OLIVE GRAY
Russian Grey,112,LIGHT OLIVE GRAY
Sand,112,LIGHT OLIVE GRAY
Slate-Grey,112,LIGHT OLIVE GRAY
Smoke Yellow,112,LIGHT OLIVE GRAY
Water Grey,112,LIGHT OLIVE GRAY
Deep Olive-Gray,112,LIGHT OLIVE GRAY
"Light Grayish Olive . XLV4 21""""b",112,LIGHT OLIVE GRAY
Olive-Gray,112,LIGHT OLIVE GRAY
Citron Gray,112,LIGHT OLIVE GRAY
Covert Gray,112,LIGHT OLIVE GRAY
Dark Covert Gray,112,LIGHT OLIVE GRAY
Greige,112,LIGHT OLIVE GRAY
Olive Gray,112,LIGHT OLIVE GRAY
Slate Tan,112,LIGHT OLIVE GRAY
Bistre,112,LIGHT OLIVE GRAY
Gray (PC),112,LIGHT OLIVE GRAY
Gray . S ',112,LIGHT OLIVE GRAY
Gray,112,LIGHT OLIVE GRAY
Gray Black,112,LIGHT OLIVE GRAY
Gray Brown,112,LIGHT OLIVE GRAY
Gray Green,112,LIGHT OLIVE GRAY
Greenish Gray,112,LIGHT OLIVE GRAY
Griseo-Olivaceus,112,LIGHT OLIVE GRAY
Light Gray,112,LIGHT OLIVE GRAY
Light Olive Gray,112,LIGHT OLIVE GRAY
Light Olive Gray,112,LIGHT OLIVE GRAY
Medium Gray (USA),112,LIGHT OLIVE GRAY
Olivaceo-Griseus,112,LIGHT OLIVE GRAY
Olive Bistre,112,LIGHT OLIVE GRAY
Olive Gray,112,LIGHT OLIVE GRAY
Olive Gray,112,LIGHT OLIVE GRAY
Olive Green,112,LIGHT OLIVE GRAY
Slate Green,112,LIGHT OLIVE GRAY
Subolivaceo-Griseus,112,LIGHT OLIVE GRAY
Beaverpelt,113,OLIVE GRAY
Beech,113,OLIVE GRAY
Chickadee Gray,113,OLIVE GRAY
Cod Grey,113,OLIVE GRAY
Crag,113,OLIVE GRAY
Crystal Palace Green,113,OLIVE GRAY
Cub,113,OLIVE GRAY
English Grey,113,OLIVE GRAY
Fish Grey,113,OLIVE GRAY
Grege,113,OLIVE GRAY
Jaffi,113,OLIVE GRAY
Kangaroo,113,OLIVE GRAY
Mfitallique,113,OLIVE GRAY
Nutria,113,OLIVE GRAY
Rat,113,OLIVE GRAY
Sea Hawk,113,OLIVE GRAY
Stone Grey,113,OLIVE GRAY
Wren,113,OLIVE GRAY
Dark Grayish Olive,113,OLIVE GRAY
Dark Olive-Gray,113,OLIVE GRAY
Deep Grayish Olive,113,OLIVE GRAY
"Iron Gray _ LI 23 '""""k",113,OLIVE GRAY
Olivaceous Black (1),113,OLIVE GRAY
Olivaceous Black (3),113,OLIVE GRAY
Beige Gray,113,OLIVE GRAY
Black Olive,113,OLIVE GRAY
Dark Covert Gray,113,OLIVE GRAY
Dark Olive Gray,113,OLIVE GRAY
Ebony,113,OLIVE GRAY
Light Olive Drab m _ li,113,OLIVE GRAY
Mouse,113,OLIVE GRAY
Olive Gray,113,OLIVE GRAY
Teak,113,OLIVE GRAY
Black,113,OLIVE GRAY
Black Brown,113,OLIVE GRAY
Dark Gray,113,OLIVE GRAY
Dark Olive,113,OLIVE GRAY
Dark Putty (Eng),113,OLIVE GRAY
Ferro-Griseus,113,OLIVE GRAY
Gray Black,113,OLIVE GRAY
Greenish Gray,113,OLIVE GRAY
Griseo-Olivaceus,113,OLIVE GRAY
Loam (Eng),113,OLIVE GRAY
Niger,113,OLIVE GRAY
Olivaceo-Griseus,113,OLIVE GRAY
Olivaceo-Niger,113,OLIVE GRAY
Olive Black,113,OLIVE GRAY
Olive Black,113,OLIVE GRAY
Olive Brown,113,OLIVE GRAY
Olive Gray,113,OLIVE GRAY
Olive Gray,113,OLIVE GRAY
Olive Green,113,OLIVE GRAY
Very Dark Gray,113,OLIVE GRAY
Black,114,OLIVE BLACK
Greenish Black,114,OLIVE BLACK
Chartreuse Green,115,VIVID YELLOW GREEN
Greenery,115,VIVID YELLOW GREEN
Verdant,115,VIVID YELLOW GREEN
Bright Green-Yellow,115,VIVID YELLOW GREEN
Night Green,115,VIVID YELLOW GREEN
Bright Lime Green,115,VIVID YELLOW GREEN
Vivid Chartreuse gm_24,115,VIVID YELLOW GREEN
Apple Green,115,VIVID YELLOW GREEN
Bright Yellowish Green,115,VIVID YELLOW GREEN
Sap Green,115,VIVID YELLOW GREEN
Viridi-Flaveus,115,VIVID YELLOW GREEN
Viridis,115,VIVID YELLOW GREEN
Chartreuse Green,116,BRILLIANT YELLOW
Glory Green,116,BRILLIANT YELLOW
Jade Lime,116,BRILLIANT YELLOW
Love Bird,116,BRILLIANT YELLOW
Montrose Yellow,116,BRILLIANT YELLOW
Spring Eve,116,BRILLIANT YELLOW
Verdugo,116,BRILLIANT YELLOW
Bright Chalcedony Yellow,116,BRILLIANT YELLOW
Clear Dull Green-Yellow,116,BRILLIANT YELLOW
Clear Yellow-Green,116,BRILLIANT YELLOW
Light Yellow-Green,116,BRILLIANT YELLOW
Neva Green,116,BRILLIANT YELLOW
Vanderpoel’s Green,116,BRILLIANT YELLOW
Viridine Green,116,BRILLIANT YELLOW
Yellow Green,116,BRILLIANT YELLOW
Bright Lime Green,116,BRILLIANT YELLOW
Light Chartreuse gm . 24 l A ga,116,BRILLIANT YELLOW
Light Lime Green,116,BRILLIANT YELLOW
Chartreuse Green,116,BRILLIANT YELLOW
Flavo-Virens,116,BRILLIANT YELLOW
Pale Yellow Green,116,BRILLIANT YELLOW
Pea Green,116,BRILLIANT YELLOW
Sap Green,116,BRILLIANT YELLOW
Subviridis,116,BRILLIANT YELLOW
Uranium Green,116,BRILLIANT YELLOW
Veronese Green,116,BRILLIANT YELLOW
Viridi-Flavus,116,BRILLIANT YELLOW
Viridis,116,BRILLIANT YELLOW
Yellowish Green,116,BRILLIANT YELLOW
Calliste Green,117,STRONG YELLOW GREEN
English Green,117,STRONG YELLOW GREEN
Love Bird,117,STRONG YELLOW GREEN
Neva Green,117,STRONG YELLOW GREEN
Scheele's Green,117,STRONG YELLOW GREEN
Swedish Green,117,STRONG YELLOW GREEN
Viridine Yellow,117,STRONG YELLOW GREEN
Foliage,117,STRONG YELLOW GREEN
Greenery,117,STRONG YELLOW GREEN
Lettuce Green,117,STRONG YELLOW GREEN
Apple Green,117,STRONG YELLOW GREEN
Calliste Green,117,STRONG YELLOW GREEN
Clear Dull Green-Yellow,117,STRONG YELLOW GREEN
Cosse Green,117,STRONG YELLOW GREEN
Dull Green-Yellow,117,STRONG YELLOW GREEN
Mineral Green,117,STRONG YELLOW GREEN
Scheele's Green,117,STRONG YELLOW GREEN
Vanderpoel’s Green,117,STRONG YELLOW GREEN
Bright Chartreuse gm _ 24Vi nc,117,STRONG YELLOW GREEN
Bright Lime Green,117,STRONG YELLOW GREEN
Chartreuse,117,STRONG YELLOW GREEN
Lettuce Green,117,STRONG YELLOW GREEN
Light Lime Green,117,STRONG YELLOW GREEN
Lime Green,117,STRONG YELLOW GREEN
Lime Peel,117,STRONG YELLOW GREEN
Parrot Green,117,STRONG YELLOW GREEN
Pea Green,117,STRONG YELLOW GREEN
Sap Green,117,STRONG YELLOW GREEN
Spring Green,117,STRONG YELLOW GREEN
Willow Green,117,STRONG YELLOW GREEN
Spring Green,117,STRONG YELLOW GREEN
Agathia Green,117,STRONG YELLOW GREEN
Apple Green,117,STRONG YELLOW GREEN
Atroviridis,117,STRONG YELLOW GREEN
Deep Green,117,STRONG YELLOW GREEN
Fern Green,117,STRONG YELLOW GREEN
Flavo-Virens,117,STRONG YELLOW GREEN
Green,117,STRONG YELLOW GREEN
Herbaceus,117,STRONG YELLOW GREEN
Lettuce Green,117,STRONG YELLOW GREEN
Light Olive Green,117,STRONG YELLOW GREEN
Olive Green,117,STRONG YELLOW GREEN
Scheele's Green,117,STRONG YELLOW GREEN
Viridi-Flavus,117,STRONG YELLOW GREEN
Viridis,117,STRONG YELLOW GREEN
Yellow Green,117,STRONG YELLOW GREEN
Yellowish Green,117,STRONG YELLOW GREEN
Lime Peel,118,DEEP YELLOW GREEN
Yellowish Green,118,DEEP YELLOW GREEN
Glass Green,119,LIGHT YELLOW GREEN
Lumiere Green,119,LIGHT YELLOW GREEN
Reed Green,119,LIGHT YELLOW GREEN
Rhone,119,LIGHT YELLOW GREEN
Sky Green,119,LIGHT YELLOW GREEN
Viridine Green,119,LIGHT YELLOW GREEN
Vitreous,119,LIGHT YELLOW GREEN
Water Green,119,LIGHT YELLOW GREEN
Breath of Spring,119,LIGHT YELLOW GREEN
Corydalis,119,LIGHT YELLOW GREEN
Etherial Green,119,LIGHT YELLOW GREEN
Flowerlet,119,LIGHT YELLOW GREEN
Golden Mist,119,LIGHT YELLOW GREEN
Green Charm,119,LIGHT YELLOW GREEN
Green Pride,119,LIGHT YELLOW GREEN
Gumdrop Green,119,LIGHT YELLOW GREEN
Heavenly Green,119,LIGHT YELLOW GREEN
June Green,119,LIGHT YELLOW GREEN
Lily Green,119,LIGHT YELLOW GREEN
Lime Cream,119,LIGHT YELLOW GREEN
Misty Jade,119,LIGHT YELLOW GREEN
Muse,119,LIGHT YELLOW GREEN
Nymph Green,119,LIGHT YELLOW GREEN
Shadow Lime,119,LIGHT YELLOW GREEN
Spring Bud,119,LIGHT YELLOW GREEN
Spring Eve,119,LIGHT YELLOW GREEN
Verdugo,119,LIGHT YELLOW GREEN
Bright Chalcedony Yellow,119,LIGHT YELLOW GREEN
Clear Dull Green-Yellow,119,LIGHT YELLOW GREEN
"Corydalis Green..XU 29""'d",119,LIGHT YELLOW GREEN
Deep Sea-foam Green,119,LIGHT YELLOW GREEN
Glass Green,119,LIGHT YELLOW GREEN
Light Dull Green-Yellow,119,LIGHT YELLOW GREEN
Light Fluorite Green,119,LIGHT YELLOW GREEN
Light Lumiere Green,119,LIGHT YELLOW GREEN
Light Turtle Green,119,LIGHT YELLOW GREEN
Light Viridine Green,119,LIGHT YELLOW GREEN
Light Yellow-Green,119,LIGHT YELLOW GREEN
Lumiere Green,119,LIGHT YELLOW GREEN
Opaline Green,119,LIGHT YELLOW GREEN
Pale Cendre Green,119,LIGHT YELLOW GREEN
Pale Dull Green-Yellow,119,LIGHT YELLOW GREEN
Pale Glass Green,119,LIGHT YELLOW GREEN
Pale Lumiere Green,119,LIGHT YELLOW GREEN
Pale Tiber Green,119,LIGHT YELLOW GREEN
Pale Turtle Green,119,LIGHT YELLOW GREEN
Pale Veronese Green,119,LIGHT YELLOW GREEN
Pale Yellow-Green,119,LIGHT YELLOW GREEN
Rivage Green,119,LIGHT YELLOW GREEN
Veronese Green,119,LIGHT YELLOW GREEN
Lettuce Green m _ 24),119,LIGHT YELLOW GREEN
Light Chartreuse,119,LIGHT YELLOW GREEN
Light Green,119,LIGHT YELLOW GREEN
Mist Green,119,LIGHT YELLOW GREEN
Pale Chartreuse gm _ 24,119,LIGHT YELLOW GREEN
Pale Green,119,LIGHT YELLOW GREEN
Nile,119,LIGHT YELLOW GREEN
Flavo-Virens,119,LIGHT YELLOW GREEN
Griseo-Chlorinus,119,LIGHT YELLOW GREEN
Light Green (Eng),119,LIGHT YELLOW GREEN
Light Olive Green,119,LIGHT YELLOW GREEN
Pale Green,119,LIGHT YELLOW GREEN
Pale Yellow Green,119,LIGHT YELLOW GREEN
Prasinus,119,LIGHT YELLOW GREEN
Subviridis,119,LIGHT YELLOW GREEN
Viridi-Flavus,119,LIGHT YELLOW GREEN
Viridi-Glaucus,119,LIGHT YELLOW GREEN
Yellowish Green,119,LIGHT YELLOW GREEN
Absinthe [Green),120,MODERATE YELLOW
Apple Green,120,MODERATE YELLOW
Art Green,120,MODERATE YELLOW
Asphodel Green,120,MODERATE YELLOW
Autumn Green,120,MODERATE YELLOW
Biscay Green,120,MODERATE YELLOW
Boa,120,MODERATE YELLOW
Bourgeon,120,MODERATE YELLOW
Box Green,120,MODERATE YELLOW
Calla Green,120,MODERATE YELLOW
Calliste Green,120,MODERATE YELLOW
Cerro Green,120,MODERATE YELLOW
Certosa,120,MODERATE YELLOW
Chromium Green,120,MODERATE YELLOW
Chrysolite Green,120,MODERATE YELLOW
Cosse Green,120,MODERATE YELLOW
Courge Green,120,MODERATE YELLOW
Cress Green,120,MODERATE YELLOW
Cresson,120,MODERATE YELLOW
Eau-de-Nile,120,MODERATE YELLOW
Fern Green,120,MODERATE YELLOW
Foliage Green,120,MODERATE YELLOW
Gaudy Green,120,MODERATE YELLOW
Gay Green,120,MODERATE YELLOW
Grass Green,120,MODERATE YELLOW
Grasshopper,120,MODERATE YELLOW
Lawn Green,120,MODERATE YELLOW
Leek [Green),120,MODERATE YELLOW
Lettuce Green,120,MODERATE YELLOW
Lily Green,120,MODERATE YELLOW
Mignon Green,120,MODERATE YELLOW
Morillon,120,MODERATE YELLOW
Moss [Green),120,MODERATE YELLOW
Mousse,120,MODERATE YELLOW
Mytho Green,120,MODERATE YELLOW
Nile [Green),120,MODERATE YELLOW
Oasis,120,MODERATE YELLOW
Palm,120,MODERATE YELLOW
Park Green,120,MODERATE YELLOW
Porraceous,120,MODERATE YELLOW
Parrakeet,120,MODERATE YELLOW
Parroquit Green,120,MODERATE YELLOW
Parrot Green,120,MODERATE YELLOW
Pea Green,120,MODERATE YELLOW
Peridot,120,MODERATE YELLOW
Perruche,120,MODERATE YELLOW
Piquant Green,120,MODERATE YELLOW
Pistache,120,MODERATE YELLOW
Pistachio Green,120,MODERATE YELLOW
Pomona Green,120,MODERATE YELLOW
Popinjay Green,120,MODERATE YELLOW
Porret,120,MODERATE YELLOW
Rainette Green,120,MODERATE YELLOW
Sea Green,120,MODERATE YELLOW
Sea-water Green,120,MODERATE YELLOW
Seered Green,120,MODERATE YELLOW
Shadow Green,120,MODERATE YELLOW
Spinach Green,120,MODERATE YELLOW
Spring Green,120,MODERATE YELLOW
Tapis Vert,120,MODERATE YELLOW
Tarragon,120,MODERATE YELLOW
Terrasse Green,120,MODERATE YELLOW
Turtle Green,120,MODERATE YELLOW
Verdant Green,120,MODERATE YELLOW
Verd Gay,120,MODERATE YELLOW
Water Cress _ 22 K6,120,MODERATE YELLOW
Woodbine Green,120,MODERATE YELLOW
Apple Green,120,MODERATE YELLOW
Cedar Bough,120,MODERATE YELLOW
Chrysolite Green,120,MODERATE YELLOW
Drab Olive,120,MODERATE YELLOW
Dusty Green,120,MODERATE YELLOW
Green Grass,120,MODERATE YELLOW
Green Tee,120,MODERATE YELLOW
Sage,120,MODERATE YELLOW
Absinthe Green,120,MODERATE YELLOW
Asphodel Green,120,MODERATE YELLOW
Bice Green,120,MODERATE YELLOW
Biscay Green,120,MODERATE YELLOW
Cedar Green,120,MODERATE YELLOW
Chromium Green,120,MODERATE YELLOW
Chrysolite Green,120,MODERATE YELLOW
Clear Dull Green-Yellow,120,MODERATE YELLOW
Courge Green,120,MODERATE YELLOW
Cress Green,120,MODERATE YELLOW
Deep Chrysolite Green,120,MODERATE YELLOW
Deep Dull Yellow-Green(1),120,MODERATE YELLOW
Deep Grape Green,120,MODERATE YELLOW
Forest Green,120,MODERATE YELLOW
Grape Green,120,MODERATE YELLOW
Grass Green,120,MODERATE YELLOW
Hellebore Green,120,MODERATE YELLOW
Kildare Green,120,MODERATE YELLOW
Lettuce Green,120,MODERATE YELLOW
Light Bice Green,120,MODERATE YELLOW
Light Cress Green,120,MODERATE YELLOW
Light Elm Green,120,MODERATE YELLOW
Light Grape Green,120,MODERATE YELLOW
Light Hellebore Green,120,MODERATE YELLOW
Lumiere Green,120,MODERATE YELLOW
Mytho Green,120,MODERATE YELLOW
Oil Green,120,MODERATE YELLOW
Parrot Green,120,MODERATE YELLOW
Peacock Green,120,MODERATE YELLOW
Rainette Green,120,MODERATE YELLOW
Rinnemann's Green,120,MODERATE YELLOW
Rivage Green,120,MODERATE YELLOW
Scheele's Green,120,MODERATE YELLOW
Spinach Green,120,MODERATE YELLOW
Turtle Green,120,MODERATE YELLOW
Veronese Green,120,MODERATE YELLOW
Vetiver Green,120,MODERATE YELLOW
Bright Olive Green,120,MODERATE YELLOW
Chartreuse,120,MODERATE YELLOW
Fern Green,120,MODERATE YELLOW
Leaf Green,120,MODERATE YELLOW
Lettuce Green,120,MODERATE YELLOW
Light Leaf Green,120,MODERATE YELLOW
Light Olive Green,120,MODERATE YELLOW
Light Pea Green,120,MODERATE YELLOW
Lime Peel,120,MODERATE YELLOW
Moss Green,120,MODERATE YELLOW
Pastel Green g .. 24 A ec,120,MODERATE YELLOW
Pea Green,120,MODERATE YELLOW
Sage Green,120,MODERATE YELLOW
Spring Green,120,MODERATE YELLOW
Willow Green,120,MODERATE YELLOW
Wedgwood Green,120,MODERATE YELLOW
Limepeel,120,MODERATE YELLOW
Mosstone,120,MODERATE YELLOW
Mosstone (USA),120,MODERATE YELLOW
Nile,120,MODERATE YELLOW
Atroherbaceus,120,MODERATE YELLOW
Atroviridis,120,MODERATE YELLOW
Chlorinus,120,MODERATE YELLOW
Deep Green,120,MODERATE YELLOW
Exterior Green (PC),120,MODERATE YELLOW
Flavo-Virens,120,MODERATE YELLOW
Gray Green,120,MODERATE YELLOW
Green,120,MODERATE YELLOW
Green Zinc Yellow Primer,120,MODERATE YELLOW
(N),120,MODERATE YELLOW
Griseo-Chlorinus,120,MODERATE YELLOW
Herbaceus,120,MODERATE YELLOW
Light Green (USA),120,MODERATE YELLOW
Moderate Yellow Green,120,MODERATE YELLOW
Olive Green,120,MODERATE YELLOW
Pale Green,120,MODERATE YELLOW
Pale Olive Green,120,MODERATE YELLOW
Pistaceus,120,MODERATE YELLOW
Pod Green,120,MODERATE YELLOW
Viridi-Flavus,120,MODERATE YELLOW
Viridi-Griseus,120,MODERATE YELLOW
Viridi-Olivaceus _ ',120,MODERATE YELLOW
Willow Green,120,MODERATE YELLOW
Yellow Green,120,MODERATE YELLOW
Yellowish Green,120,MODERATE YELLOW
Zinc Chromate (MA),120,MODERATE YELLOW
Amber White,121,PALE YELLOW GREEN
Asparagus Green,121,PALE YELLOW GREEN
Chicory Blue,121,PALE YELLOW GREEN
Glaucous,121,PALE YELLOW GREEN
Ingenue,121,PALE YELLOW GREEN
Light Blue 1,121,PALE YELLOW GREEN
Marguerite Yellow,121,PALE YELLOW GREEN
New Silver,121,PALE YELLOW GREEN
Oyster Grey,121,PALE YELLOW GREEN
Oyster [White],121,PALE YELLOW GREEN
Rhone,121,PALE YELLOW GREEN
Seafoam Green,121,PALE YELLOW GREEN
Seafoam Yellow,121,PALE YELLOW GREEN
Silurian Grey,121,PALE YELLOW GREEN
Skimmed-Milk White,121,PALE YELLOW GREEN
Smoke Grey,121,PALE YELLOW GREEN
Succory Blue,121,PALE YELLOW GREEN
Water Green,121,PALE YELLOW GREEN
Desert Pride,121,PALE YELLOW GREEN
Greenstone,121,PALE YELLOW GREEN
Happy Day,121,PALE YELLOW GREEN
Scotch Mist,121,PALE YELLOW GREEN
Twilight Sun,121,PALE YELLOW GREEN
Water Green,121,PALE YELLOW GREEN
Corydalis Green,121,PALE YELLOW GREEN
Glaucous,121,PALE YELLOW GREEN
Opaline Green,121,PALE YELLOW GREEN
Pale Cendre Green,121,PALE YELLOW GREEN
Pale Glass Green,121,PALE YELLOW GREEN
Pale Turtle Green,121,PALE YELLOW GREEN
Pale Veronese Green,121,PALE YELLOW GREEN
Water Green,121,PALE YELLOW GREEN
Yellowish Glaucous,121,PALE YELLOW GREEN
Chartreuse Tint,121,PALE YELLOW GREEN
Green Tint,121,PALE YELLOW GREEN
Greige,121,PALE YELLOW GREEN
Light Citron Gray,121,PALE YELLOW GREEN
Mist Green,121,PALE YELLOW GREEN
Pale Chartreuse,121,PALE YELLOW GREEN
Pale Green,121,PALE YELLOW GREEN
Pale Yellow,121,PALE YELLOW GREEN
Parchment,121,PALE YELLOW GREEN
Pastel Green,121,PALE YELLOW GREEN
Pastel Yellow,121,PALE YELLOW GREEN
Putty,121,PALE YELLOW GREEN
Wedgwood Green,121,PALE YELLOW GREEN
Yellow Tint,121,PALE YELLOW GREEN
Dull Yellowish Green,121,PALE YELLOW GREEN
Flavo-Virens,121,PALE YELLOW GREEN
Green Tint (MA),121,PALE YELLOW GREEN
Griseo-Chlorinus,121,PALE YELLOW GREEN
Pale Gray Green,121,PALE YELLOW GREEN
Pale Greenish Yellow,121,PALE YELLOW GREEN
Subviridis,121,PALE YELLOW GREEN
Viridi-Glaucus,121,PALE YELLOW GREEN
Artichoke Green,122,GRAYISH YELLOW GREEN
Boa,122,GRAYISH YELLOW GREEN
Celadon Green,122,GRAYISH YELLOW GREEN
Corydalis Green,122,GRAYISH YELLOW GREEN
Eau-de-Nile,122,GRAYISH YELLOW GREEN
Eucalyptus [Green),122,GRAYISH YELLOW GREEN
Fern Green,122,GRAYISH YELLOW GREEN
Gage Green,122,GRAYISH YELLOW GREEN
Green Stone,122,GRAYISH YELLOW GREEN
Ingenue,122,GRAYISH YELLOW GREEN
Mermaid,122,GRAYISH YELLOW GREEN
Mistletoe,122,GRAYISH YELLOW GREEN
Mytho Green,122,GRAYISH YELLOW GREEN
Nile [Green),122,GRAYISH YELLOW GREEN
Olive Grey,122,GRAYISH YELLOW GREEN
Palmetto,122,GRAYISH YELLOW GREEN
Peridot,122,GRAYISH YELLOW GREEN
Pois Green,122,GRAYISH YELLOW GREEN
Queen Anne Green,122,GRAYISH YELLOW GREEN
Scotch Grey,122,GRAYISH YELLOW GREEN
Seaspray,122,GRAYISH YELLOW GREEN
Seaweed Green,122,GRAYISH YELLOW GREEN
Seladon Green,122,GRAYISH YELLOW GREEN
Silver Green,122,GRAYISH YELLOW GREEN
Surrey Green,122,GRAYISH YELLOW GREEN
Tarragon,122,GRAYISH YELLOW GREEN
Tea,122,GRAYISH YELLOW GREEN
Tea Green,122,GRAYISH YELLOW GREEN
Woodbine Green,122,GRAYISH YELLOW GREEN
Bog,122,GRAYISH YELLOW GREEN
Dusky Green,122,GRAYISH YELLOW GREEN
Dusty Green,122,GRAYISH YELLOW GREEN
Elm,122,GRAYISH YELLOW GREEN
Eucalyptus Green,122,GRAYISH YELLOW GREEN
Green Fog,122,GRAYISH YELLOW GREEN
Green Haze,122,GRAYISH YELLOW GREEN
Green Mist,122,GRAYISH YELLOW GREEN
Mistletoe,122,GRAYISH YELLOW GREEN
Misty Green,122,GRAYISH YELLOW GREEN
Repose,122,GRAYISH YELLOW GREEN
Smoke Pine,122,GRAYISH YELLOW GREEN
Sung Green,122,GRAYISH YELLOW GREEN
Temple,122,GRAYISH YELLOW GREEN
Vista Green,122,GRAYISH YELLOW GREEN
Andover Green,122,GRAYISH YELLOW GREEN
Deep Grape Green,122,GRAYISH YELLOW GREEN
Hellebore Green,122,GRAYISH YELLOW GREEN
Light Hellebore Green,122,GRAYISH YELLOW GREEN
Mineral Gray,122,GRAYISH YELLOW GREEN
Mytho Green,122,GRAYISH YELLOW GREEN
Pois Green,122,GRAYISH YELLOW GREEN
Tea Green,122,GRAYISH YELLOW GREEN
Vetiver Green,122,GRAYISH YELLOW GREEN
Celadon Gray,122,GRAYISH YELLOW GREEN
Citron Gray,122,GRAYISH YELLOW GREEN
Dusty Green,122,GRAYISH YELLOW GREEN
Greige,122,GRAYISH YELLOW GREEN
Light Citron Gray,122,GRAYISH YELLOW GREEN
Light Reseda Green,122,GRAYISH YELLOW GREEN
Light Sage Green,122,GRAYISH YELLOW GREEN
Mistletoe Gray m _ 24ih,122,GRAYISH YELLOW GREEN
Mistletoe Green,122,GRAYISH YELLOW GREEN
Pastel Green,122,GRAYISH YELLOW GREEN
Putty g... l ec,122,GRAYISH YELLOW GREEN
Reseda Green,122,GRAYISH YELLOW GREEN
Sage Green,122,GRAYISH YELLOW GREEN
Dull Yellowish Green,122,GRAYISH YELLOW GREEN
Dusky Yellow Green,122,GRAYISH YELLOW GREEN
Glauco-Griseus,122,GRAYISH YELLOW GREEN
Government Wall Green,122,GRAYISH YELLOW GREEN
(PBS),122,GRAYISH YELLOW GREEN
Gray Green,122,GRAYISH YELLOW GREEN
Grayish Yellow Green,122,GRAYISH YELLOW GREEN
Herbaceus,122,GRAYISH YELLOW GREEN
Lavender Green,122,GRAYISH YELLOW GREEN
Olive,122,GRAYISH YELLOW GREEN
Olive Bistre,122,GRAYISH YELLOW GREEN
Olive Gray,122,GRAYISH YELLOW GREEN
Olive Green,122,GRAYISH YELLOW GREEN
Pistaceus,122,GRAYISH YELLOW GREEN
Sky (AN),122,GRAYISH YELLOW GREEN
Spring Green (Eng),122,GRAYISH YELLOW GREEN
Viridi-Griseus,122,GRAYISH YELLOW GREEN
Viridi-Olivaceus,122,GRAYISH YELLOW GREEN
Willow Green,122,GRAYISH YELLOW GREEN
Bluish Olive,123,STRONG OLIVE GREEN
Olive Green,123,STRONG OLIVE GREEN
Slate Green,123,STRONG OLIVE GREEN
Bluish Olive,124,DEEP OLIVE GREEN
Art Green,125,MODERATE OLIVE GREEN
Autumn Green,125,MODERATE OLIVE GREEN
Brewster Green,125,MODERATE OLIVE GREEN
Cedar Green,125,MODERATE OLIVE GREEN
Cedre,125,MODERATE OLIVE GREEN
Cypress (Green),125,MODERATE OLIVE GREEN
Elm Green,125,MODERATE OLIVE GREEN
Forest Green,125,MODERATE OLIVE GREEN
Garland Green,125,MODERATE OLIVE GREEN
Gaudy Green,125,MODERATE OLIVE GREEN
Hellebore Green,125,MODERATE OLIVE GREEN
Holly Green,125,MODERATE OLIVE GREEN
Kronberg's Green,125,MODERATE OLIVE GREEN
Lincoln Green,125,MODERATE OLIVE GREEN
Mount Vernon Green,125,MODERATE OLIVE GREEN
Peridot,125,MODERATE OLIVE GREEN
Polo Green,125,MODERATE OLIVE GREEN
Quaker Green,125,MODERATE OLIVE GREEN
Spinach Green,125,MODERATE OLIVE GREEN
Velvet Green,125,MODERATE OLIVE GREEN
Woodbine Green,125,MODERATE OLIVE GREEN
Woodland Green,125,MODERATE OLIVE GREEN
Yew Green,125,MODERATE OLIVE GREEN
Chive,125,MODERATE OLIVE GREEN
Life Green,125,MODERATE OLIVE GREEN
Violet Leaf,125,MODERATE OLIVE GREEN
Yuletime,125,MODERATE OLIVE GREEN
Cedar Green,125,MODERATE OLIVE GREEN
Cerro Green,125,MODERATE OLIVE GREEN
Cossack Green,125,MODERATE OLIVE GREEN
Cress Green,125,MODERATE OLIVE GREEN
Dark Cress Green,125,MODERATE OLIVE GREEN
Dark Dull Yellow-Green,125,MODERATE OLIVE GREEN
Deep Dull Yellow-Green (1),125,MODERATE OLIVE GREEN
Elm Green,125,MODERATE OLIVE GREEN
Forest Green,125,MODERATE OLIVE GREEN
Hellebore Green,125,MODERATE OLIVE GREEN
Jade Green,125,MODERATE OLIVE GREEN
Yew Green,125,MODERATE OLIVE GREEN
Bright Olive Green,125,MODERATE OLIVE GREEN
Dark Green,125,MODERATE OLIVE GREEN
Dark Leaf Green,125,MODERATE OLIVE GREEN
Dark Olive Green,125,MODERATE OLIVE GREEN
Lime Peel,125,MODERATE OLIVE GREEN
Moss Green,125,MODERATE OLIVE GREEN
Ofive Green,125,MODERATE OLIVE GREEN
Parsley Green,125,MODERATE OLIVE GREEN
Sage Green,125,MODERATE OLIVE GREEN
Olive,125,MODERATE OLIVE GREEN
Atroherbaceus,125,MODERATE OLIVE GREEN
Atroviridis,125,MODERATE OLIVE GREEN
Bluish Olive,125,MODERATE OLIVE GREEN
Dark Olive Green,125,MODERATE OLIVE GREEN
Deep Olive Green,125,MODERATE OLIVE GREEN
Herbaceus,125,MODERATE OLIVE GREEN
Interior Green (AN),125,MODERATE OLIVE GREEN
Leek Green,125,MODERATE OLIVE GREEN
Obscuro-Virens,125,MODERATE OLIVE GREEN
Olive,125,MODERATE OLIVE GREEN
Olive Green,125,MODERATE OLIVE GREEN
Parsley Green,125,MODERATE OLIVE GREEN
Sage Green,125,MODERATE OLIVE GREEN
Slate Green,125,MODERATE OLIVE GREEN
Spinach Green,125,MODERATE OLIVE GREEN
Yellowish Green,125,MODERATE OLIVE GREEN
Dark Ivy,126,DARK OLIVE GREEN
Dark Olive Green,126,DARK OLIVE GREEN
Bluish Olive,126,DARK OLIVE GREEN
Exterior Green (PC),126,DARK OLIVE GREEN
Forest Green (USA),126,DARK OLIVE GREEN
Green (MC),126,DARK OLIVE GREEN
Pullman Green (PC),126,DARK OLIVE GREEN
Andover Green,127,GRAYISH OLIVE GREEN
Beetle,127,GRAYISH OLIVE GREEN
Bronze Green,127,GRAYISH OLIVE GREEN
Lichen,127,GRAYISH OLIVE GREEN
New Hay,127,GRAYISH OLIVE GREEN
Peridot,127,GRAYISH OLIVE GREEN
Privet,127,GRAYISH OLIVE GREEN
Sage Drab,127,GRAYISH OLIVE GREEN
Woodbine Green,127,GRAYISH OLIVE GREEN
Black Forest,127,GRAYISH OLIVE GREEN
Conifer,127,GRAYISH OLIVE GREEN
Green Slate,127,GRAYISH OLIVE GREEN
Iris Leaf,127,GRAYISH OLIVE GREEN
Cossack Green,127,GRAYISH OLIVE GREEN
Dark Dull Yellow-Green,127,GRAYISH OLIVE GREEN
Dark Ivy Green,127,GRAYISH OLIVE GREEN
Dusky Olive-Green,127,GRAYISH OLIVE GREEN
Dusky Yellowish-Green,127,GRAYISH OLIVE GREEN
Elm Green,127,GRAYISH OLIVE GREEN
Hellebore Green,127,GRAYISH OLIVE GREEN
Jade Green,127,GRAYISH OLIVE GREEN
"Leaf Green... . XU 29""'k",127,GRAYISH OLIVE GREEN
Lincoln Green,127,GRAYISH OLIVE GREEN
Olivaceous Black (2),127,GRAYISH OLIVE GREEN
Dark Green,127,GRAYISH OLIVE GREEN
Dark Olive,127,GRAYISH OLIVE GREEN
Dark Olive Gray,127,GRAYISH OLIVE GREEN
Dark Olive Green,127,GRAYISH OLIVE GREEN
Dark Reseda Green,127,GRAYISH OLIVE GREEN
Ivy Green,127,GRAYISH OLIVE GREEN
Mistletoe Gray g. . . . 24Hih,127,GRAYISH OLIVE GREEN
Moss Green,127,GRAYISH OLIVE GREEN
Olive Gray,127,GRAYISH OLIVE GREEN
Sage Gray,127,GRAYISH OLIVE GREEN
Sage Green,127,GRAYISH OLIVE GREEN
Atroherbaceus,127,GRAYISH OLIVE GREEN
Atroviridis,127,GRAYISH OLIVE GREEN
Bluish Olive,127,GRAYISH OLIVE GREEN
Dark Olive,127,GRAYISH OLIVE GREEN
(N),127,GRAYISH OLIVE GREEN
Dull Green... .. s,127,GRAYISH OLIVE GREEN
Grayish Olive Green,127,GRAYISH OLIVE GREEN
Herbaceus,127,GRAYISH OLIVE GREEN
Leek Green,127,GRAYISH OLIVE GREEN
Obscuro-Virens,127,GRAYISH OLIVE GREEN
Olivaceo-Niger,127,GRAYISH OLIVE GREEN
Olive Green .. s,127,GRAYISH OLIVE GREEN
Sage Green,127,GRAYISH OLIVE GREEN
Spruce Green (Y&D),127,GRAYISH OLIVE GREEN
Rifle [Green],128,DARK GRAYISH OLIVE
Olivaceous Black (2),128,DARK GRAYISH OLIVE
Dark Green,128,DARK GRAYISH OLIVE
Ivy Green,128,DARK GRAYISH OLIVE
Bluish Olive,128,DARK GRAYISH OLIVE
Greenish Black,128,DARK GRAYISH OLIVE
Ivy Green,128,DARK GRAYISH OLIVE
Olivaceo-Niger,128,DARK GRAYISH OLIVE
Shamrock [Green],129,VIVID YELLOWISH GREEN
Bright Kelly Green,129,VIVID YELLOWISH GREEN
Brilliant Green,129,VIVID YELLOWISH GREEN
Paris Green,129,VIVID YELLOWISH GREEN
Vivid Green,129,VIVID YELLOWISH GREEN
Bright Green,129,VIVID YELLOWISH GREEN
Bright Yellowish Green,129,VIVID YELLOWISH GREEN
Deep Green,129,VIVID YELLOWISH GREEN
Emerald,129,VIVID YELLOWISH GREEN
Green,129,VIVID YELLOWISH GREEN
Green.. . s,129,VIVID YELLOWISH GREEN
Yellow Green,129,VIVID YELLOWISH GREEN
Eve Green,130,BRILLIANT YELLOWISH
Neva Green,130,BRILLIANT YELLOWISH
Cendre Green,130,BRILLIANT YELLOWISH
Emerald Green,130,BRILLIANT YELLOWISH
Light Cendre Green,130,BRILLIANT YELLOWISH
Bright Lime Green,130,BRILLIANT YELLOWISH
Bright Nile Green,130,BRILLIANT YELLOWISH
Brilliant Green,130,BRILLIANT YELLOWISH
Light Lime Green,130,BRILLIANT YELLOWISH
Light Paris Green,130,BRILLIANT YELLOWISH
Paris Green,130,BRILLIANT YELLOWISH
Cyprus Green,130,BRILLIANT YELLOWISH
Deep Green _ _ s,130,BRILLIANT YELLOWISH
Emerald ... s,130,BRILLIANT YELLOWISH
Green .. s,130,BRILLIANT YELLOWISH
Pale Yellow Green,130,BRILLIANT YELLOWISH
Subviridis,130,BRILLIANT YELLOWISH
Veronese Green,130,BRILLIANT YELLOWISH
Viridis .. b,130,BRILLIANT YELLOWISH
Yellow Green . s,130,BRILLIANT YELLOWISH
Yellowish Green,130,BRILLIANT YELLOWISH
Bud Green,131,STRONG YELLOWISH
Cyprus Green,131,STRONG YELLOWISH
Eden Green,131,STRONG YELLOWISH
English Green,131,STRONG YELLOWISH
Harlequin,131,STRONG YELLOWISH
Hooker's Green No. 1,131,STRONG YELLOWISH
Oriental Green,131,STRONG YELLOWISH
Peppermint,131,STRONG YELLOWISH
Scheele’s Green,131,STRONG YELLOWISH
Shamrock,131,STRONG YELLOWISH
Swedish Green,131,STRONG YELLOWISH
Deep Turtle Green,131,STRONG YELLOWISH
Motmot Green,131,STRONG YELLOWISH
Bright Green,131,STRONG YELLOWISH
Bright Kelly Green,131,STRONG YELLOWISH
Brilliant Green,131,STRONG YELLOWISH
Grass Green,131,STRONG YELLOWISH
Kelly Green,131,STRONG YELLOWISH
Light Grass Green,131,STRONG YELLOWISH
Vivid Green,131,STRONG YELLOWISH
Emerald,131,STRONG YELLOWISH
Mintleaf,131,STRONG YELLOWISH
Agathia Green,131,STRONG YELLOWISH
Apple Green,131,STRONG YELLOWISH
Chlorinus,131,STRONG YELLOWISH
Deep Green,131,STRONG YELLOWISH
Emerald,131,STRONG YELLOWISH
Emerald Green,131,STRONG YELLOWISH
Green,131,STRONG YELLOWISH
Griseo-Viridis,131,STRONG YELLOWISH
Light Green (AN),131,STRONG YELLOWISH
Light Green,131,STRONG YELLOWISH
Paris Green,131,STRONG YELLOWISH
Willow Green (USA),131,STRONG YELLOWISH
Yellow Green,131,STRONG YELLOWISH
Yellowish Green,131,STRONG YELLOWISH
Bright Green,132,DEEP YELLOWISH GREEN
Deep Grass Green g . 2'J pg,132,DEEP YELLOWISH GREEN
Holly Green,132,DEEP YELLOWISH GREEN
Kelly Green,132,DEEP YELLOWISH GREEN
Mint Leaf,132,DEEP YELLOWISH GREEN
Pepper Green,132,DEEP YELLOWISH GREEN
Dark Green,132,DEEP YELLOWISH GREEN
Deep Green,132,DEEP YELLOWISH GREEN
Emerald,132,DEEP YELLOWISH GREEN
Green,132,DEEP YELLOWISH GREEN
Medium Green (USA),132,DEEP YELLOWISH GREEN
Yellow Green,132,DEEP YELLOWISH GREEN
Yellowish Green,132,DEEP YELLOWISH GREEN
Deep Green,133,VERY DEEP YELLOWISH
Yellowish Green,133,VERY DEEP YELLOWISH
Oural Green,134,VERY LIGHT YELLOWISH
Light Green,134,VERY LIGHT YELLOWISH
Light Nile Green,134,VERY LIGHT YELLOWISH
Pale Green,134,VERY LIGHT YELLOWISH
Pale Nile Green,134,VERY LIGHT YELLOWISH
Prasinus,134,VERY LIGHT YELLOWISH
Yellow Green,134,VERY LIGHT YELLOWISH
Yellowish Green,134,VERY LIGHT YELLOWISH
Aquagreen,135,LIGHT YELLOWISH
Arcadian Green,135,LIGHT YELLOWISH
Boa,135,LIGHT YELLOWISH
Cameo Green,135,LIGHT YELLOWISH
Chinese Green,135,LIGHT YELLOWISH
Eau-de-Nile,135,LIGHT YELLOWISH
Hazy Blue,135,LIGHT YELLOWISH
Lo-kao,135,LIGHT YELLOWISH
Mist Blue,135,LIGHT YELLOWISH
Misty Blue,135,LIGHT YELLOWISH
Neuvider Green,135,LIGHT YELLOWISH
Neuwieder Green,135,LIGHT YELLOWISH
Nile [Green],135,LIGHT YELLOWISH
Ocean Green,135,LIGHT YELLOWISH
Olivine,135,LIGHT YELLOWISH
Oural Green,135,LIGHT YELLOWISH
Patina Green,135,LIGHT YELLOWISH
Pistache,135,LIGHT YELLOWISH
Pistachio Green,135,LIGHT YELLOWISH
Psyche,135,LIGHT YELLOWISH
Seacrest,135,LIGHT YELLOWISH
Spring Green,135,LIGHT YELLOWISH
Tiber Green,135,LIGHT YELLOWISH
Chrysopraise Green,135,LIGHT YELLOWISH
Clear Fluorite Green,135,LIGHT YELLOWISH
Dark Greenish Glaucous,135,LIGHT YELLOWISH
Deep Lichen Green,135,LIGHT YELLOWISH
Light Cendre Green,135,LIGHT YELLOWISH
Light Oriental Green,135,LIGHT YELLOWISH
Light Paris Green,135,LIGHT YELLOWISH
Malachite Green,135,LIGHT YELLOWISH
Neuvider Green,135,LIGHT YELLOWISH
Olivine,135,LIGHT YELLOWISH
Oural Green,135,LIGHT YELLOWISH
Paris Green,135,LIGHT YELLOWISH
Rejane Green,135,LIGHT YELLOWISH
Tiber Green,135,LIGHT YELLOWISH
"Fairy (Green j..""",135,LIGHT YELLOWISH
Fluorite Green,135,LIGHT YELLOWISH
French Green,135,LIGHT YELLOWISH
Gooseberry Green,135,LIGHT YELLOWISH
Gretna Green,135,LIGHT YELLOWISH
Hungarian Green,135,LIGHT YELLOWISH
Imperial Green,135,LIGHT YELLOWISH
Iris Green,135,LIGHT YELLOWISH
Jadesheen,135,LIGHT YELLOWISH
Killarney [Green],135,LIGHT YELLOWISH
Malachite Green,135,LIGHT YELLOWISH
Mineral Green,135,LIGHT YELLOWISH
Montpellier Green,135,LIGHT YELLOWISH
Motmot Green,135,LIGHT YELLOWISH
Mountain Green,135,LIGHT YELLOWISH
Oil Green,135,LIGHT YELLOWISH
Olympian Green,135,LIGHT YELLOWISH
Opaq,135,LIGHT YELLOWISH
Oriental Green,135,LIGHT YELLOWISH
Paris Green,135,LIGHT YELLOWISH
Patina Green,135,LIGHT YELLOWISH
Peacock Green,135,LIGHT YELLOWISH
Rejane Green,135,LIGHT YELLOWISH
Rinnemann’s Green,135,LIGHT YELLOWISH
Russian Green,135,LIGHT YELLOWISH
Saxony Green,135,LIGHT YELLOWISH
Seaspray,135,LIGHT YELLOWISH
Shale Green,135,LIGHT YELLOWISH
Smalt Green,135,LIGHT YELLOWISH
Source,135,LIGHT YELLOWISH
Spanish Green,135,LIGHT YELLOWISH
Surf Green,135,LIGHT YELLOWISH
Tarragon,135,LIGHT YELLOWISH
Tyrolese Green,135,LIGHT YELLOWISH
Verdet,135,LIGHT YELLOWISH
Verdigris (Green],135,LIGHT YELLOWISH
Verditer Green,135,LIGHT YELLOWISH
Vert Russe,135,LIGHT YELLOWISH
Winter Green,135,LIGHT YELLOWISH
Zinc Green,135,LIGHT YELLOWISH
"XU 33""'b",135,LIGHT YELLOWISH
Apple Green,135,LIGHT YELLOWISH
Bright Nile Green,135,LIGHT YELLOWISH
Light Almond Green,135,LIGHT YELLOWISH
Light Green,135,LIGHT YELLOWISH
Light Nile Green,135,LIGHT YELLOWISH
Mist Green,135,LIGHT YELLOWISH
Pastel Green,135,LIGHT YELLOWISH
Pistachio Green,135,LIGHT YELLOWISH
Crayon Green,135,LIGHT YELLOWISH
Pistache,135,LIGHT YELLOWISH
Aerugineus,135,LIGHT YELLOWISH
Blue Green (CAA),135,LIGHT YELLOWISH
Blue Green (USA),135,LIGHT YELLOWISH
Deep Green,135,LIGHT YELLOWISH
Dull Green,135,LIGHT YELLOWISH
Glaucus,135,LIGHT YELLOWISH
Green,135,LIGHT YELLOWISH
Griseo-Viridis,135,LIGHT YELLOWISH
Light Green,135,LIGHT YELLOWISH
Malachiteus,135,LIGHT YELLOWISH
Pistaceus,135,LIGHT YELLOWISH
Prasinus,135,LIGHT YELLOWISH
Subviridis,135,LIGHT YELLOWISH
Viridis,135,LIGHT YELLOWISH
Yellow Green,135,LIGHT YELLOWISH
Yellowish Green,135,LIGHT YELLOWISH
American Green,136,MODERATE YELLOWISH
Andorre,136,MODERATE YELLOWISH
Bremen Green,136,MODERATE YELLOWISH
Chromium Oxide,136,MODERATE YELLOWISH
Chrysocollo,136,MODERATE YELLOWISH
Cobalt Green,136,MODERATE YELLOWISH
Copper Green,136,MODERATE YELLOWISH
Crystals of Venus,136,MODERATE YELLOWISH
Distilled Green,136,MODERATE YELLOWISH
Eden Green,136,MODERATE YELLOWISH
Emerald Green (gem),136,MODERATE YELLOWISH
Emeraude,136,MODERATE YELLOWISH
Erlau Green,136,MODERATE YELLOWISH
"American Green _ XU 33""'i",136,MODERATE YELLOWISH
Civette Green,136,MODERATE YELLOWISH
"Dark Greenish Glaucous... XU 33""'b",136,MODERATE YELLOWISH
Deep Malachite Green,136,MODERATE YELLOWISH
Deep Turtle Green,136,MODERATE YELLOWISH
Hay’s Green,136,MODERATE YELLOWISH
Killarney Green,136,MODERATE YELLOWISH
Meadow Green,136,MODERATE YELLOWISH
Motmot Green,136,MODERATE YELLOWISH
Oriental Green,136,MODERATE YELLOWISH
Pistachio Green,136,MODERATE YELLOWISH
Rejane Green,136,MODERATE YELLOWISH
Stone Green,136,MODERATE YELLOWISH
Winter Green,136,MODERATE YELLOWISH
Almond Green,136,MODERATE YELLOWISH
Apple Green,136,MODERATE YELLOWISH
Celadon Green,136,MODERATE YELLOWISH
Deep Grass Green,136,MODERATE YELLOWISH
Dusty Green,136,MODERATE YELLOWISH
Grass Green,136,MODERATE YELLOWISH
Light Almond Green,136,MODERATE YELLOWISH
Light Reseda Green,136,MODERATE YELLOWISH
Light Sage Green,136,MODERATE YELLOWISH
Palm Green,136,MODERATE YELLOWISH
Jade Green,136,MODERATE YELLOWISH
Tarragon,136,MODERATE YELLOWISH
Aerugineus,136,MODERATE YELLOWISH
Atroviridisr,136,MODERATE YELLOWISH
Chlorinus,136,MODERATE YELLOWISH
Gray Green,136,MODERATE YELLOWISH
Green,136,MODERATE YELLOWISH
Griseo-Viridis,136,MODERATE YELLOWISH
Herbaceus,136,MODERATE YELLOWISH
Hospital Ship Green (N),136,MODERATE YELLOWISH
Light Green (MA),136,MODERATE YELLOWISH
Light Green (PC),136,MODERATE YELLOWISH
Malachiteus,136,MODERATE YELLOWISH
Moderate Yellowish Green,136,MODERATE YELLOWISH
Pea Green (USA),136,MODERATE YELLOWISH
Pistaceus,136,MODERATE YELLOWISH
Yellow Green,136,MODERATE YELLOWISH
Yellowish Green,136,MODERATE YELLOWISH
Ackermann's Green,137,DARK YELLOWISH GREEN
Alfalfa,137,DARK YELLOWISH GREEN
American Green,137,DARK YELLOWISH GREEN
Australian Pine,137,DARK YELLOWISH GREEN
Cactus,137,DARK YELLOWISH GREEN
Civette Green,137,DARK YELLOWISH GREEN
Cossack Green,137,DARK YELLOWISH GREEN
Danube Green,137,DARK YELLOWISH GREEN
Deep Chrome Green,137,DARK YELLOWISH GREEN
Empire Green,137,DARK YELLOWISH GREEN
English Ivy,137,DARK YELLOWISH GREEN
Evergreen,137,DARK YELLOWISH GREEN
Fir [Green],137,DARK YELLOWISH GREEN
Flower de Luce Green,137,DARK YELLOWISH GREEN
Garland Green,137,DARK YELLOWISH GREEN
Golf Green,137,DARK YELLOWISH GREEN
Hibernian Green,137,DARK YELLOWISH GREEN
Imperial Jade,137,DARK YELLOWISH GREEN
Iris Green,137,DARK YELLOWISH GREEN
Jadesheen,137,DARK YELLOWISH GREEN
Kashmir,137,DARK YELLOWISH GREEN
Light Brunswick Green,137,DARK YELLOWISH GREEN
Light Chrome Green,137,DARK YELLOWISH GREEN
Meadowgrass,137,DARK YELLOWISH GREEN
Meadow [Green],137,DARK YELLOWISH GREEN
Medium Chrome Green,137,DARK YELLOWISH GREEN
Middle Brunswick Green,137,DARK YELLOWISH GREEN
Monticello Green,137,DARK YELLOWISH GREEN
Palm Green,137,DARK YELLOWISH GREEN
Pancy Green,137,DARK YELLOWISH GREEN
Paradise Green,137,DARK YELLOWISH GREEN
Pauncy Green,137,DARK YELLOWISH GREEN
Polo Green,137,DARK YELLOWISH GREEN
Russian Green,137,DARK YELLOWISH GREEN
Ski,137,DARK YELLOWISH GREEN
Verdure,137,DARK YELLOWISH GREEN
Vert Russe,137,DARK YELLOWISH GREEN
Windsor Green,137,DARK YELLOWISH GREEN
Wintergreen,137,DARK YELLOWISH GREEN
Dark American Green,137,DARK YELLOWISH GREEN
Dark Green,137,DARK YELLOWISH GREEN
Dark Yellowish Green,137,DARK YELLOWISH GREEN
Almond Green,137,DARK YELLOWISH GREEN
Dark Grass Green,137,DARK YELLOWISH GREEN
Dark Green,137,DARK YELLOWISH GREEN
Dark Laurel Green,137,DARK YELLOWISH GREEN
Dark Leaf Green,137,DARK YELLOWISH GREEN
Dark Palm Green,137,DARK YELLOWISH GREEN
Dark Pine Green,137,DARK YELLOWISH GREEN
Grass Green,137,DARK YELLOWISH GREEN
Holly Green,137,DARK YELLOWISH GREEN
Hunter Green,137,DARK YELLOWISH GREEN
Mint Leaf,137,DARK YELLOWISH GREEN
Moss Green,137,DARK YELLOWISH GREEN
Myrtle Green,137,DARK YELLOWISH GREEN
Palm Green,137,DARK YELLOWISH GREEN
Parsley Green,137,DARK YELLOWISH GREEN
Evergreen,137,DARK YELLOWISH GREEN
Green (USA),137,DARK YELLOWISH GREEN
Hunter,137,DARK YELLOWISH GREEN
Atroherbaceus,137,DARK YELLOWISH GREEN
Atroviridis,137,DARK YELLOWISH GREEN
Dark Green (USA),137,DARK YELLOWISH GREEN
Dark Green,137,DARK YELLOWISH GREEN
Dark Yellowish Green,137,DARK YELLOWISH GREEN
Dull Green,137,DARK YELLOWISH GREEN
Dusky Yellowish Green,137,DARK YELLOWISH GREEN
Forest Green (Y&D),137,DARK YELLOWISH GREEN
Green (Agr),137,DARK YELLOWISH GREEN
Green (BuOrd),137,DARK YELLOWISH GREEN
Green (MA),137,DARK YELLOWISH GREEN
Green Striping (N),137,DARK YELLOWISH GREEN
Green Boottopping (PC),137,DARK YELLOWISH GREEN
Herbaceus,137,DARK YELLOWISH GREEN
Spinach Green,137,DARK YELLOWISH GREEN
Yellow Green,137,DARK YELLOWISH GREEN
Yellowish Green,137,DARK YELLOWISH GREEN
Chasseur,138,VERY DARK YELLOWISH
Elephant Green,138,VERY DARK YELLOWISH
"Fir [Green],",138,VERY DARK YELLOWISH
Hunter [Green],138,VERY DARK YELLOWISH
Hunter's Green,138,VERY DARK YELLOWISH
Bottle Green,138,VERY DARK YELLOWISH
Cypress Green,138,VERY DARK YELLOWISH
Dark Bottle Green,138,VERY DARK YELLOWISH
Dark Green,138,VERY DARK YELLOWISH
Dark Hunter Green,138,VERY DARK YELLOWISH
Forest Green,138,VERY DARK YELLOWISH
Wintergreen,138,VERY DARK YELLOWISH
Evergreen,138,VERY DARK YELLOWISH
Chrome Green (PC),138,VERY DARK YELLOWISH
Yellowish Green,138,VERY DARK YELLOWISH
Spearmint,139,VIVID GREEN
Bright Blue-Green,139,VIVID GREEN
Bright Green,139,VIVID GREEN
Bright Green,139,VIVID GREEN
Emerald,139,VIVID GREEN
Green,139,VIVID GREEN
Yellow Green,139,VIVID GREEN
Chrysoprase [Green],140,BRILLIANT GREEN
Emerald Green (pigment),140,BRILLIANT GREEN
Emperor Green,140,BRILLIANT GREEN
Imperial Green,140,BRILLIANT GREEN
Kirchberger Green,140,BRILLIANT GREEN
Mitis Green,140,BRILLIANT GREEN
Parrakeet,140,BRILLIANT GREEN
Paris Green,140,BRILLIANT GREEN
Paul Veronese Green,140,BRILLIANT GREEN
Schweinfurt Green,140,BRILLIANT GREEN
Seafoam,140,BRILLIANT GREEN
Vienna Green,140,BRILLIANT GREEN
Festival,140,BRILLIANT GREEN
Promised Land,140,BRILLIANT GREEN
Light Blue-Green,140,BRILLIANT GREEN
Viridian Green,140,BRILLIANT GREEN
Vivid Green,140,BRILLIANT GREEN
Bright Emerald Green,140,BRILLIANT GREEN
Bright Green,140,BRILLIANT GREEN
Bright Kelly Green,140,BRILLIANT GREEN
Bright Mint Green,140,BRILLIANT GREEN
Light Emerald Green,140,BRILLIANT GREEN
Mint Leaf,140,BRILLIANT GREEN
Scarab Green,140,BRILLIANT GREEN
Atroviridis,140,BRILLIANT GREEN
Blue-Green,140,BRILLIANT GREEN
Bright Blue-Green,140,BRILLIANT GREEN
Chrysocolla Green,140,BRILLIANT GREEN
Emerald,140,BRILLIANT GREEN
Green,140,BRILLIANT GREEN
Green,140,BRILLIANT GREEN
Light Green,140,BRILLIANT GREEN
Nickel Green,140,BRILLIANT GREEN
Viridian Green,140,BRILLIANT GREEN
Viridi-Caeruleus,140,BRILLIANT GREEN
Viridis,140,BRILLIANT GREEN
Yellow Green,140,BRILLIANT GREEN
Arsenate,141,STRONG GREEN
Cadmium Green,141,STRONG GREEN
Chrome Green,141,STRONG GREEN
Emeraude,141,STRONG GREEN
Empire,141,STRONG GREEN
Ming Green,141,STRONG GREEN
Transparent Chromium,141,STRONG GREEN
Oxide,141,STRONG GREEN
Viridian,141,STRONG GREEN
Promised Land,141,STRONG GREEN
Viridian Green,141,STRONG GREEN
Bright Emerald Green,141,STRONG GREEN
Bright Green,141,STRONG GREEN
Bright Jade Green,141,STRONG GREEN
Bright Kelly Green,141,STRONG GREEN
Emerald Green,141,STRONG GREEN
Kelly Green,141,STRONG GREEN
Mint Leaf,141,STRONG GREEN
Pepper Green,141,STRONG GREEN
Primitive Green,141,STRONG GREEN
Atroviridis,141,STRONG GREEN
Blue-Green,141,STRONG GREEN
Bright Blue-Green,141,STRONG GREEN
Bright Green,141,STRONG GREEN
Chrysocolla Green,141,STRONG GREEN
Dark Blue-Green,141,STRONG GREEN
Dark Green,141,STRONG GREEN
Deep Green,141,STRONG GREEN
Green,141,STRONG GREEN
Green,141,STRONG GREEN
Viridian Green,141,STRONG GREEN
Yellow Green,141,STRONG GREEN
Amarna,142,DEEP GREEN
Service Corps,142,DEEP GREEN
Dark Emerald Green,142,DEEP GREEN
Dark Green,142,DEEP GREEN
Deep Emerald Green,142,DEEP GREEN
Deep Green,142,DEEP GREEN
Irish Green,142,DEEP GREEN
Bright Green,142,DEEP GREEN
Dark Green,142,DEEP GREEN
Deep Green,142,DEEP GREEN
Green,142,DEEP GREEN
Green,142,DEEP GREEN
Opaline Green,143,VERY LIGHT GREEN
Icy Morn,143,VERY LIGHT GREEN
Island Green,143,VERY LIGHT GREEN
Jealousy,143,VERY LIGHT GREEN
La Mer,143,VERY LIGHT GREEN
Pale Water,143,VERY LIGHT GREEN
Pine Frost,143,VERY LIGHT GREEN
Salome Green,143,VERY LIGHT GREEN
Summer Green,143,VERY LIGHT GREEN
Deep Greenish Glaucous,143,VERY LIGHT GREEN
Variscite Green,143,VERY LIGHT GREEN
Ice Green,143,VERY LIGHT GREEN
Light Green,143,VERY LIGHT GREEN
Light Mint Green,143,VERY LIGHT GREEN
Pale Emerald Green,143,VERY LIGHT GREEN
Pale Green,143,VERY LIGHT GREEN
Pale Mint Green,143,VERY LIGHT GREEN
Blue-Green,143,VERY LIGHT GREEN
Green,143,VERY LIGHT GREEN
Green,143,VERY LIGHT GREEN
Light Blue (Eng),143,VERY LIGHT GREEN
Pale Green,143,VERY LIGHT GREEN
Prasinus,143,VERY LIGHT GREEN
Viridi-Glaucus,143,VERY LIGHT GREEN
Yellow Green,143,VERY LIGHT GREEN
Aden,144,LIGHT GREEN
Bouquet Green,144,LIGHT GREEN
Cabaret,144,LIGHT GREEN
Cameo Green,144,LIGHT GREEN
Chantilly,144,LIGHT GREEN
Chinese Green,144,LIGHT GREEN
Chrysoprase [Green],144,LIGHT GREEN
Corsage Green,144,LIGHT GREEN
Elf,144,LIGHT GREEN
Elfin Green,144,LIGHT GREEN
Feldspar,144,LIGHT GREEN
Lo-kao,144,LIGHT GREEN
Mist Blue,144,LIGHT GREEN
Misty Blue,144,LIGHT GREEN
Motmot Green,144,LIGHT GREEN
Naiad,144,LIGHT GREEN
Neptune [Green],144,LIGHT GREEN
Neuvider Green,144,LIGHT GREEN
Neuwieder Green,144,LIGHT GREEN
Seafoam,144,LIGHT GREEN
Source,144,LIGHT GREEN
Variscite Green,144,LIGHT GREEN
Veridine Green,144,LIGHT GREEN
Victoria Green,144,LIGHT GREEN
Cobalt Green,144,LIGHT GREEN
Dark Bluish Glaucous,144,LIGHT GREEN
Deep Glaucous-Green,144,LIGHT GREEN
Light Blue-Green,144,LIGHT GREEN
jyiontpellier Green,144,LIGHT GREEN
Verdigris Green,144,LIGHT GREEN
Light Emerald Green,144,LIGHT GREEN
Light Mint Green,144,LIGHT GREEN
Mint Green,144,LIGHT GREEN
Surf Green,144,LIGHT GREEN
Aerugineus,144,LIGHT GREEN
Blue-Green,144,LIGHT GREEN
Brilliant Green,144,LIGHT GREEN
Dull Green,144,LIGHT GREEN
Emerald,144,LIGHT GREEN
Gray Green,144,LIGHT GREEN
Green,144,LIGHT GREEN
Green,144,LIGHT GREEN
Green,144,LIGHT GREEN
Griseo-Viridis,144,LIGHT GREEN
Light Green,144,LIGHT GREEN
Pistaceus,144,LIGHT GREEN
Verdigris,144,LIGHT GREEN
Viridi-Caeruleus,144,LIGHT GREEN
Yellow Green,144,LIGHT GREEN
Amazon,145,MODERATE GREEN
Blue Spruce,145,MODERATE GREEN
Chrome Green,145,MODERATE GREEN
Egyptian Green,145,MODERATE GREEN
Emeraude,145,MODERATE GREEN
Erin,145,MODERATE GREEN
French Green,145,MODERATE GREEN
Gobelin Green,145,MODERATE GREEN
Gretna Green,145,MODERATE GREEN
Hazy Blue,145,MODERATE GREEN
Hooker's Green No. 2,145,MODERATE GREEN
Jasper Green,145,MODERATE GREEN
Kashmir,145,MODERATE GREEN
Killarney [Green],145,MODERATE GREEN
Lizard [Green],145,MODERATE GREEN
Locarno Green,145,MODERATE GREEN
Neptune [Green],145,MODERATE GREEN
Pigeon's Throat,145,MODERATE GREEN
Pi Yu,145,MODERATE GREEN
Runnymede,145,MODERATE GREEN
Scarab,145,MODERATE GREEN
Ski,145,MODERATE GREEN
Transparent Chromium,145,MODERATE GREEN
Oxide,145,MODERATE GREEN
Viridian,145,MODERATE GREEN
Ackermann’s Green,145,MODERATE GREEN
Danube Green,145,MODERATE GREEN
Dark Viridian Green,145,MODERATE GREEN
Dark Zinc Green,145,MODERATE GREEN
Diamine Green,145,MODERATE GREEN
French Green,145,MODERATE GREEN
Jasper Green,145,MODERATE GREEN
Light Danube Green,145,MODERATE GREEN
Montpellier Green,145,MODERATE GREEN
Nickel Green,145,MODERATE GREEN
Zinc Green,145,MODERATE GREEN
Deep Green,145,MODERATE GREEN
Dark Green,145,MODERATE GREEN
Deep Emerald Green,145,MODERATE GREEN
Emerald Green,145,MODERATE GREEN
Hunter Green,145,MODERATE GREEN
Jade Green,145,MODERATE GREEN
Laurel Green,145,MODERATE GREEN
Medium Green,145,MODERATE GREEN
Mint Leaf,145,MODERATE GREEN
Myrtle Green,145,MODERATE GREEN
Pepper Green,145,MODERATE GREEN
Pine Green,145,MODERATE GREEN
Sea Green,145,MODERATE GREEN
Spruce Green,145,MODERATE GREEN
Surf Green,145,MODERATE GREEN
Blue Spruce,145,MODERATE GREEN
Aerugineus,145,MODERATE GREEN
Atroherbaceus,145,MODERATE GREEN
Atrovenetus,145,MODERATE GREEN
Atroviridis,145,MODERATE GREEN
Blue-Green,145,MODERATE GREEN
Bright Green (Y&D),145,MODERATE GREEN
Dark Green,145,MODERATE GREEN
Deep Green,145,MODERATE GREEN
Dull Green,145,MODERATE GREEN
Gray Green,145,MODERATE GREEN
Green,145,MODERATE GREEN
Green (USA),145,MODERATE GREEN
Green,145,MODERATE GREEN
Herbaceus,145,MODERATE GREEN
Malachiteus,145,MODERATE GREEN
Moderate Green,145,MODERATE GREEN
Obscuro-Virens,145,MODERATE GREEN
Slate Green,145,MODERATE GREEN
Yellow Green,145,MODERATE GREEN
Amarna,146,DARK GREEN
Bakst Green,146,DARK GREEN
Billiard,146,DARK GREEN
Carrara Green,146,DARK GREEN
Chinese Green,146,DARK GREEN
Deep Brunswick Green,146,DARK GREEN
English Green,146,DARK GREEN
Marine Green,146,DARK GREEN
Medium Chrome Green,146,DARK GREEN
Mint,146,DARK GREEN
Pineneedle,146,DARK GREEN
Robinhood Green,146,DARK GREEN
Tiber,146,DARK GREEN
Triton,146,DARK GREEN
Yu Chi,146,DARK GREEN
Bottle Green,146,DARK GREEN
Danube Green,146,DARK GREEN
Diamine Green,146,DARK GREEN
Bottle Green,146,DARK GREEN
Dark Green,146,DARK GREEN
Dark Hunter Green,146,DARK GREEN
Dark Jade Green,146,DARK GREEN
Dark Laurel Green,146,DARK GREEN
Dark Pine Green,146,DARK GREEN
Forest Green,146,DARK GREEN
Hunter Green,146,DARK GREEN
Laurel Green,146,DARK GREEN
Myrtle Green,146,DARK GREEN
Pine Green,146,DARK GREEN
Wintergreen,146,DARK GREEN
Bottle Green,146,DARK GREEN
Myrtle,146,DARK GREEN
Atrovenetus,146,DARK GREEN
Atroviridis,146,DARK GREEN
Cab Green (PC),146,DARK GREEN
Dark Blue-Green,146,DARK GREEN
Dark Green,146,DARK GREEN
Dark Slate Green,146,DARK GREEN
Dusky Green,146,DARK GREEN
Green,146,DARK GREEN
Obscuro-Virens,146,DARK GREEN
Jungle Green,147,VERY DARK GREEN
Dark Green,147,VERY DARK GREEN
Hemlock Green,147,VERY DARK GREEN
Dark Blue-Green,147,VERY DARK GREEN
Dark Slate Green,147,VERY DARK GREEN
Green,147,VERY DARK GREEN
Green (FS),147,VERY DARK GREEN
Court Grey,148,VERY PALE GREEN
Etain Blue,148,VERY PALE GREEN
Glaucous-Green,148,VERY PALE GREEN
Light Blue 2,148,VERY PALE GREEN
Light Blue 3,148,VERY PALE GREEN
Light Blue 5,148,VERY PALE GREEN
Microcline Green,148,VERY PALE GREEN
Oural Green,148,VERY PALE GREEN
Blue Waltz,148,VERY PALE GREEN
Cabbage,148,VERY PALE GREEN
Cleopatra,148,VERY PALE GREEN
Cloister,148,VERY PALE GREEN
Desirable,148,VERY PALE GREEN
Fairy Land,148,VERY PALE GREEN
Fancy Free,148,VERY PALE GREEN
Fantasia,148,VERY PALE GREEN
Fern Lane,148,VERY PALE GREEN
Garden Pool,148,VERY PALE GREEN
Gracious Green,148,VERY PALE GREEN
Green Glow,148,VERY PALE GREEN
Green Lily,148,VERY PALE GREEN
Ice Flow,148,VERY PALE GREEN
Icy Morn,148,VERY PALE GREEN
Inspiration,148,VERY PALE GREEN
Marine Glow,148,VERY PALE GREEN
Market Green,148,VERY PALE GREEN
Mint Lime,148,VERY PALE GREEN
Promise Green,148,VERY PALE GREEN
Sky Lane,148,VERY PALE GREEN
Snow Green,148,VERY PALE GREEN
Summer Shower,148,VERY PALE GREEN
Tourmaline Green,148,VERY PALE GREEN
Zephyr Green,148,VERY PALE GREEN
Bluish Glaucous,148,VERY PALE GREEN
Court Gray,148,VERY PALE GREEN
Dull Opaline Green,148,VERY PALE GREEN
Etain Blue,148,VERY PALE GREEN
Gnaphalium Green,148,VERY PALE GREEN
Greenish Glaucous,148,VERY PALE GREEN
Lichen Green,148,VERY PALE GREEN
Pale Blue-Green,148,VERY PALE GREEN
Pale Fluorite Green,148,VERY PALE GREEN
Pale Glaucous-Green,148,VERY PALE GREEN
Pale Niagara Green,148,VERY PALE GREEN
Pale Olivine,148,VERY PALE GREEN
Aqua Green Tint,148,VERY PALE GREEN
Celadon,148,VERY PALE GREEN
Celadon Tint,148,VERY PALE GREEN
Emerald Tint,148,VERY PALE GREEN
Green Tint,148,VERY PALE GREEN
Ice Cream,148,VERY PALE GREEN
Ice Tint,148,VERY PALE GREEN
Mist Green,148,VERY PALE GREEN
Pale Aqua,148,VERY PALE GREEN
Pale Aqua Green,148,VERY PALE GREEN
Pale Green,148,VERY PALE GREEN
Pale Jade Green,148,VERY PALE GREEN
Pale Mint Green,148,VERY PALE GREEN
Pale Nile Green,148,VERY PALE GREEN
Pastel Green,148,VERY PALE GREEN
Tourmaline,148,VERY PALE GREEN
Blue Tint (MA),148,VERY PALE GREEN
Caeruleo-Glaucus,148,VERY PALE GREEN
Caeruleus,148,VERY PALE GREEN
Dull Bluish Green,148,VERY PALE GREEN
Dull Green,148,VERY PALE GREEN
Glauco-Griseus,148,VERY PALE GREEN
Glaucus,148,VERY PALE GREEN
Green,148,VERY PALE GREEN
Light Blue (Eng),148,VERY PALE GREEN
Light Blue (USA),148,VERY PALE GREEN
Prasinus,148,VERY PALE GREEN
Sky Grey,148,VERY PALE GREEN
Very Pale Green,148,VERY PALE GREEN
Viridi-Caeruleus,148,VERY PALE GREEN
Viridi-Glaucus,148,VERY PALE GREEN
Aloes [Green),149,PALE GREEN
Bird's-egg-green,149,PALE GREEN
Cameo Green,149,PALE GREEN
Clair de lune,149,PALE GREEN
Eggshell Blue,149,PALE GREEN
Eggshell Green,149,PALE GREEN
Elf,149,PALE GREEN
Etang,149,PALE GREEN
Gnaphalium Green,149,PALE GREEN
Hazy Blue,149,PALE GREEN
Mgsange,149,PALE GREEN
Mist Blue,149,PALE GREEN
Misty Blue,149,PALE GREEN
Morning Blue,149,PALE GREEN
Normandy Blue,149,PALE GREEN
Ondine,149,PALE GREEN
Pacific,149,PALE GREEN
Pine Frost,149,PALE GREEN
Robin’s Egg Blue,149,PALE GREEN
Seaspray,149,PALE GREEN
Serpent,149,PALE GREEN
Source,149,PALE GREEN
Surrey Green,149,PALE GREEN
Tea,149,PALE GREEN
Titmouse Blue,149,PALE GREEN
Victoria Green,149,PALE GREEN
Abyss,149,PALE GREEN
Aqua Gray,149,PALE GREEN
Cool Eve,149,PALE GREEN
Elf Green,149,PALE GREEN
Favorite,149,PALE GREEN
Fog Green,149,PALE GREEN
Granite Green,149,PALE GREEN
Iceberg Green,149,PALE GREEN
Meadow Mist,149,PALE GREEN
Sleepy Hollow,149,PALE GREEN
Venice,149,PALE GREEN
Bluish Gray-Green,149,PALE GREEN
Celandine Green,149,PALE GREEN
Dark Bluish Glaucous,149,PALE GREEN
Glaucous-Green,149,PALE GREEN
Gnaphalium Green,149,PALE GREEN
Niagara Green,149,PALE GREEN
Sage Green,149,PALE GREEN
Aqua Gray,149,PALE GREEN
Bayberry Gray,149,PALE GREEN
Celadon,149,PALE GREEN
Celadon Gray,149,PALE GREEN
Celadon Green,149,PALE GREEN
Dusty Green,149,PALE GREEN
Dusty Aqua Green,149,PALE GREEN
Dusty Jade Green,149,PALE GREEN
Jade Gray,149,PALE GREEN
Light Almond Green,149,PALE GREEN
Light Aqua,149,PALE GREEN
Light Aqua Green,149,PALE GREEN
Light Bayberry,149,PALE GREEN
Light Blue Spruce,149,PALE GREEN
Light Reseda Green,149,PALE GREEN
Light Sage Green,149,PALE GREEN
Mist Green,149,PALE GREEN
Pastel Green,149,PALE GREEN
Spray Green,149,PALE GREEN
Spraygreen,149,PALE GREEN
Aerugineus,149,PALE GREEN
Dull Bluish Green,149,PALE GREEN
Dull Green,149,PALE GREEN
Glauco-Griseus,149,PALE GREEN
Glauco-Venetus,149,PALE GREEN
Glaucus,149,PALE GREEN
Gray,149,PALE GREEN
Green,149,PALE GREEN
Greenish Black,149,PALE GREEN
Greenish Gray,149,PALE GREEN
Pale Blue Green,149,PALE GREEN
Pale Green,149,PALE GREEN
Pale Yellowish Green,149,PALE GREEN
Pistaceus,149,PALE GREEN
Slate,149,PALE GREEN
Viridi-Griseus,149,PALE GREEN
Almond Green,150,GRAYISH GREEN
American Green,150,GRAYISH GREEN
Andorre,150,GRAYISH GREEN
Aspen Green,150,GRAYISH GREEN
Blue Ochre,150,GRAYISH GREEN
Blue Spruce,150,GRAYISH GREEN
Celandine Green,150,GRAYISH GREEN
Cossack,150,GRAYISH GREEN
Dewkiss,150,GRAYISH GREEN
Dryad,150,GRAYISH GREEN
Green Slate,150,GRAYISH GREEN
Immenssee,150,GRAYISH GREEN
Jadesheen,150,GRAYISH GREEN
Japanese Blue,150,GRAYISH GREEN
Japanese Green,150,GRAYISH GREEN
Kashmir,150,GRAYISH GREEN
Posy Green,150,GRAYISH GREEN
Ripple Green,150,GRAYISH GREEN
Russian Green,150,GRAYISH GREEN
Silverpine,150,GRAYISH GREEN
Slate-Green,150,GRAYISH GREEN
Vert Russe,150,GRAYISH GREEN
Yucca,150,GRAYISH GREEN
Banshee,150,GRAYISH GREEN
Gray Green,150,GRAYISH GREEN
Green Ravine,150,GRAYISH GREEN
Myrtle Green,150,GRAYISH GREEN
North Green,150,GRAYISH GREEN
Pan,150,GRAYISH GREEN
Persian Gulf,150,GRAYISH GREEN
Remote,150,GRAYISH GREEN
Shadow Aqua,150,GRAYISH GREEN
Silent Night,150,GRAYISH GREEN
Antique Green,150,GRAYISH GREEN
Bluish Gray-Green,150,GRAYISH GREEN
Danube Green,150,GRAYISH GREEN
"Dark American Green _ XU 33""'k",150,GRAYISH GREEN
Dark Bluish Gray-Green,150,GRAYISH GREEN
Dark Glaucous-Gray,150,GRAYISH GREEN
Dark Green,150,GRAYISH GREEN
Dark Porcelain Green,150,GRAYISH GREEN
Dark Russian Green,150,GRAYISH GREEN
Dark Terre Verte,150,GRAYISH GREEN
Deep Bluish Gray-Green,150,GRAYISH GREEN
Deep Grayish Blue-Green,150,GRAYISH GREEN
Dusky Green,150,GRAYISH GREEN
Empire Green,150,GRAYISH GREEN
Grayish Blue-Green,150,GRAYISH GREEN
Nickel Green,150,GRAYISH GREEN
Russian Green,150,GRAYISH GREEN
Almond Green,150,GRAYISH GREEN
Bayberrygm,150,GRAYISH GREEN
Blue Spruce,150,GRAYISH GREEN
Dark Jade Gray,150,GRAYISH GREEN
Dark Laurel Green,150,GRAYISH GREEN
Dark Pine Green,150,GRAYISH GREEN
Dark Reseda Green,150,GRAYISH GREEN
Dark Teal Green,150,GRAYISH GREEN
Evergreen,150,GRAYISH GREEN
Jade Gray,150,GRAYISH GREEN
Laurel Green,150,GRAYISH GREEN
Medium BlueSprucegm,150,GRAYISH GREEN
Moss Gray,150,GRAYISH GREEN
Pine Green,150,GRAYISH GREEN
Reseda Green,150,GRAYISH GREEN
Sage Gray,150,GRAYISH GREEN
Sage Green,150,GRAYISH GREEN
Slate Green,150,GRAYISH GREEN
Spruce,150,GRAYISH GREEN
Almond Green,150,GRAYISH GREEN
Palmetto,150,GRAYISH GREEN
Reseda,150,GRAYISH GREEN
Aerugineus ... b,150,GRAYISH GREEN
Atroherbaceus,150,GRAYISH GREEN
Atrovenetus,150,GRAYISH GREEN
Atroviridis,150,GRAYISH GREEN
Dark Green ... s,150,GRAYISH GREEN
Dark Greenish Gray,150,GRAYISH GREEN
Deep Green (Y&D),150,GRAYISH GREEN
Dull Bluish Green,150,GRAYISH GREEN
Dull Green,150,GRAYISH GREEN
Glauco-Venetus,150,GRAYISH GREEN
Grayish Blue Green,150,GRAYISH GREEN
Grayish Green,150,GRAYISH GREEN
Green,150,GRAYISH GREEN
Herbaceus,150,GRAYISH GREEN
Machinery Green (PBS),150,GRAYISH GREEN
Machinery Green (QM),150,GRAYISH GREEN
Medium Green (Y&D),150,GRAYISH GREEN
Obscuro-Virens,150,GRAYISH GREEN
Olive Green,150,GRAYISH GREEN
Pistaceus,150,GRAYISH GREEN
Viridi-Griseus,150,GRAYISH GREEN
Alhambra,151,DARK GRAYISH GREEN
Alpine Green,151,DARK GRAYISH GREEN
Antique Green,151,DARK GRAYISH GREEN
Baltic,151,DARK GRAYISH GREEN
Banshee,151,DARK GRAYISH GREEN
Bayou,151,DARK GRAYISH GREEN
Bosphorus,151,DARK GRAYISH GREEN
Bottle Green,151,DARK GRAYISH GREEN
Cendrillon,151,DARK GRAYISH GREEN
Danube Green,151,DARK GRAYISH GREEN
Empire Green,151,DARK GRAYISH GREEN
Epinauche,151,DARK GRAYISH GREEN
Fir (Green),151,DARK GRAYISH GREEN
Forest,151,DARK GRAYISH GREEN
Frosty Green,151,DARK GRAYISH GREEN
Gardenia Green,151,DARK GRAYISH GREEN
Juniper,151,DARK GRAYISH GREEN
Kabistan,151,DARK GRAYISH GREEN
Marine Green,151,DARK GRAYISH GREEN
Maris,151,DARK GRAYISH GREEN
Meadowbrook,151,DARK GRAYISH GREEN
Meadowgrass,151,DARK GRAYISH GREEN
Mountain Green,151,DARK GRAYISH GREEN
Myrtle (Green),151,DARK GRAYISH GREEN
Narva,151,DARK GRAYISH GREEN
Nickle Green,151,DARK GRAYISH GREEN
Pan,151,DARK GRAYISH GREEN
Persian Green,151,DARK GRAYISH GREEN
Pinegrove,151,DARK GRAYISH GREEN
Pineneedle,151,DARK GRAYISH GREEN
Pitchpine,151,DARK GRAYISH GREEN
Poplar,151,DARK GRAYISH GREEN
Rigi Blue,151,DARK GRAYISH GREEN
Romarin,151,DARK GRAYISH GREEN
Sea Moss(b),151,DARK GRAYISH GREEN
Shirvan,151,DARK GRAYISH GREEN
Siberien,151,DARK GRAYISH GREEN
Spruce,151,DARK GRAYISH GREEN
Swamp,151,DARK GRAYISH GREEN
Tartan Green,151,DARK GRAYISH GREEN
Thyme,151,DARK GRAYISH GREEN
Banshee,151,DARK GRAYISH GREEN
Depth Green,151,DARK GRAYISH GREEN
Highland,151,DARK GRAYISH GREEN
Jungle,151,DARK GRAYISH GREEN
Marble,151,DARK GRAYISH GREEN
Nabob,151,DARK GRAYISH GREEN
Noel,151,DARK GRAYISH GREEN
Tranquil Green,151,DARK GRAYISH GREEN
Antique Green,151,DARK GRAYISH GREEN
Danube Green,151,DARK GRAYISH GREEN
Dark American Green,151,DARK GRAYISH GREEN
Dark Bluish Gray-Green,151,DARK GRAYISH GREEN
Dark Green,151,DARK GRAYISH GREEN
Dark Russian Green,151,DARK GRAYISH GREEN
Duck Green,151,DARK GRAYISH GREEN
Dull Blackish Green,151,DARK GRAYISH GREEN
Dusky Blue-Green,151,DARK GRAYISH GREEN
Dusky Dull Bluish Green,151,DARK GRAYISH GREEN
Dusky Dull Green,151,DARK GRAYISH GREEN
Dusky Green,151,DARK GRAYISH GREEN
Empire Green,151,DARK GRAYISH GREEN
Greenish Slate-Black,151,DARK GRAYISH GREEN
Invisible Green,151,DARK GRAYISH GREEN
"Taylor, Knoche,' Granville",151,DARK GRAYISH GREEN
Blue Spruce,151,DARK GRAYISH GREEN
Cypress Green,151,DARK GRAYISH GREEN
Dark Bottle Green,151,DARK GRAYISH GREEN
Dark Green,151,DARK GRAYISH GREEN
Dark Jade Gray,151,DARK GRAYISH GREEN
Dark Laurel Green,151,DARK GRAYISH GREEN
Dark Pine Green,151,DARK GRAYISH GREEN
Dark Spruce,151,DARK GRAYISH GREEN
Evergreen,151,DARK GRAYISH GREEN
Hemlock Green,151,DARK GRAYISH GREEN
Ivy,151,DARK GRAYISH GREEN
Laurel,151,DARK GRAYISH GREEN
Spruce,151,DARK GRAYISH GREEN
Reseda,151,DARK GRAYISH GREEN
Atroardesiacus,151,DARK GRAYISH GREEN
Atrovenetus,151,DARK GRAYISH GREEN
Atroviridis,151,DARK GRAYISH GREEN
Dark Blue-Green,151,DARK GRAYISH GREEN
Dark Green (USA),151,DARK GRAYISH GREEN
Dark Green Deck (N),151,DARK GRAYISH GREEN
Dark Green,151,DARK GRAYISH GREEN
Dark Slate Green,151,DARK GRAYISH GREEN
Dull Bluish Green,151,DARK GRAYISH GREEN
Dull Green,151,DARK GRAYISH GREEN
Dull Green .. s,151,DARK GRAYISH GREEN
Dusky Blue Green,151,DARK GRAYISH GREEN
Dusky Yellowish Green,151,DARK GRAYISH GREEN
Greenish Black,151,DARK GRAYISH GREEN
Herbaceus,151,DARK GRAYISH GREEN
Medium Green (AN),151,DARK GRAYISH GREEN
Obscuro-Virens,151,DARK GRAYISH GREEN
Olive Green. ... s,151,DARK GRAYISH GREEN
Slate_s,151,DARK GRAYISH GREEN
Slate Green__ s,151,DARK GRAYISH GREEN
Cannon,152,BLACKISH GREEN
Fairway,152,BLACKISH GREEN
Hemlock,152,BLACKISH GREEN
Invisible Green,152,BLACKISH GREEN
Jasper,152,BLACKISH GREEN
Jungle Green,152,BLACKISH GREEN
Tyrolian,152,BLACKISH GREEN
Night Watch,152,BLACKISH GREEN
Dark Laurel,152,BLACKISH GREEN
Dark Blue-Green,152,BLACKISH GREEN
Dark Slate Green,152,BLACKISH GREEN
Dull Bluish Green,152,BLACKISH GREEN
Dull Green,152,BLACKISH GREEN
Greenish Black,152,BLACKISH GREEN
Vineyard Green (SCS),152,BLACKISH GREEN
Horizon (Blue),153,GREENISH WHITE
Surf Spray,153,GREENISH WHITE
Greenish White,153,GREENISH WHITE
Ash (Grey),154,LIGHT GREENISH GRAY
Etang,154,LIGHT GREENISH GRAY
French Grey,154,LIGHT GREENISH GRAY
Grey Ultramarine Ash,154,LIGHT GREENISH GRAY
Lichen Green,154,LIGHT GREENISH GRAY
Mineral Grey,154,LIGHT GREENISH GRAY
Morning Blue,154,LIGHT GREENISH GRAY
Hathi Gray,154,LIGHT GREENISH GRAY
Light Celandine Green,154,LIGHT GREENISH GRAY
Light Mineral Gray,154,LIGHT GREENISH GRAY
Pale Blue,154,LIGHT GREENISH GRAY
Blue Gray,154,LIGHT GREENISH GRAY
Glauco-Griseus,154,LIGHT GREENISH GRAY
Gray__s,154,LIGHT GREENISH GRAY
Green_s,154,LIGHT GREENISH GRAY
Greenish Gray,154,LIGHT GREENISH GRAY
Light Green (Y&D),154,LIGHT GREENISH GRAY
Light Greenish Gray,154,LIGHT GREENISH GRAY
Sung Green,154,LIGHT GREENISH GRAY
Viridi-Griseus. b,154,LIGHT GREENISH GRAY
Artemesia Green,155,GREENISH GRAY
Cabbage Green,155,GREENISH GRAY
Colewort Green,155,GREENISH GRAY
Esthetic Grey,155,GREENISH GRAY
Hathi Grey,155,GREENISH GRAY
Olive Grey,155,GREENISH GRAY
Scotch Grey,155,GREENISH GRAY
Storm Grey,155,GREENISH GRAY
Artemisia Green,155,GREENISH GRAY
Castor Gray,155,GREENISH GRAY
Hathi Gray,155,GREENISH GRAY
Light Celandine Green,155,GREENISH GRAY
Lily Green,155,GREENISH GRAY
Pea Green,155,GREENISH GRAY
Slate-Olive,155,GREENISH GRAY
Storm Gray,155,GREENISH GRAY
Carnation Green,155,GREENISH GRAY
Dark Green . s,155,GREENISH GRAY
Deep Green. . s,155,GREENISH GRAY
Glauco-Griseus,155,GREENISH GRAY
Gray . s,155,GREENISH GRAY
Gray Black... . s,155,GREENISH GRAY
Greenish Gray,155,GREENISH GRAY
Greenish Gray,155,GREENISH GRAY
Olive Gray . s,155,GREENISH GRAY
Olive Green.. . s,155,GREENISH GRAY
Slate . s,155,GREENISH GRAY
Slate Green . s,155,GREENISH GRAY
Viridi-Griseus,155,GREENISH GRAY
Castor Grey,156,DARK GREENISH GRAY
Green Slate,156,DARK GREENISH GRAY
Lily Green,156,DARK GREENISH GRAY
Muscovite,156,DARK GREENISH GRAY
Sagebrush Green,156,DARK GREENISH GRAY
Saul,156,DARK GREENISH GRAY
Slate-Green,156,DARK GREENISH GRAY
Slate-Olive,156,DARK GREENISH GRAY
Dark Grayish Blue-Green,156,DARK GREENISH GRAY
Deep Slate-Green,156,DARK GREENISH GRAY
Deep Slate-Olive,156,DARK GREENISH GRAY
Dull Greenish Black (1) _ :,156,DARK GREENISH GRAY
Dull Greenish Black(2),156,DARK GREENISH GRAY
Dusky Bluish Green,156,DARK GREENISH GRAY
Dusky Dull Green,156,DARK GREENISH GRAY
Greenish Slate-Black,156,DARK GREENISH GRAY
Dark Ivy,156,DARK GREENISH GRAY
Dark Laurel,156,DARK GREENISH GRAY
Ivy,156,DARK GREENISH GRAY
Laurel,156,DARK GREENISH GRAY
Atroardesiacus,156,DARK GREENISH GRAY
Atrovenetus,156,DARK GREENISH GRAY
Atroviridis,156,DARK GREENISH GRAY
Blue Drab (USA),156,DARK GREENISH GRAY
Dark Greenish Gray,156,DARK GREENISH GRAY
Gray,156,DARK GREENISH GRAY
Greenish Black,156,DARK GREENISH GRAY
Greenish Gray... . ■,156,DARK GREENISH GRAY
Olivaceo-Niger,156,DARK GREENISH GRAY
Olive Gray,156,DARK GREENISH GRAY
Olive Green,156,DARK GREENISH GRAY
Slate,156,DARK GREENISH GRAY
Highland Green,157,GREENISH BLACK
Marble Green,157,GREENISH BLACK
Spruce,157,GREENISH BLACK
Tzarine,157,GREENISH BLACK
Ultramarine Green,157,GREENISH BLACK
Greenish Black,157,GREENISH BLACK
Greenish Black,157,GREENISH BLACK
Blue-Green,158,VIVID BLUISH GREEN
Bright Bluish Green,158,VIVID BLUISH GREEN
Turquoise Green,158,VIVID BLUISH GREEN
Sprite,159,BRILLIANT BLUISH
Bewitch,159,BRILLIANT BLUISH
Chill,159,BRILLIANT BLUISH
Crest,159,BRILLIANT BLUISH
Du Barry Blue,159,BRILLIANT BLUISH
Festival,159,BRILLIANT BLUISH
Ice Boat,159,BRILLIANT BLUISH
Lilting Green,159,BRILLIANT BLUISH
Naid,159,BRILLIANT BLUISH
Persian Green,159,BRILLIANT BLUISH
Picturesque,159,BRILLIANT BLUISH
Pool Green,159,BRILLIANT BLUISH
Promised Land,159,BRILLIANT BLUISH
Salome Blue,159,BRILLIANT BLUISH
Song of Norway,159,BRILLIANT BLUISH
Sulfate Green,159,BRILLIANT BLUISH
Beryl Green,159,BRILLIANT BLUISH
Venice Green,159,BRILLIANT BLUISH
Bright Aqua,159,BRILLIANT BLUISH
Bright Aqua Green,159,BRILLIANT BLUISH
Bright Emerald Green,159,BRILLIANT BLUISH
Bright Green,159,BRILLIANT BLUISH
Bright Jade Green,159,BRILLIANT BLUISH
Bright Turquoise gm _ 181a,159,BRILLIANT BLUISH
Bright Turquoise Green gm 191a,159,BRILLIANT BLUISH
Light Emerald Green,159,BRILLIANT BLUISH
Turquoise,159,BRILLIANT BLUISH
Blue-Green,159,BRILLIANT BLUISH
Bluish Green,159,BRILLIANT BLUISH
Green,159,BRILLIANT BLUISH
Turquoise Green,159,BRILLIANT BLUISH
Venetus,159,BRILLIANT BLUISH
Guinea Green,160,STRONG BLUISH GREEN
Monte Carlo,160,STRONG BLUISH GREEN
Olympia,160,STRONG BLUISH GREEN
Skobeloff Green,160,STRONG BLUISH GREEN
Wall Green,160,STRONG BLUISH GREEN
Dynasty Green,160,STRONG BLUISH GREEN
Green Glory,160,STRONG BLUISH GREEN
Plenty Bright,160,STRONG BLUISH GREEN
Promised Land,160,STRONG BLUISH GREEN
Vivid Turquoise,160,STRONG BLUISH GREEN
Benzol Green,160,STRONG BLUISH GREEN
Ethyl Green,160,STRONG BLUISH GREEN
Guinea Green,160,STRONG BLUISH GREEN
Methyl Green,160,STRONG BLUISH GREEN
Skobeloff Green,160,STRONG BLUISH GREEN
Bright Emerald Green,160,STRONG BLUISH GREEN
Bright Green,160,STRONG BLUISH GREEN
Bright Jade Green,160,STRONG BLUISH GREEN
Bright Teal Green,160,STRONG BLUISH GREEN
Bright Turquoise,160,STRONG BLUISH GREEN
Bright Turquoise Blue g __ Una,160,STRONG BLUISH GREEN
Bright Turquoise Green,160,STRONG BLUISH GREEN
Emerald Green,160,STRONG BLUISH GREEN
Turquoise,160,STRONG BLUISH GREEN
Turquoise Green,160,STRONG BLUISH GREEN
Vivid Emerald Green,160,STRONG BLUISH GREEN
Vivid Green,160,STRONG BLUISH GREEN
Vivid Turquoise,160,STRONG BLUISH GREEN
Vivid Turquoise Blue,160,STRONG BLUISH GREEN
Vivid Turquoise Green,160,STRONG BLUISH GREEN
Atrovenetus,160,STRONG BLUISH GREEN
Blue-Green,160,STRONG BLUISH GREEN
Bluish Green,160,STRONG BLUISH GREEN
Bright Blue,160,STRONG BLUISH GREEN
Capri Blue,160,STRONG BLUISH GREEN
Dark Blue-Green,160,STRONG BLUISH GREEN
Deep Green,160,STRONG BLUISH GREEN
Jade Green,160,STRONG BLUISH GREEN
Langite Green,160,STRONG BLUISH GREEN
Prussian Green,160,STRONG BLUISH GREEN
Venetus,160,STRONG BLUISH GREEN
Billiard,161,DEEP BLUISH GREEN
Bright Teal,161,DEEP BLUISH GREEN
Bright Teal Green,161,DEEP BLUISH GREEN
Deep Turquoise Green,161,DEEP BLUISH GREEN
Bluish Green,161,DEEP BLUISH GREEN
Prussian Green,161,DEEP BLUISH GREEN
Spray,162,VERY LIGHT BLUISH
April Sky,162,VERY LIGHT BLUISH
Aqua Queen,162,VERY LIGHT BLUISH
Blanch,162,VERY LIGHT BLUISH
Blue Waltz,162,VERY LIGHT BLUISH
Brook Green,162,VERY LIGHT BLUISH
Electra,162,VERY LIGHT BLUISH
Fairy Land,162,VERY LIGHT BLUISH
Green Dream,162,VERY LIGHT BLUISH
Holiday,162,VERY LIGHT BLUISH
Moonlight Bay,162,VERY LIGHT BLUISH
Naid,162,VERY LIGHT BLUISH
Picturesque,162,VERY LIGHT BLUISH
Piquant,162,VERY LIGHT BLUISH
Plume,162,VERY LIGHT BLUISH
Robin Egg,162,VERY LIGHT BLUISH
Sky Green,162,VERY LIGHT BLUISH
Spray,162,VERY LIGHT BLUISH
Spring Stream,162,VERY LIGHT BLUISH
Streamlet,162,VERY LIGHT BLUISH
Streamline,162,VERY LIGHT BLUISH
Suggestion,162,VERY LIGHT BLUISH
Tourmaline Green,162,VERY LIGHT BLUISH
Venice Blue,162,VERY LIGHT BLUISH
Bluish Glaucous,162,VERY LIGHT BLUISH
Deep Bluish Glaucous,162,VERY LIGHT BLUISH
Etain Blue,162,VERY LIGHT BLUISH
Microcline Green,162,VERY LIGHT BLUISH
Pale Nile Blue,162,VERY LIGHT BLUISH
Pale Turquoise Green,162,VERY LIGHT BLUISH
Bright Aqua Green,162,VERY LIGHT BLUISH
Ice Green,162,VERY LIGHT BLUISH
Light Aqua Green,162,VERY LIGHT BLUISH
Light Emerald Green,162,VERY LIGHT BLUISH
Light Turquoise Green,162,VERY LIGHT BLUISH
Pale Aqua Green,162,VERY LIGHT BLUISH
Pale Emerald Green,162,VERY LIGHT BLUISH
Pastel Turquoise Green,162,VERY LIGHT BLUISH
Bluish Green,162,VERY LIGHT BLUISH
Caerirleo-Glaucus,162,VERY LIGHT BLUISH
Caeruleus,162,VERY LIGHT BLUISH
Griseo-Venetus,162,VERY LIGHT BLUISH
Light Blue,162,VERY LIGHT BLUISH
Viridi-Caeruleus,162,VERY LIGHT BLUISH
Aphrodite,163,LIGHT BLUISH GREEN
Beryl Green,163,LIGHT BLUISH GREEN
Bird's-egg-green _ 27 H3,163,LIGHT BLUISH GREEN
Blue Turquoise .. ',163,LIGHT BLUISH GREEN
Cambridge Blue,163,LIGHT BLUISH GREEN
Cameo Blue,163,LIGHT BLUISH GREEN
Cascade,163,LIGHT BLUISH GREEN
Corsage Green,163,LIGHT BLUISH GREEN
Eggshell Blue,163,LIGHT BLUISH GREEN
Eggshell Green,163,LIGHT BLUISH GREEN
Eton Blue,163,LIGHT BLUISH GREEN
Fox Trot,163,LIGHT BLUISH GREEN
Lagoon,163,LIGHT BLUISH GREEN
Niagara Green,163,LIGHT BLUISH GREEN
Nile Blue,163,LIGHT BLUISH GREEN
Pacific,163,LIGHT BLUISH GREEN
Robin's Egg Blue,163,LIGHT BLUISH GREEN
Sprite,163,LIGHT BLUISH GREEN
Sulphate Green,163,LIGHT BLUISH GREEN
Tourmaline,163,LIGHT BLUISH GREEN
Turquoise [Blue],163,LIGHT BLUISH GREEN
Tyrolite Green,163,LIGHT BLUISH GREEN
Venet,163,LIGHT BLUISH GREEN
Venice Green,163,LIGHT BLUISH GREEN
Victoria Green,163,LIGHT BLUISH GREEN
Water-color,163,LIGHT BLUISH GREEN
Yama,163,LIGHT BLUISH GREEN
Aqua Sky,163,LIGHT BLUISH GREEN
Beryl Green,163,LIGHT BLUISH GREEN
Dryad,163,LIGHT BLUISH GREEN
Elf Green,163,LIGHT BLUISH GREEN
Empirical Blue,163,LIGHT BLUISH GREEN
Enduring,163,LIGHT BLUISH GREEN
Huron,163,LIGHT BLUISH GREEN
Icy Green,163,LIGHT BLUISH GREEN
Monaco,163,LIGHT BLUISH GREEN
Naid,163,LIGHT BLUISH GREEN
Ocean Wave,163,LIGHT BLUISH GREEN
Prudence,163,LIGHT BLUISH GREEN
Rill,163,LIGHT BLUISH GREEN
Santa Anita Green,163,LIGHT BLUISH GREEN
Sulfate Green,163,LIGHT BLUISH GREEN
Turquoise Blue,163,LIGHT BLUISH GREEN
Venetian Turquoise,163,LIGHT BLUISH GREEN
Yama,163,LIGHT BLUISH GREEN
Greenish Glaucous-BItfe,163,LIGHT BLUISH GREEN
Light Niagara Green,163,LIGHT BLUISH GREEN
Light Porcelain Green,163,LIGHT BLUISH GREEN
Light Sulphate Green,163,LIGHT BLUISH GREEN
Lumiere Blue,163,LIGHT BLUISH GREEN
Niagara Green,163,LIGHT BLUISH GREEN
Nile Blue,163,LIGHT BLUISH GREEN
Pale Sulphate Green,163,LIGHT BLUISH GREEN
Sulphate Green,163,LIGHT BLUISH GREEN
Turquoise Green,163,LIGHT BLUISH GREEN
Tyrolite Green,163,LIGHT BLUISH GREEN
Aqua,163,LIGHT BLUISH GREEN
Aqua Green,163,LIGHT BLUISH GREEN
Bright Aqua,163,LIGHT BLUISH GREEN
Bright Aqua Green,163,LIGHT BLUISH GREEN
Bright Turquoise Green,163,LIGHT BLUISH GREEN
Dark Jade Green,163,LIGHT BLUISH GREEN
Dusty Turquoise Green,163,LIGHT BLUISH GREEN
Jade Green,163,LIGHT BLUISH GREEN
Light Jade Green,163,LIGHT BLUISH GREEN
Light Emerald Green,163,LIGHT BLUISH GREEN
Light Turquoise,163,LIGHT BLUISH GREEN
Light Turquoise Green,163,LIGHT BLUISH GREEN
Pastel Turquoise Green,163,LIGHT BLUISH GREEN
Turquoise,163,LIGHT BLUISH GREEN
Turquoise Green,163,LIGHT BLUISH GREEN
Aqua,163,LIGHT BLUISH GREEN
Turquoise,163,LIGHT BLUISH GREEN
Aerugineus,163,LIGHT BLUISH GREEN
Blue,163,LIGHT BLUISH GREEN
Blue-Green,163,LIGHT BLUISH GREEN
Bluish Green,163,LIGHT BLUISH GREEN
Caeruleus,163,LIGHT BLUISH GREEN
Dark Blue-Green,163,LIGHT BLUISH GREEN
Deep Green,163,LIGHT BLUISH GREEN
Dull Green,163,LIGHT BLUISH GREEN
Glauco-Venetus,163,LIGHT BLUISH GREEN
Glaucus,163,LIGHT BLUISH GREEN
Gray Green,163,LIGHT BLUISH GREEN
Green,163,LIGHT BLUISH GREEN
Green,163,LIGHT BLUISH GREEN
Griseo-Venetus,163,LIGHT BLUISH GREEN
Light Blue,163,LIGHT BLUISH GREEN
Light Blue Green,163,LIGHT BLUISH GREEN
Venetus,163,LIGHT BLUISH GREEN
Veridi-Caeruleus,163,LIGHT BLUISH GREEN
Adriatic,164,MODERATE BLUISH
Bleu Louise,164,MODERATE BLUISH
Bremen Blue,164,MODERATE BLUISH
Canton Jade,164,MODERATE BLUISH
Chemic Green,164,MODERATE BLUISH
Colibri,164,MODERATE BLUISH
Cyan Blue,164,MODERATE BLUISH
Email,164,MODERATE BLUISH
Gendarme [Blue],164,MODERATE BLUISH
Hummingbird,164,MODERATE BLUISH
Huron,164,MODERATE BLUISH
Indian Turquoise,164,MODERATE BLUISH
Jouvence Blue,164,MODERATE BLUISH
Kara,164,MODERATE BLUISH
Lake Blue,164,MODERATE BLUISH
Lapis,164,MODERATE BLUISH
Marmora,164,MODERATE BLUISH
Matrix,164,MODERATE BLUISH
Mediterranian,164,MODERATE BLUISH
Monaco..27 K4,164,MODERATE BLUISH
Monte Carlo,164,MODERATE BLUISH
Neuwied Blue,164,MODERATE BLUISH
Neuwieder Blue,164,MODERATE BLUISH
Olympia,164,MODERATE BLUISH
Opal,164,MODERATE BLUISH
Peligot's Blue,164,MODERATE BLUISH
Porcelain Green,164,MODERATE BLUISH
Riga,164,MODERATE BLUISH
Ripple Green,164,MODERATE BLUISH
Samara,164,MODERATE BLUISH
Saxon Green,164,MODERATE BLUISH
Sorrento Green,164,MODERATE BLUISH
Sulphate Green,164,MODERATE BLUISH
Venezia,164,MODERATE BLUISH
Water Blue,164,MODERATE BLUISH
Waterfall,164,MODERATE BLUISH
Amulet,164,MODERATE BLUISH
Aquamarine Green,164,MODERATE BLUISH
Banshee,164,MODERATE BLUISH
Beautiful,164,MODERATE BLUISH
Blue Idol,164,MODERATE BLUISH
Canton,164,MODERATE BLUISH
Deep Sea,164,MODERATE BLUISH
Erie,164,MODERATE BLUISH
Glory Green-Blue,164,MODERATE BLUISH
Green Glory,164,MODERATE BLUISH
Guinea Green,164,MODERATE BLUISH
Hiawatha Green,164,MODERATE BLUISH
Jewel Green,164,MODERATE BLUISH
Lagoon,164,MODERATE BLUISH
Lush Gray,164,MODERATE BLUISH
North Green,164,MODERATE BLUISH
Opal Green,164,MODERATE BLUISH
Pan,164,MODERATE BLUISH
Persian Gulf,164,MODERATE BLUISH
River Nile,164,MODERATE BLUISH
Scarab,164,MODERATE BLUISH
Sorrento,164,MODERATE BLUISH
Spanish Blue,164,MODERATE BLUISH
Suez Green,164,MODERATE BLUISH
Superior,164,MODERATE BLUISH
Vagabond,164,MODERATE BLUISH
Anthracene Green,164,MODERATE BLUISH
Dark Bluish Gray-Green,164,MODERATE BLUISH
Dark Cinnabar Green,164,MODERATE BLUISH
Dark Sulphate Green,164,MODERATE BLUISH
Deep Bluish Gray-Green,164,MODERATE BLUISH
Ethyl Green,164,MODERATE BLUISH
Jouvence Blue,164,MODERATE BLUISH
Light Porcelain Green,164,MODERATE BLUISH
Light Terre Verte,164,MODERATE BLUISH
Methyl Green,164,MODERATE BLUISH
Porcelain Green,164,MODERATE BLUISH
Sea Green,164,MODERATE BLUISH
Sorrento Green,164,MODERATE BLUISH
Sulphate Green,164,MODERATE BLUISH
Wall Green,164,MODERATE BLUISH
Bright Teal,164,MODERATE BLUISH
Bright Teal Green,164,MODERATE BLUISH
Bright Turquoise Green,164,MODERATE BLUISH
Dark Emerald Green,164,MODERATE BLUISH
Dark Green,164,MODERATE BLUISH
Dark Jade Green,164,MODERATE BLUISH
Deep Emerald Green,164,MODERATE BLUISH
Deep Green,164,MODERATE BLUISH
Deep Teal,164,MODERATE BLUISH
Deep Teal Green,164,MODERATE BLUISH
Deep Turquoise Green,164,MODERATE BLUISH
Dusty Turquoise Green,164,MODERATE BLUISH
Emerald Green,164,MODERATE BLUISH
Jade Green,164,MODERATE BLUISH
Medium Green,164,MODERATE BLUISH
Medium Teal Green,164,MODERATE BLUISH
Teal,164,MODERATE BLUISH
Teal Green,164,MODERATE BLUISH
Turquoise,164,MODERATE BLUISH
Turquoise Green,164,MODERATE BLUISH
Parrot Blue,164,MODERATE BLUISH
Aerugineus,164,MODERATE BLUISH
Atrocyaneus,164,MODERATE BLUISH
Atrovenetus,164,MODERATE BLUISH
Atroviridis,164,MODERATE BLUISH
Blue,164,MODERATE BLUISH
Blue-Green,164,MODERATE BLUISH
Bluish Green,164,MODERATE BLUISH
Dark Blue-Green,164,MODERATE BLUISH
Dark Green,164,MODERATE BLUISH
Deep Green,164,MODERATE BLUISH
Glauco-Venetus,164,MODERATE BLUISH
Grayish Blue Green,164,MODERATE BLUISH
Grayish Green,164,MODERATE BLUISH
Green ... s,164,MODERATE BLUISH
Greenish Blue,164,MODERATE BLUISH
Light Blue (BuOrd),164,MODERATE BLUISH
Light Blue (USA),164,MODERATE BLUISH
Light Blue,164,MODERATE BLUISH
Moderate Blue Green,164,MODERATE BLUISH
Myrtle Green,164,MODERATE BLUISH
Prussian Green,164,MODERATE BLUISH
Slate Blue,164,MODERATE BLUISH
Venetus,164,MODERATE BLUISH
Alhambra,165,DARK BLUISH GREEN
Amulet,165,DARK BLUISH GREEN
Baltic,165,DARK BLUISH GREEN
Blue Grass,165,DARK BLUISH GREEN
Bottle Green,165,DARK BLUISH GREEN
Canard,165,DARK BLUISH GREEN
Chinese Green,165,DARK BLUISH GREEN
Duck Green,165,DARK BLUISH GREEN
Guignet’s Green,165,DARK BLUISH GREEN
Invisible Green,165,DARK BLUISH GREEN
Kremlin,165,DARK BLUISH GREEN
Maris,165,DARK BLUISH GREEN
Meadowbrook,165,DARK BLUISH GREEN
Michigan,165,DARK BLUISH GREEN
Mint,165,DARK BLUISH GREEN
Mittler's Green,165,DARK BLUISH GREEN
Myrtle [Green),165,DARK BLUISH GREEN
Paddock,165,DARK BLUISH GREEN
Pine Tree,165,DARK BLUISH GREEN
Sea Blue,165,DARK BLUISH GREEN
Superior,165,DARK BLUISH GREEN
Vagabond Green,165,DARK BLUISH GREEN
Banshee,165,DARK BLUISH GREEN
Basic,165,DARK BLUISH GREEN
Billiard,165,DARK BLUISH GREEN
Green Matrix,165,DARK BLUISH GREEN
Native Blue,165,DARK BLUISH GREEN
Spectra Green,165,DARK BLUISH GREEN
Yule Tree,165,DARK BLUISH GREEN
Anthracene Green,165,DARK BLUISH GREEN
Dark Bluish Gray-Green,165,DARK BLUISH GREEN
Dusky Green-Blue (1),165,DARK BLUISH GREEN
Invisible Green,165,DARK BLUISH GREEN
Myrtle Green,165,DARK BLUISH GREEN
Prussian Green,165,DARK BLUISH GREEN
Bright Teal Blue,165,DARK BLUISH GREEN
Dark Green,165,DARK BLUISH GREEN
Dark Jade Gray,165,DARK BLUISH GREEN
Dark Jade Green,165,DARK BLUISH GREEN
Dark Teal,165,DARK BLUISH GREEN
Dark Teal Green,165,DARK BLUISH GREEN
Deep Teal,165,DARK BLUISH GREEN
Deep Teal Blue,165,DARK BLUISH GREEN
Deep Teal Green,165,DARK BLUISH GREEN
Teal,165,DARK BLUISH GREEN
Teal Green,165,DARK BLUISH GREEN
Jungle Green,165,DARK BLUISH GREEN
Atrocyaneus,165,DARK BLUISH GREEN
Atrovenetus,165,DARK BLUISH GREEN
Atroviridis,165,DARK BLUISH GREEN
Bluish Green,165,DARK BLUISH GREEN
Deep Green,165,DARK BLUISH GREEN
Myrtle Green,165,DARK BLUISH GREEN
Dark Green,166,VERY DARK BLUISH
Dark Spruce,166,VERY DARK BLUISH
Dark Teal,166,VERY DARK BLUISH
Hemlock Green,166,VERY DARK BLUISH
Bluish Green,166,VERY DARK BLUISH
Caeruleum,167,VIVID GREENISH BLUE
Cerulean Blue,167,VIVID GREENISH BLUE
Coeruleum,167,VIVID GREENISH BLUE
Italian Blue,167,VIVID GREENISH BLUE
Oxide Blue,167,VIVID GREENISH BLUE
Bright Greenish Blue,167,VIVID GREENISH BLUE
Honey Bird,168,BRILLIANT GREENISH
Blithe,168,BRILLIANT GREENISH
Blue Turquoise,168,BRILLIANT GREENISH
Crystal Blue,168,BRILLIANT GREENISH
Delectable,168,BRILLIANT GREENISH
Neon Blue,168,BRILLIANT GREENISH
Niagara,168,BRILLIANT GREENISH
Paramount,168,BRILLIANT GREENISH
Singing Blue,168,BRILLIANT GREENISH
Cendre Blue,168,BRILLIANT GREENISH
Bright Blue,168,BRILLIANT GREENISH
Bright Peacock Blue,168,BRILLIANT GREENISH
Bright Turquoise Blue,168,BRILLIANT GREENISH
Horizon Blue,168,BRILLIANT GREENISH
Light Cerulean Bluegm... 151a,168,BRILLIANT GREENISH
Blue . s,168,BRILLIANT GREENISH
Caeruleus,168,BRILLIANT GREENISH
Faience Blue,168,BRILLIANT GREENISH
Greenish Blue,168,BRILLIANT GREENISH
Light Blue,168,BRILLIANT GREENISH
Beaucaire,169,STRONG GREENISH BLUE
Blue Jewel,169,STRONG GREENISH BLUE
Capri,169,STRONG GREENISH BLUE
Cobalt Blue,169,STRONG GREENISH BLUE
Cobalt Ultramarine,169,STRONG GREENISH BLUE
Duck Blue,169,STRONG GREENISH BLUE
Faience,169,STRONG GREENISH BLUE
Grotto [Blue),169,STRONG GREENISH BLUE
Indico Carmine,169,STRONG GREENISH BLUE
Indigo Carmine,169,STRONG GREENISH BLUE
Indigo Extract,169,STRONG GREENISH BLUE
Italian Blue,169,STRONG GREENISH BLUE
Kashan,169,STRONG GREENISH BLUE
Leithner’s Blue,169,STRONG GREENISH BLUE
Leyden Blue,169,STRONG GREENISH BLUE
Motmot Blue,169,STRONG GREENISH BLUE
Olympic Blue,169,STRONG GREENISH BLUE
Saxon Blue,169,STRONG GREENISH BLUE
Saxony Blue,169,STRONG GREENISH BLUE
Thenard’s Blue,169,STRONG GREENISH BLUE
Venetian Blue,169,STRONG GREENISH BLUE
Vienna Blue,169,STRONG GREENISH BLUE
Blue Danube,169,STRONG GREENISH BLUE
Classic Blue,169,STRONG GREENISH BLUE
Dazzle Blue,169,STRONG GREENISH BLUE
Fanfare,169,STRONG GREENISH BLUE
North Blue,169,STRONG GREENISH BLUE
Italian Blue,169,STRONG GREENISH BLUE
Bright Blue,169,STRONG GREENISH BLUE
Bright Cerulean Blue,169,STRONG GREENISH BLUE
Bright Peacock Blue,169,STRONG GREENISH BLUE
Bright Turquoise Blue,169,STRONG GREENISH BLUE
Brilliant Blue,169,STRONG GREENISH BLUE
Brilliant Peacock Bluegm,169,STRONG GREENISH BLUE
Cerulean Bluegm,169,STRONG GREENISH BLUE
Light Cerulean Blue,169,STRONG GREENISH BLUE
Peacock Blue,169,STRONG GREENISH BLUE
Turquoise Blue,169,STRONG GREENISH BLUE
Vivid Blue,169,STRONG GREENISH BLUE
Vivid Cerulean Blue,169,STRONG GREENISH BLUE
Vivid Peacock Blue,169,STRONG GREENISH BLUE
Vivid Turquoise Blue,169,STRONG GREENISH BLUE
Grotto Blue,169,STRONG GREENISH BLUE
Blue . s,169,STRONG GREENISH BLUE
Bright Blue,169,STRONG GREENISH BLUE
Capri Blue,169,STRONG GREENISH BLUE
Cyaneus,169,STRONG GREENISH BLUE
Greenish Blue,169,STRONG GREENISH BLUE
Greenish Blue,169,STRONG GREENISH BLUE
Indian Blue,169,STRONG GREENISH BLUE
Kingfisher Blue,169,STRONG GREENISH BLUE
Peacock Blue,169,STRONG GREENISH BLUE
Porcelain Blue,169,STRONG GREENISH BLUE
Antwerp Blue,170,DEEP GREENISH BLUE
Harlem Blue,170,DEEP GREENISH BLUE
Mineral Blue,170,DEEP GREENISH BLUE
Deep Cerulean Blue,170,DEEP GREENISH BLUE
Blue,170,DEEP GREENISH BLUE
Dark Blue,170,DEEP GREENISH BLUE
Deep Blue,170,DEEP GREENISH BLUE
Greenish Blue,170,DEEP GREENISH BLUE
Prussian Blue,170,DEEP GREENISH BLUE
Prussian Green,170,DEEP GREENISH BLUE
Blue Prose .. 846 Gbb 4-f,171,VERY LIGHT GREENISH
Blue Tease . 792 BG 3-h,171,VERY LIGHT GREENISH
Charm . 840 Gbb 3-h,171,VERY LIGHT GREENISH
Crisp Blue .. 775 BG 1-g,171,VERY LIGHT GREENISH
Crystal Blue .. 774 BG 1-f,171,VERY LIGHT GREENISH
Cupid Blue .... 783 BG 2-g,171,VERY LIGHT GREENISH
Debutante Blue,171,VERY LIGHT GREENISH
Delusion _ 824 Gbb 1-h,171,VERY LIGHT GREENISH
Ideal,171,VERY LIGHT GREENISH
Paloma... . 791 BG 3-g,171,VERY LIGHT GREENISH
Phantom Blue .. 776 BG 1-h,171,VERY LIGHT GREENISH
Reflection .. 832 Gbb 2-h,171,VERY LIGHT GREENISH
Sleigh Bells. ... 784 BG 2-h,171,VERY LIGHT GREENISH
Sparkle .. 839 Gbb 3-g,171,VERY LIGHT GREENISH
Tete-a-tete . 823 Gbb 1-g,171,VERY LIGHT GREENISH
Beryl Blue,171,VERY LIGHT GREENISH
Calamine Blue,171,VERY LIGHT GREENISH
Etain Blue,171,VERY LIGHT GREENISH
Light Glaucous-Blue,171,VERY LIGHT GREENISH
Pale Blue (Ethyl Blue),171,VERY LIGHT GREENISH
Pale Glaucous-Blue,171,VERY LIGHT GREENISH
Aqua Blue,171,VERY LIGHT GREENISH
Baby Blue,171,VERY LIGHT GREENISH
Bright Aqua,171,VERY LIGHT GREENISH
Light Aqua,171,VERY LIGHT GREENISH
Light Aqua Blue,171,VERY LIGHT GREENISH
Light Blue,171,VERY LIGHT GREENISH
Light Horizon Blue,171,VERY LIGHT GREENISH
Light Sky Blue,171,VERY LIGHT GREENISH
Light Turquoise,171,VERY LIGHT GREENISH
Light Turquoise Blue,171,VERY LIGHT GREENISH
Blue,171,VERY LIGHT GREENISH
Caeruleus,171,VERY LIGHT GREENISH
Glaucus,171,VERY LIGHT GREENISH
Greenish Blue,171,VERY LIGHT GREENISH
Aquamarine,172,LIGHT GREENISH BLUE
Beryl,172,LIGHT GREENISH BLUE
Beryl Blue,172,LIGHT GREENISH BLUE
Blue Turquoise,172,LIGHT GREENISH BLUE
Calamine Blue,172,LIGHT GREENISH BLUE
Ether,172,LIGHT GREENISH BLUE
Firmament Blue,172,LIGHT GREENISH BLUE
Love-in-a-mist,172,LIGHT GREENISH BLUE
Niagara,172,LIGHT GREENISH BLUE
Sistine,172,LIGHT GREENISH BLUE
Versailles,172,LIGHT GREENISH BLUE
Asthetic Blue.... . 788 BG 3-d,172,LIGHT GREENISH BLUE
Blue Grotto _ 836 Gbb 3-d,172,LIGHT GREENISH BLUE
Blue Mist _ 853 Gbb 5-e,172,LIGHT GREENISH BLUE
Blue Swirl _ 797 BG 4-e,172,LIGHT GREENISH BLUE
Chateau _ 822 Gbb 1-f,172,LIGHT GREENISH BLUE
China Sea. .. 838 Gbb 3—f,172,LIGHT GREENISH BLUE
Delectable ___ 781 BG 2-e,172,LIGHT GREENISH BLUE
Enduring,172,LIGHT GREENISH BLUE
Ice Cap ..... 798 BG 4-f,172,LIGHT GREENISH BLUE
Italian Blue... .. 837 Gbb 3-e,172,LIGHT GREENISH BLUE
Jewel Blue . 830 Gbb 2-f,172,LIGHT GREENISH BLUE
Magic Moon.. .. 854 Gbb 5-f,172,LIGHT GREENISH BLUE
Paramount _ 828 Gbb 2-d,172,LIGHT GREENISH BLUE
Paramour .. 829 Gbb 2-e,172,LIGHT GREENISH BLUE
Polar Blue _ 845 Gbb 4-e,172,LIGHT GREENISH BLUE
Rivulet Blue. .. 790 BG 3-f,172,LIGHT GREENISH BLUE
Singing Blue. .. 782 BG 2-f,172,LIGHT GREENISH BLUE
Steel Blue,172,LIGHT GREENISH BLUE
Watteau_ 789 BG 3-e,172,LIGHT GREENISH BLUE
Winsome Blue _ 831 Gbb 2-g,172,LIGHT GREENISH BLUE
Bremen Blue,172,LIGHT GREENISH BLUE
Calamine Blue,172,LIGHT GREENISH BLUE
Glaucous-Blue,172,LIGHT GREENISH BLUE
Light Dull Glaucous-Blue,172,LIGHT GREENISH BLUE
Lumiere Blue,172,LIGHT GREENISH BLUE
Porcelain Blue,172,LIGHT GREENISH BLUE
Aqua,172,LIGHT GREENISH BLUE
Aqua Blue,172,LIGHT GREENISH BLUE
Aqua Green,172,LIGHT GREENISH BLUE
Bright Aqua,172,LIGHT GREENISH BLUE
Bright Aqua Blue,172,LIGHT GREENISH BLUE
Bright Blue,172,LIGHT GREENISH BLUE
Dusty Turquoise Blue,172,LIGHT GREENISH BLUE
Dusty Turquoise Green,172,LIGHT GREENISH BLUE
Horizon Blue,172,LIGHT GREENISH BLUE
Light Clear Blue,172,LIGHT GREENISH BLUE
Light Sky Blue,172,LIGHT GREENISH BLUE
Light Turquoise,172,LIGHT GREENISH BLUE
Light Turquoise Blue,172,LIGHT GREENISH BLUE
Pastel Blue,172,LIGHT GREENISH BLUE
Robin's Egg Blue,172,LIGHT GREENISH BLUE
Sky Blue,172,LIGHT GREENISH BLUE
Turquoise,172,LIGHT GREENISH BLUE
Turquoise Blue,172,LIGHT GREENISH BLUE
Turquoise Green,172,LIGHT GREENISH BLUE
Blue Turquoise,172,LIGHT GREENISH BLUE
Blue,172,LIGHT GREENISH BLUE
Caeruleo-Glaucus,172,LIGHT GREENISH BLUE
Caeruleus,172,LIGHT GREENISH BLUE
Caesius . r,172,LIGHT GREENISH BLUE
Ethyl Blue,172,LIGHT GREENISH BLUE
Greenish Blue,172,LIGHT GREENISH BLUE
Light Blue,172,LIGHT GREENISH BLUE
Light Blue,172,LIGHT GREENISH BLUE
Milky Blue,172,LIGHT GREENISH BLUE
Pale Blue,172,LIGHT GREENISH BLUE
Turquoise Blue,172,LIGHT GREENISH BLUE
Academy Blue,173,MODERATE GREENISH
Arno Blue,173,MODERATE GREENISH
Beaucaire,173,MODERATE GREENISH
Bleu Louise _•,173,MODERATE GREENISH
Blue Sapphire,173,MODERATE GREENISH
Brittany,173,MODERATE GREENISH
Como .... 37 K4,173,MODERATE GREENISH
Cyan Blue,173,MODERATE GREENISH
Email,173,MODERATE GREENISH
Faience,173,MODERATE GREENISH
Gendarme [Blue],173,MODERATE GREENISH
Jouvence Blue,173,MODERATE GREENISH
Larkspur,173,MODERATE GREENISH
Sistine,173,MODERATE GREENISH
Tile Blue,173,MODERATE GREENISH
Algiers Blue ... 795 BG 4-c,173,MODERATE GREENISH
Arno Blue... __ 755 Bgg 5-c,173,MODERATE GREENISH
Azurite Blue _ 787 BG 3-c,173,MODERATE GREENISH
Biscay Bay .. 851 Gbb 5-c,173,MODERATE GREENISH
Blue Hour. .. 852 Gbb 5-d,173,MODERATE GREENISH
Blue Shadow _ 844 Gbb 4-d,173,MODERATE GREENISH
Ceramic __ 747 Bgg 4-c,173,MODERATE GREENISH
Cruise Blue .. 748 Bgg 4-d,173,MODERATE GREENISH
Cyan Blue __ 835 Gbb 3-c,173,MODERATE GREENISH
Delta __ 796 BG 4-d,173,MODERATE GREENISH
Lyre Blue . .... 827 Gbb 2-c,173,MODERATE GREENISH
Marco Polo,173,MODERATE GREENISH
Marine Blue _ 834 Gbb 3-b,173,MODERATE GREENISH
Priscilla Blue ... 764 Bgg 6-d,173,MODERATE GREENISH
Saxe Blue _ 756 Bgg 5-d,173,MODERATE GREENISH
Slate Turquoise,173,MODERATE GREENISH
Teal Blue_ 843 Gbb 4-c,173,MODERATE GREENISH
Water Fall _ 818 Gbb 1-b,173,MODERATE GREENISH
Capri Blue,173,MODERATE GREENISH
Chessylite Blue,173,MODERATE GREENISH
Dark Gobelin Blue,173,MODERATE GREENISH
Gobelin Blue,173,MODERATE GREENISH
Jouvence Blue,173,MODERATE GREENISH
Motmot Blue,173,MODERATE GREENISH
Bright Blue,173,MODERATE GREENISH
Bright Teal Blue,173,MODERATE GREENISH
Colonial Blue,173,MODERATE GREENISH
Deep Cerulean Blue,173,MODERATE GREENISH
Deep Peacock Blue,173,MODERATE GREENISH
Deep Teal Blue,173,MODERATE GREENISH
Dusty Turquoise,173,MODERATE GREENISH
Dusty Turquoise Blue,173,MODERATE GREENISH
Medium Blue,173,MODERATE GREENISH
Medium Teal,173,MODERATE GREENISH
Medium Teal Blue,173,MODERATE GREENISH
Medium Turquoise Blue,173,MODERATE GREENISH
Peacock Blue,173,MODERATE GREENISH
Shadow Blue,173,MODERATE GREENISH
Teal,173,MODERATE GREENISH
Teal Blue,173,MODERATE GREENISH
Turquoise,173,MODERATE GREENISH
Turquoise Blue,173,MODERATE GREENISH
Vivid Turquoise Blue,173,MODERATE GREENISH
Brittany Blue,173,MODERATE GREENISH
Electric,173,MODERATE GREENISH
Light Blue (USA),173,MODERATE GREENISH
Parrot Blue,173,MODERATE GREENISH
Peacock,173,MODERATE GREENISH
River Blue,173,MODERATE GREENISH
Atrocyaneus,173,MODERATE GREENISH
Atrovenetus,173,MODERATE GREENISH
Blue,173,MODERATE GREENISH
Blue-Green,173,MODERATE GREENISH
Caesius,173,MODERATE GREENISH
Clear Blue (Y&D),173,MODERATE GREENISH
Cyaneus,173,MODERATE GREENISH
Dark Blue,173,MODERATE GREENISH
Dark Blue-Green,173,MODERATE GREENISH
Deep Blue,173,MODERATE GREENISH
Greenish Blue,173,MODERATE GREENISH
Greenish Blue... .t,173,MODERATE GREENISH
Light Blue (BuOrd),173,MODERATE GREENISH
Light Blue (USA),173,MODERATE GREENISH
Light Blue,173,MODERATE GREENISH
Moderate Blue,173,MODERATE GREENISH
Arno Blue,174,DARK GREENISH BLUE
Atlantis,174,DARK GREENISH BLUE
Bruges,174,DARK GREENISH BLUE
Canard,174,DARK GREENISH BLUE
Ceylon Blue,174,DARK GREENISH BLUE
Chemic Blue,174,DARK GREENISH BLUE
Dragonfly,174,DARK GREENISH BLUE
Drake,174,DARK GREENISH BLUE
Drake’s-neck Green,174,DARK GREENISH BLUE
Duckling,174,DARK GREENISH BLUE
Mallard,174,DARK GREENISH BLUE
Merle,174,DARK GREENISH BLUE
Napoli,174,DARK GREENISH BLUE
Newport,174,DARK GREENISH BLUE
Pagoda [Blue],174,DARK GREENISH BLUE
Paon,174,DARK GREENISH BLUE
Pavonine,174,DARK GREENISH BLUE
Peacock [Blue],174,DARK GREENISH BLUE
Saxon Blue,174,DARK GREENISH BLUE
Saxony Blue,174,DARK GREENISH BLUE
Skating,174,DARK GREENISH BLUE
Teal Blue,174,DARK GREENISH BLUE
Teal Duck,174,DARK GREENISH BLUE
Whirlpool,174,DARK GREENISH BLUE
Marine Blue _ 834 Gbb 3-b,174,DARK GREENISH BLUE
Night Blue _ 817 Gbb 1-a,174,DARK GREENISH BLUE
Peacock Blue _ 826 Gbb 2-b,174,DARK GREENISH BLUE
Blackish Green-Blue,174,DARK GREENISH BLUE
Chessylite Blue,174,DARK GREENISH BLUE
Dark Chessylite Blue,174,DARK GREENISH BLUE
Dusky Green-Blue (1),174,DARK GREENISH BLUE
Patent Blue,174,DARK GREENISH BLUE
Bright Teal Blue,174,DARK GREENISH BLUE
Dark Cerulean Blue,174,DARK GREENISH BLUE
Dark Peacock Blue gm—,174,DARK GREENISH BLUE
Dark Teal Blue,174,DARK GREENISH BLUE
Deep Cerulean Blue,174,DARK GREENISH BLUE
Deep Peacock Blue,174,DARK GREENISH BLUE
Deep Teal Blue,174,DARK GREENISH BLUE
Medium Blue,174,DARK GREENISH BLUE
Shadow Blue,174,DARK GREENISH BLUE
Teal Blue,174,DARK GREENISH BLUE
Duckling,174,DARK GREENISH BLUE
Teal,174,DARK GREENISH BLUE
Atrocyaneus,174,DARK GREENISH BLUE
Blue,174,DARK GREENISH BLUE
Dark Blue,174,DARK GREENISH BLUE
Greenish Blue,174,DARK GREENISH BLUE
Prussian Blue,174,DARK GREENISH BLUE
Greenish Blue,175,VERY DARK GREENISH
Alexandria Blue,176,VIVID BLUE
Armenian Blue,176,VIVID BLUE
Bonnie Blue,176,VIVID BLUE
Caeruleum,176,VIVID BLUE
Cerulean Blue,176,VIVID BLUE
Coeruleum,176,VIVID BLUE
Ch'ing,176,VIVID BLUE
Cleopatra,176,VIVID BLUE
Cloisonn§,176,VIVID BLUE
Cyanine Blue,176,VIVID BLUE
Directoire Blue,176,VIVID BLUE
Egyptian Blue,176,VIVID BLUE
Genuine Ultramarine [Blue],176,VIVID BLUE
Hathor,176,VIVID BLUE
Leitch’s Blue,176,VIVID BLUE
Bonnie Blue,176,VIVID BLUE
Sevres,176,VIVID BLUE
Bradley’s Blue,176,VIVID BLUE
Methyl Blue,176,VIVID BLUE
Rood’s Blue,176,VIVID BLUE
Spectrum Blue,176,VIVID BLUE
Ultramarine Blue,176,VIVID BLUE
Bright Blue,176,VIVID BLUE
Deep Blue,176,VIVID BLUE
Royal Blue,176,VIVID BLUE
Sapphire Blue,176,VIVID BLUE
Ultramarine,176,VIVID BLUE
Ultramarine Blue(USA),176,VIVID BLUE
Atrolazulinus,176,VIVID BLUE
Bright Blue,176,VIVID BLUE
Bright Ultramarine,176,VIVID BLUE
Cobalt Blue,176,VIVID BLUE
Deep Blue,176,VIVID BLUE
Deep Ultramarine,176,VIVID BLUE
Enamel Blue,176,VIVID BLUE
Lazulinus,176,VIVID BLUE
Oriental Blue,176,VIVID BLUE
Spectrum Blue,176,VIVID BLUE
Ultramarine,176,VIVID BLUE
Blue Heaven,177,BRILLIANT BLUE
Celestial Blue,177,BRILLIANT BLUE
Heavenly Flower,177,BRILLIANT BLUE
Norse Blue,177,BRILLIANT BLUE
Supreme,177,BRILLIANT BLUE
Clear Cadet Blue,177,BRILLIANT BLUE
Deep Aniline Lilac,177,BRILLIANT BLUE
Light Amparo Blue,177,BRILLIANT BLUE
Light Cadet Blue,177,BRILLIANT BLUE
Light Methyl Blue,177,BRILLIANT BLUE
Mazarine Blue,177,BRILLIANT BLUE
Pale Violet-Blue,177,BRILLIANT BLUE
Bright Blue,177,BRILLIANT BLUE
Bright Copen Blue,177,BRILLIANT BLUE
Delphinium Blue,177,BRILLIANT BLUE
Blue,177,BRILLIANT BLUE
Blue,177,BRILLIANT BLUE
Blue,177,BRILLIANT BLUE
Butterfly Blue,177,BRILLIANT BLUE
Griseo-Lineus:,177,BRILLIANT BLUE
Lazulinus,177,BRILLIANT BLUE
Lineus,177,BRILLIANT BLUE
Sublazulinus,177,BRILLIANT BLUE
Ultramarine,177,BRILLIANT BLUE
Alexandria Blue,178,STRONG BLUE
Amparo Blue,178,STRONG BLUE
Armenian Blue,178,STRONG BLUE
Artificial Ultramarine,178,STRONG BLUE
Bleu d’Orient,178,STRONG BLUE
Columbia,178,STRONG BLUE
Directoire Blue,178,STRONG BLUE
Diva Blue,178,STRONG BLUE
Egypt,178,STRONG BLUE
Egyptian Blue,178,STRONG BLUE
French Blue,178,STRONG BLUE
French Ultramarine,178,STRONG BLUE
Genuine Ultramarine [Blue],178,STRONG BLUE
Gmelin’s Blue,178,STRONG BLUE
Guimet’s Blue,178,STRONG BLUE
Liberty,178,STRONG BLUE
Limoges,178,STRONG BLUE
Lyons Blue,178,STRONG BLUE
New Blue,178,STRONG BLUE
Oriental Blue,178,STRONG BLUE
Orient [Blue),178,STRONG BLUE
Permanent Blue,178,STRONG BLUE
Regatta,178,STRONG BLUE
Riviera,178,STRONG BLUE
Salvia Blue,178,STRONG BLUE
Sevres [Blue],178,STRONG BLUE
Victoria Blue,178,STRONG BLUE
Yacht,178,STRONG BLUE
Blue Lightning,178,STRONG BLUE
Castillian Blue,178,STRONG BLUE
Lake Blue,178,STRONG BLUE
Palace Blue,178,STRONG BLUE
Sevres,178,STRONG BLUE
Cadet Blue,178,STRONG BLUE
Cerulean Blue,178,STRONG BLUE
Clear Cadet Blue,178,STRONG BLUE
Leitch’s Blue,178,STRONG BLUE
Light Methyl Blue,178,STRONG BLUE
Lyons Blue,178,STRONG BLUE
Mathews’ Blue,178,STRONG BLUE
Olympic Blue,178,STRONG BLUE
Oxide Blue,178,STRONG BLUE
Paris Blue,178,STRONG BLUE
Prussian Blue,178,STRONG BLUE
Ultramarine Ash,178,STRONG BLUE
Vanderpoel’s Blue,178,STRONG BLUE
Venetian Blue,178,STRONG BLUE
Bright Copen Blue,178,STRONG BLUE
Bright Dutch Blue,178,STRONG BLUE
Bright Blue,178,STRONG BLUE
Copen Blue,178,STRONG BLUE
Deep Blue,178,STRONG BLUE
Delphinium Blue,178,STRONG BLUE
Royal Blue,178,STRONG BLUE
Sapphire Blue,178,STRONG BLUE
Strong Blue,178,STRONG BLUE
Vivid Blue,178,STRONG BLUE
Oriental Blue,178,STRONG BLUE
Atrolazulinus,178,STRONG BLUE
Blue,178,STRONG BLUE
Blue Striping (N),178,STRONG BLUE
Blue,178,STRONG BLUE
Blue,178,STRONG BLUE
Blue,178,STRONG BLUE
Bright Blue (USA),178,STRONG BLUE
Bright Blue,178,STRONG BLUE
Bright Ultramarine,178,STRONG BLUE
Butterfly Blue,178,STRONG BLUE
Cerulein Blue,178,STRONG BLUE
Cyaneus,178,STRONG BLUE
Dark Blue,178,STRONG BLUE
Deep Blue,178,STRONG BLUE
Dull Blue,178,STRONG BLUE
Lazulinus,178,STRONG BLUE
Light Blue,178,STRONG BLUE
Persian Blue,178,STRONG BLUE
Sublazulinus,178,STRONG BLUE
Ultramarine,178,STRONG BLUE
Asmalte,179,DEEP BLUE
Bleu de Lyons,179,DEEP BLUE
Bluejay,179,DEEP BLUE
Cairo,179,DEEP BLUE
Cobalt Glass,179,DEEP BLUE
Colonial,179,DEEP BLUE
Dumont’s Blue,179,DEEP BLUE
Dutch Azure,179,DEEP BLUE
Enamel Blue,179,DEEP BLUE
Eschel Blue,179,DEEP BLUE
Helvetia Blue,179,DEEP BLUE
Imperial Blue,179,DEEP BLUE
King's Blue,179,DEEP BLUE
Laundry Blue,179,DEEP BLUE
Matelot,179,DEEP BLUE
Napoleon Blue,179,DEEP BLUE
National [Blue),179,DEEP BLUE
Olympian Blue,179,DEEP BLUE
Powder Blue,179,DEEP BLUE
Rameses,179,DEEP BLUE
Royal Blue,179,DEEP BLUE
Royal Blue,179,DEEP BLUE
Saxony Blue,179,DEEP BLUE
Smalt,179,DEEP BLUE
Smaltino,179,DEEP BLUE
Starch Blue,179,DEEP BLUE
Yale Blue,179,DEEP BLUE
Zaffre Blue,179,DEEP BLUE
Dusky Greenish Blue,179,DEEP BLUE
Paris Blue,179,DEEP BLUE
Dark Blue,179,DEEP BLUE
Deep Blue,179,DEEP BLUE
Deep Royal Blue,179,DEEP BLUE
Deep Sapphire Blue,179,DEEP BLUE
Lapis Luzuli Blue,179,DEEP BLUE
Royal Blue,179,DEEP BLUE
Strong Blue,179,DEEP BLUE
Royal Blue,179,DEEP BLUE
Atrolazulinus,179,DEEP BLUE
Blue ___ a,179,DEEP BLUE
Blue _ s,179,DEEP BLUE
Dark Blue _ s,179,DEEP BLUE
Deep Blue ... s,179,DEEP BLUE
Dull Blue ... s,179,DEEP BLUE
Indigo ... s,179,DEEP BLUE
Royal Blue __ s,179,DEEP BLUE
Ultramarine . s,179,DEEP BLUE
Baby Blue,180,VERY LIGHT BLUE
Baby Blue Eyes,180,VERY LIGHT BLUE
Blue Appeal,180,VERY LIGHT BLUE
Blue Heaven,180,VERY LIGHT BLUE
Blue Ridge,180,VERY LIGHT BLUE
Dream Blue,180,VERY LIGHT BLUE
Romantic Blue,180,VERY LIGHT BLUE
Burn Blue,180,VERY LIGHT BLUE
Pale Aniline Lilac,180,VERY LIGHT BLUE
Pale Cerulean Blue,180,VERY LIGHT BLUE
Pallid Methyl Blue,180,VERY LIGHT BLUE
Wedgewood Blue,180,VERY LIGHT BLUE
Horizon Blue,180,VERY LIGHT BLUE
Light Clear Blue,180,VERY LIGHT BLUE
Light Sky Blue,180,VERY LIGHT BLUE
Blue ___ a,180,VERY LIGHT BLUE
Caeruleus _ b,180,VERY LIGHT BLUE
Griseo-Caeruleus,180,VERY LIGHT BLUE
Griseo-Lineus,180,VERY LIGHT BLUE
Lineus,180,VERY LIGHT BLUE
Sublazulinus,180,VERY LIGHT BLUE
Blue Lotus,181,LIGHT BLUE
Cerulean,181,LIGHT BLUE
Ethereal Blue,181,LIGHT BLUE
King's Blue,181,LIGHT BLUE
Lupine,181,LIGHT BLUE
Sky,181,LIGHT BLUE
Sky Blue,181,LIGHT BLUE
Sky Colour,181,LIGHT BLUE
Watteau,181,LIGHT BLUE
Allure,181,LIGHT BLUE
Baronet,181,LIGHT BLUE
Bewitching Blue,181,LIGHT BLUE
Blue Heaven,181,LIGHT BLUE
Bounding Main,181,LIGHT BLUE
Delectable,181,LIGHT BLUE
Divine Blue,181,LIGHT BLUE
Good Omen,181,LIGHT BLUE
King Neptune,181,LIGHT BLUE
Larkspur Blue,181,LIGHT BLUE
Romantic Blue,181,LIGHT BLUE
Sovereign Blue,181,LIGHT BLUE
Born Blue,181,LIGHT BLUE
Columbia Blue,181,LIGHT BLUE
Light Alice Blue,181,LIGHT BLUE
Light Cerulean Blue,181,LIGHT BLUE
Light Columbia Blue,181,LIGHT BLUE
Light Grayish Blue-Violet,181,LIGHT BLUE
Light Squill Blue,181,LIGHT BLUE
Mazarine Blue,181,LIGHT BLUE
Pale Aniline Lilac,181,LIGHT BLUE
Pale Cadet Blue,181,LIGHT BLUE
Pale Cerulean Blue,181,LIGHT BLUE
Pale Methyl Blue,181,LIGHT BLUE
Pale Windsor Blue,181,LIGHT BLUE
Sky Blue,181,LIGHT BLUE
Squill Blue,181,LIGHT BLUE
Wedgewood Blue,181,LIGHT BLUE
Yale Blue,181,LIGHT BLUE
Cerulean Blue,181,LIGHT BLUE
Copen Blue,181,LIGHT BLUE
Della Robbia Blue,181,LIGHT BLUE
Forget-me-not Blue,181,LIGHT BLUE
Horizon Blue,181,LIGHT BLUE
Light Cerulean Blue,181,LIGHT BLUE
Light Copen Blue,181,LIGHT BLUE
Light Dutch Blue,181,LIGHT BLUE
Sky Blue,181,LIGHT BLUE
Forget-me-not,181,LIGHT BLUE
Blue,181,LIGHT BLUE
Blue. ... s,181,LIGHT BLUE
Caeruleus_ _ b,181,LIGHT BLUE
Caesius _ b,181,LIGHT BLUE
Deep Blue _ _s,181,LIGHT BLUE
Dull Blue __ s,181,LIGHT BLUE
Griseo-Caeruleus,181,LIGHT BLUE
Griseo-Lineus,181,LIGHT BLUE
Light Blue _ s,181,LIGHT BLUE
Lineus,181,LIGHT BLUE
Sublazulinus,181,LIGHT BLUE
Ultramarine .. s,181,LIGHT BLUE
Air Blue,182,MODERATE BLUE
Antwerp Blue,182,MODERATE BLUE
Armenian Stone,182,MODERATE BLUE
Asmalte,182,MODERATE BLUE
Bleu de Lyons,182,MODERATE BLUE
Blue Ashes,182,MODERATE BLUE
Blue Aster,182,MODERATE BLUE
Bluebell,182,MODERATE BLUE
Blue Bice,182,MODERATE BLUE
Blue Bird,182,MODERATE BLUE
Bluet,182,MODERATE BLUE
Blue Ultramarine Ash,182,MODERATE BLUE
Blue Verditer,182,MODERATE BLUE
Brittany,182,MODERATE BLUE
Cadet Blue,182,MODERATE BLUE
Cathedral Blue,182,MODERATE BLUE
Centre Blue,182,MODERATE BLUE
Ceramic,182,MODERATE BLUE
Chessylite Blue,182,MODERATE BLUE
China Blue,182,MODERATE BLUE
Cobalt Glass,182,MODERATE BLUE
Commelina Blue,182,MODERATE BLUE
Copper Blue,182,MODERATE BLUE
Daphne,182,MODERATE BLUE
Diva Blue,182,MODERATE BLUE
Dumont's Blue,182,MODERATE BLUE
Dutch Azure,182,MODERATE BLUE
Empire Blue,182,MODERATE BLUE
Enamel Blue,182,MODERATE BLUE
English Blue,182,MODERATE BLUE
Eschel Blue,182,MODERATE BLUE
Flaxflower Blue,182,MODERATE BLUE
Gentian,182,MODERATE BLUE
Harlem Blue,182,MODERATE BLUE
Hungarian Blue,182,MODERATE BLUE
Infanta,182,MODERATE BLUE
Jay [Blue],182,MODERATE BLUE
King’s Blue,182,MODERATE BLUE
King's Blue,182,MODERATE BLUE
Lambert’s Blue,182,MODERATE BLUE
Laundry Blue,182,MODERATE BLUE
Lime Blue,182,MODERATE BLUE
Limoges,182,MODERATE BLUE
Madonna,182,MODERATE BLUE
Mineral Blue,182,MODERATE BLUE
Mineral Blue,182,MODERATE BLUE
Mosaic Blue,182,MODERATE BLUE
Mountain Blue,182,MODERATE BLUE
Muri lo,182,MODERATE BLUE
National [Blue),182,MODERATE BLUE
Nikko,182,MODERATE BLUE
Orient Blue,182,MODERATE BLUE
Pompadour [Green),182,MODERATE BLUE
Porcelain,182,MODERATE BLUE
Powder Blue,182,MODERATE BLUE
Queen Blue,182,MODERATE BLUE
Queen’s Blue,182,MODERATE BLUE
Raphael,182,MODERATE BLUE
Rapids. . n,182,MODERATE BLUE
Resolute,182,MODERATE BLUE
Royal Blue,182,MODERATE BLUE
Sander’s Blue,182,MODERATE BLUE
Saunder’s Blue,182,MODERATE BLUE
Saxony Blue,182,MODERATE BLUE
Smalt,182,MODERATE BLUE
Smaltino,182,MODERATE BLUE
Starch Blue,182,MODERATE BLUE
Stone Blue,182,MODERATE BLUE
Triumph Blue,182,MODERATE BLUE
Tuileries,182,MODERATE BLUE
Virgin,182,MODERATE BLUE
Zaffre Blue,182,MODERATE BLUE
Bohemian Blue _ 738 Bgg 3-b,182,MODERATE BLUE
Ceramic __ 747 Bgg 4-c,182,MODERATE BLUE
Classic Blue. .. 770 BG 1-b,182,MODERATE BLUE
Coronet Blue.... . 739 Bgg 3-c,182,MODERATE BLUE
Cosmic Blue _ 778 BG 2-1,182,MODERATE BLUE
Cruise Blue _ 748 Bgg 4-d,182,MODERATE BLUE
Deep Water.__ _ 730 Bgg 2-b,182,MODERATE BLUE
Lake Como ... 732 Bgg 2-d,182,MODERATE BLUE
Lake Louise,182,MODERATE BLUE
Neapolitan Night,182,MODERATE BLUE
Palace Blue,182,MODERATE BLUE
Queen Blue,182,MODERATE BLUE
Riviera ... 731 Bgg 2-c,182,MODERATE BLUE
Theatrical Blue . 740 Bgg 3-d,182,MODERATE BLUE
Bgg 4-f,182,MODERATE BLUE
Bgg 2-f,182,MODERATE BLUE
Bgg 3-e,182,MODERATE BLUE
Bg 1-e,182,MODERATE BLUE
Bgg 4-e,182,MODERATE BLUE
BG 2-e,182,MODERATE BLUE
Bg 2-d,182,MODERATE BLUE
Bgg 2-e,182,MODERATE BLUE
Bgg 3-f,182,MODERATE BLUE
B 2-d,182,MODERATE BLUE
Bgg 1-f,182,MODERATE BLUE
Bg 3-d,182,MODERATE BLUE
Alizarine Blue,182,MODERATE BLUE
Antwerp Blue,182,MODERATE BLUE
Blanc’s Blue,182,MODERATE BLUE
Cadet Blue,182,MODERATE BLUE
Chessylite Blue,182,MODERATE BLUE
China Blue,182,MODERATE BLUE
Columbia Blue,182,MODERATE BLUE
Dark Cadet Blue,182,MODERATE BLUE
Dark Chessylite Blue,182,MODERATE BLUE
Deep Cadet Blue,182,MODERATE BLUE
Dusky Greenish Blue,182,MODERATE BLUE
Marine Blue,182,MODERATE BLUE
Orient Blue,182,MODERATE BLUE
Oxide Blue,182,MODERATE BLUE
Prussian Blue,182,MODERATE BLUE
Vanderpoel's Blue,182,MODERATE BLUE
Bright Cerulean Blue,182,MODERATE BLUE
Bright Navy,182,MODERATE BLUE
Cerulean Blue,182,MODERATE BLUE
Dark Blue,182,MODERATE BLUE
Deep Blue,182,MODERATE BLUE
Deep Cerulean Bluem,182,MODERATE BLUE
Delft Blue,182,MODERATE BLUE
Della Robbia Blue,182,MODERATE BLUE
Dutch Blue,182,MODERATE BLUE
Lapis Lazuli Blue,182,MODERATE BLUE
Medium Blue,182,MODERATE BLUE
Sky Blue g .. ;,182,MODERATE BLUE
Strong Blue,182,MODERATE BLUE
Bluebird,182,MODERATE BLUE
Hydrangea Blue,182,MODERATE BLUE
Lustre Blue,182,MODERATE BLUE
Majolica Blue,182,MODERATE BLUE
Old China,182,MODERATE BLUE
Peking Blue,182,MODERATE BLUE
Atrocyaneus,182,MODERATE BLUE
Atrolazulinus,182,MODERATE BLUE
Blue,182,MODERATE BLUE
Blue (MA) _ F152,182,MODERATE BLUE
Blue,182,MODERATE BLUE
Bright Blue,182,MODERATE BLUE
Caesius,182,MODERATE BLUE
Cyaneus,182,MODERATE BLUE
Dark Blue . —,182,MODERATE BLUE
Deep Blue,182,MODERATE BLUE
Deep Ultramarine,182,MODERATE BLUE
Dull Blue,182,MODERATE BLUE
Gray Blue,182,MODERATE BLUE
Lazulinus,182,MODERATE BLUE
Light Blue (AN),182,MODERATE BLUE
Medium Blue (USA),182,MODERATE BLUE
Ultramarine,182,MODERATE BLUE
Bagdad,183,DARK BLUE
Bluebell,183,DARK BLUE
Bluejay,183,DARK BLUE
Canton (Blue],183,DARK BLUE
Chiswick,183,DARK BLUE
Colonial,183,DARK BLUE
Comet,183,DARK BLUE
Corsair,183,DARK BLUE
Crystal Palace Blue,183,DARK BLUE
Dagestan,183,DARK BLUE
Dozer,183,DARK BLUE
Du Gueslin,183,DARK BLUE
Ensign,183,DARK BLUE
France,183,DARK BLUE
Freedom,183,DARK BLUE
Ghent,183,DARK BLUE
Hankow,183,DARK BLUE
Holland Blue,183,DARK BLUE
Japan Blue,183,DARK BLUE
Kingfisher,183,DARK BLUE
Labrador,183,DARK BLUE
Legion Blue,183,DARK BLUE
Majolica,183,DARK BLUE
Majolica Blue,183,DARK BLUE
Marine [Blue],183,DARK BLUE
Middy,183,DARK BLUE
Musketeer,183,DARK BLUE
Nippon,183,DARK BLUE
Normandy,183,DARK BLUE
Orion,183,DARK BLUE
Peasant Blue,183,DARK BLUE
Peking Blue,183,DARK BLUE
Purple Navy,183,DARK BLUE
Radio,183,DARK BLUE
Raphael,183,DARK BLUE
Sapphire [Blue],183,DARK BLUE
Tapestry,183,DARK BLUE
Triumph Blue,183,DARK BLUE
Trooper,183,DARK BLUE
Atlantis ... 777 BG 2-a,183,DARK BLUE
Bavarian Blue _ 769 BG 1-a,183,DARK BLUE
Colonial Blue,183,DARK BLUE
Geneva Blue,183,DARK BLUE
Ink Blue,183,DARK BLUE
Ionian Blue .... 737 Bgg 3-a,183,DARK BLUE
Majolica .. 746 Bgg 4-b,183,DARK BLUE
Marine Corp Blue,183,DARK BLUE
Midnight,183,DARK BLUE
Monastral Blue _ 721 Bgg 1-a,183,DARK BLUE
Opera Blue,183,DARK BLUE
Peasant Blue,183,DARK BLUE
Uniform Blue _ 729 Bgg 2-a,183,DARK BLUE
Antwerp Blue,183,DARK BLUE
Berlin Blue,183,DARK BLUE
Bluish Slate-Black,183,DARK BLUE
Dark Chessylite Blue,183,DARK BLUE
Dark Delft Blue,183,DARK BLUE
Dark Green-Blue Slate,183,DARK BLUE
Dusky Greenish Blue,183,DARK BLUE
Indigo Blue,183,DARK BLUE
Bright Navy,183,DARK BLUE
Dark Blue,183,DARK BLUE
Deep Blue,183,DARK BLUE
Deep Royal Blue,183,DARK BLUE
Deep Sapphire Blue,183,DARK BLUE
Delft Blue,183,DARK BLUE
Flag Blue g.„,183,DARK BLUE
Indigo,183,DARK BLUE
Light Navy gm . 13 Vi pi,183,DARK BLUE
Medium Blue,183,DARK BLUE
Midnight Blue,183,DARK BLUE
Navy,183,DARK BLUE
Shadow Blue g . 13% ni,183,DARK BLUE
Cobalt Blue (USA),183,DARK BLUE
Marine Corps,183,DARK BLUE
Navy 1,183,DARK BLUE
Navy 2,183,DARK BLUE
Peking Blue,183,DARK BLUE
Sky Blue (USA),183,DARK BLUE
Atroardesiacus,183,DARK BLUE
Atrocyaneus,183,DARK BLUE
Atrolazulinus,183,DARK BLUE
Blue,183,DARK BLUE
Blue,183,DARK BLUE
Dark Blue,183,DARK BLUE
Greenish Navy,183,DARK BLUE
Lazulino-Ardesiacus,183,DARK BLUE
Light Blue Enamel (PC),183,DARK BLUE
Navy,183,DARK BLUE
Royal Blue (TC),183,DARK BLUE
Burn Blue,184,VERY PALE BLUE
Etain Blue,184,VERY PALE BLUE
Light Blue 2,184,VERY PALE BLUE
Light Blue 3,184,VERY PALE BLUE
Light Blue 4,184,VERY PALE BLUE
Abstract Blue,184,VERY PALE BLUE
Air Castle Blue,184,VERY PALE BLUE
Angel Blue,184,VERY PALE BLUE
Balmy Air,184,VERY PALE BLUE
Bean Blue,184,VERY PALE BLUE
Billow,184,VERY PALE BLUE
Blue Appeal,184,VERY PALE BLUE
Blue Chill,184,VERY PALE BLUE
Blue Glow,184,VERY PALE BLUE
Blue Light,184,VERY PALE BLUE
Cloister,184,VERY PALE BLUE
Cloudy Blue,184,VERY PALE BLUE
Cuddle Blue,184,VERY PALE BLUE
Debutante Blue,184,VERY PALE BLUE
Demure Blue,184,VERY PALE BLUE
Easter Bonnet,184,VERY PALE BLUE
Eerie Blue,184,VERY PALE BLUE
Firmament Gray,184,VERY PALE BLUE
Frozen Dew,184,VERY PALE BLUE
Ghostly Blue,184,VERY PALE BLUE
Gray Drift,184,VERY PALE BLUE
Harbor Blue,184,VERY PALE BLUE
Harem Blue,184,VERY PALE BLUE
Iceland Blue,184,VERY PALE BLUE
Illusion,184,VERY PALE BLUE
Lover’s Note,184,VERY PALE BLUE
Moonlight Blue,184,VERY PALE BLUE
Mountain Peak Blue,184,VERY PALE BLUE
Mystic Blue,184,VERY PALE BLUE
Northern Skies,184,VERY PALE BLUE
Phantom Blue,184,VERY PALE BLUE
Plumbago Blue,184,VERY PALE BLUE
Restrained Blue,184,VERY PALE BLUE
Sentimental Mood,184,VERY PALE BLUE
Silver Blue,184,VERY PALE BLUE
Silver Cloud,184,VERY PALE BLUE
Sleigh Bells,184,VERY PALE BLUE
Snow Green,184,VERY PALE BLUE
Spiritual Blue,184,VERY PALE BLUE
Starch White,184,VERY PALE BLUE
Sweet Blue,184,VERY PALE BLUE
Twilight Mood,184,VERY PALE BLUE
Twinkle,184,VERY PALE BLUE
Venus Blue,184,VERY PALE BLUE
White Light,184,VERY PALE BLUE
White Swan,184,VERY PALE BLUE
Winter Sky,184,VERY PALE BLUE
Zephyr Blue,184,VERY PALE BLUE
Etain Blue,184,VERY PALE BLUE
Light King's Blue,184,VERY PALE BLUE
Pale Amparo Blue,184,VERY PALE BLUE
Pale Blue (Ethyl Blue),184,VERY PALE BLUE
Pale Dull Glaucous-Blue,184,VERY PALE BLUE
Pale Glaucous-Blue,184,VERY PALE BLUE
Pale Grayish Blug,184,VERY PALE BLUE
Pale Mazarine Blue,184,VERY PALE BLUE
Pale Neropalin Blue,184,VERY PALE BLUE
Pale Russian Blue,184,VERY PALE BLUE
Persian Blue,184,VERY PALE BLUE
Russian Blue,184,VERY PALE BLUE
Sky Gray,184,VERY PALE BLUE
Alabaster Tint,184,VERY PALE BLUE
Baby Blue,184,VERY PALE BLUE
Blue Tint,184,VERY PALE BLUE
Cloud Blue,184,VERY PALE BLUE
Forget-me-not Blue,184,VERY PALE BLUE
Light Blue,184,VERY PALE BLUE
Light Horizon Blue,184,VERY PALE BLUE
Light Sky Blue,184,VERY PALE BLUE
Pale Aqua,184,VERY PALE BLUE
Pale Aqua Blue,184,VERY PALE BLUE
Pale Blue,184,VERY PALE BLUE
Pale Sky Blue,184,VERY PALE BLUE
Pearl Gray,184,VERY PALE BLUE
Baby Blue,184,VERY PALE BLUE
Pastel Blue,184,VERY PALE BLUE
Blue,184,VERY PALE BLUE
Caeruleo-Glaucus,184,VERY PALE BLUE
Caeruleo-Griseus,184,VERY PALE BLUE
Caeruleus,184,VERY PALE BLUE
Dull Blue,184,VERY PALE BLUE
Dull Greenish Blue,184,VERY PALE BLUE
Dull Reddish Blue,184,VERY PALE BLUE
Glaucus,184,VERY PALE BLUE
Griseo-Caeruleus,184,VERY PALE BLUE
Light Blue,184,VERY PALE BLUE
Lineus,184,VERY PALE BLUE
Sublazulinus,184,VERY PALE BLUE
Very Pale Blue,184,VERY PALE BLUE
Alice Blue,185,PALE BLUE
Baby Blue,185,PALE BLUE
Bambino,185,PALE BLUE
Bleu Pass6,185,PALE BLUE
Burn Blue,185,PALE BLUE
Celestial Blue,185,PALE BLUE
Columbia Blue,185,PALE BLUE
Endive Blue,185,PALE BLUE
Forget-me-not [Blue],185,PALE BLUE
Iris,185,PALE BLUE
Light Blue 6,185,PALE BLUE
Lucky Stone,185,PALE BLUE
Myosotis Blue,185,PALE BLUE
Old Blue,185,PALE BLUE
Persian Blue,185,PALE BLUE
Pompeian Blue,185,PALE BLUE
Poudre,185,PALE BLUE
Poudre Blue,185,PALE BLUE
Powder Blue,185,PALE BLUE
Russian Blue,185,PALE BLUE
Sistine,185,PALE BLUE
Starlight,185,PALE BLUE
Blue Horizon _ 766 Bgg 6-f,185,PALE BLUE
Blue Mist _ 853 Gbb S-e,185,PALE BLUE
Cuddle Blue ... 767 Bgg 6-g,185,PALE BLUE
Debonair,185,PALE BLUE
Dreamy Blue,185,PALE BLUE
Dusky Blue,185,PALE BLUE
Fall Blue,185,PALE BLUE
Gray Mist,185,PALE BLUE
Holland Blue _ 758 Bgg 5-f,185,PALE BLUE
Horizon _ 861 Gbb 6-e,185,PALE BLUE
Iceberg Green,185,PALE BLUE
Magic Moon _ 854 Gbb 5-f,185,PALE BLUE
Melodious,185,PALE BLUE
Moonlit Water,185,PALE BLUE
Platonic __ 765 Bgg 6-e,185,PALE BLUE
Prudence,185,PALE BLUE
Retreat,185,PALE BLUE
Rio Blue __ 757 Bgg 5-e,185,PALE BLUE
Russian Blue _ 813 BG 6-e,185,PALE BLUE
Saga Blue,185,PALE BLUE
Shadow Blue __ 862 Gbb 6-f,185,PALE BLUE
Sleepy Hollow,185,PALE BLUE
Smoke,185,PALE BLUE
Smoke Ring,185,PALE BLUE
Static... ... 806 BG 5-f,185,PALE BLUE
Sterling Blue,185,PALE BLUE
Sublime,185,PALE BLUE
Thames River _ 814 BG 6-f,185,PALE BLUE
Translucent Blue... . 805 BG 5-e,185,PALE BLUE
Zephyr Blue,185,PALE BLUE
Alice Blue,185,PALE BLUE
Cadet Gray,185,PALE BLUE
Clear Green-Blue Gray,185,PALE BLUE
Dutch Blue,185,PALE BLUE
French Gray,185,PALE BLUE
Light Alice Blue,185,PALE BLUE
Light Dull Glaucous-Blue,185,PALE BLUE
Light Payne’s Gray,185,PALE BLUE
Light Sky Blue,185,PALE BLUE
Light Violet-Plumbeous,185,PALE BLUE
Pale Amparo Blue,185,PALE BLUE
Pale Cadet Blue,185,PALE BLUE
Pale Dull Glaucous-Blue,185,PALE BLUE
Pale Green-Blue Gray,185,PALE BLUE
Pale Mazarine Blue,185,PALE BLUE
Pale Medici Blue,185,PALE BLUE
Pale Payne’s Gray,185,PALE BLUE
Pale Violet-Plumbeous,185,PALE BLUE
Parula Blue,185,PALE BLUE
Persian Blue,185,PALE BLUE
Plumbeous,185,PALE BLUE
Russian Blue,185,PALE BLUE
Aqua Gray,185,PALE BLUE
Cadet Gray,185,PALE BLUE
Chalk Blue,185,PALE BLUE
Dawn Blue,185,PALE BLUE
Dusk,185,PALE BLUE
Dusty Aqua,185,PALE BLUE
Dusty Aqua Blue,185,PALE BLUE
Dusty Blue,185,PALE BLUE
Haze Blue,185,PALE BLUE
Horizon Blue,185,PALE BLUE
Light Aqua,185,PALE BLUE
Light Aqua Blue,185,PALE BLUE
Light Gray Blue,185,PALE BLUE
Mist Blue,185,PALE BLUE
Pastel Blue,185,PALE BLUE
Pearl Gray,185,PALE BLUE
Pewter,185,PALE BLUE
Powder Blue,185,PALE BLUE
Sky Blue,185,PALE BLUE
Smoke,185,PALE BLUE
Wedgwood Blue,185,PALE BLUE
Blue Flower,185,PALE BLUE
Dustblu,185,PALE BLUE
Old Blue,185,PALE BLUE
Sistine,185,PALE BLUE
Sky Blue,185,PALE BLUE
Caesius,185,PALE BLUE
Caeruleo-Glaucus,185,PALE BLUE
Caeruleo-Griseus,185,PALE BLUE
Caeruleus,185,PALE BLUE
Chalky Blue,185,PALE BLUE
Dull Blue,185,PALE BLUE
Dull Greenish Blue,185,PALE BLUE
Dull Reddish Blue,185,PALE BLUE
Glauco-Griseus,185,PALE BLUE
Gray Blue,185,PALE BLUE
Griseo-Caeruleus,185,PALE BLUE
Griseo-Lazulinus,185,PALE BLUE
Hull Gray (Light Gray)(MA),185,PALE BLUE
Lavendulo-Griseus,185,PALE BLUE
Lineus,185,PALE BLUE
Pale Blue,185,PALE BLUE
Plumbeus,185,PALE BLUE
Sublazulinus,185,PALE BLUE
Ultramarine,185,PALE BLUE
Aero,186,GRAYISH BLUE
Alpine,186,GRAYISH BLUE
Arctic Blue,186,GRAYISH BLUE
Ardoise,186,GRAYISH BLUE
Azulin,186,GRAYISH BLUE
Blue Ochre,186,GRAYISH BLUE
Blue Orchid,186,GRAYISH BLUE
Bleu Pass,186,GRAYISH BLUE
Brittany,186,GRAYISH BLUE
Cadet,186,GRAYISH BLUE
Celest,186,GRAYISH BLUE
China Blue,186,GRAYISH BLUE
Chin-Chin Blue,186,GRAYISH BLUE
Cloud,186,GRAYISH BLUE
Copenhagen [Blue],186,GRAYISH BLUE
Crayon Blue,186,GRAYISH BLUE
Danae,186,GRAYISH BLUE
Delphinium,186,GRAYISH BLUE
Denmark,186,GRAYISH BLUE
Dutch Blue,186,GRAYISH BLUE
Escadre,186,GRAYISH BLUE
Firmament,186,GRAYISH BLUE
Flaxflower Blossom,186,GRAYISH BLUE
Forget-me-not [Blue],186,GRAYISH BLUE
Genoa Blue,186,GRAYISH BLUE
Glacier Blue,186,GRAYISH BLUE
Heron,186,GRAYISH BLUE
Hussar,186,GRAYISH BLUE
Hydrangea Blue,186,GRAYISH BLUE
Hydro,186,GRAYISH BLUE
Iceberg,186,GRAYISH BLUE
Light Wedgwood [Blue],186,GRAYISH BLUE
Madonna,186,GRAYISH BLUE
Milano Blue,186,GRAYISH BLUE
Myosotis Blue,186,GRAYISH BLUE
Nikko .. 36,186,GRAYISH BLUE
Oad,186,GRAYISH BLUE
Old Blue,186,GRAYISH BLUE
Old China,186,GRAYISH BLUE
Opal Blue,186,GRAYISH BLUE
Oriental,186,GRAYISH BLUE
Orient Blue,186,GRAYISH BLUE
Parula Blue,186,GRAYISH BLUE
Pastel,186,GRAYISH BLUE
Pastel Blue,186,GRAYISH BLUE
Payne’s Grey,186,GRAYISH BLUE
Porcelain Blue,186,GRAYISH BLUE
Radio,186,GRAYISH BLUE
Rigi Blue,186,GRAYISH BLUE
Serapi,186,GRAYISH BLUE
Sistine,186,GRAYISH BLUE
Slate Blue,186,GRAYISH BLUE
Slate-Blue,186,GRAYISH BLUE
Stardew,186,GRAYISH BLUE
Swiss Blue,186,GRAYISH BLUE
Torino Blue,186,GRAYISH BLUE
Trublu,186,GRAYISH BLUE
Twilight [Blue],186,GRAYISH BLUE
Tyrian Blue,186,GRAYISH BLUE
Wad,186,GRAYISH BLUE
Woad,186,GRAYISH BLUE
Wode . .',186,GRAYISH BLUE
Arctic,186,GRAYISH BLUE
Azurite Blue .. 787 BG 3-c,186,GRAYISH BLUE
Biscay Bay- -- 851 Gbb 5-c,186,GRAYISH BLUE
Blase Blue .. 794 BG 4-b,186,GRAYISH BLUE
Blue Dash.. . 763 Bgg 6-c,186,GRAYISH BLUE
Blue Fog _ 812 BG 6-d,186,GRAYISH BLUE
Ceylon Blue . 786 BG 3-b,186,GRAYISH BLUE
Congo Blue,186,GRAYISH BLUE
Duckling Blue. .. 842 Gbb 4-b,186,GRAYISH BLUE
Flemish Blue,186,GRAYISH BLUE
Granite Blue _ 859 Gbb 6-c,186,GRAYISH BLUE
Gray Night,186,GRAYISH BLUE
Harmonious Blue,186,GRAYISH BLUE
Milano Blue,186,GRAYISH BLUE
Myth Blue,186,GRAYISH BLUE
Profound Blue,186,GRAYISH BLUE
Puritan,186,GRAYISH BLUE
Rigi Blue _ 860 Gbb 6-d,186,GRAYISH BLUE
River Mist __ 811 BG 6-c,186,GRAYISH BLUE
Saxe Blue. ... 756 Bgg 5-d,186,GRAYISH BLUE
Shore Line,186,GRAYISH BLUE
Slate Blue,186,GRAYISH BLUE
Slate Turquoise,186,GRAYISH BLUE
Solitary Blue _ 803 BG 5-c,186,GRAYISH BLUE
Somber Blue _ __ 802 BG 5-b,186,GRAYISH BLUE
Storm,186,GRAYISH BLUE
Stratosphere,186,GRAYISH BLUE
Style Gray_ _ 810 BG 6-b,186,GRAYISH BLUE
Tabu _ _ 804 BG 5-d,186,GRAYISH BLUE
Trade Winds,186,GRAYISH BLUE
Tyrian Blue,186,GRAYISH BLUE
Antwerp Blue,186,GRAYISH BLUE
Chessylite Blue,186,GRAYISH BLUE
Clear Payne’s Gray,186,GRAYISH BLUE
Dark Chessylite Blue,186,GRAYISH BLUE
Dark Gobelin Blue,186,GRAYISH BLUE
Dark Green-Blue Gray,186,GRAYISH BLUE
Dark Madder Blue,186,GRAYISH BLUE
Dark Orient Blue,186,GRAYISH BLUE
Dark Tyrian Blue,186,GRAYISH BLUE
Dark Violet-Slate,186,GRAYISH BLUE
Deep Delft Blue,186,GRAYISH BLUE
Deep Dutch Blue,186,GRAYISH BLUE
Deep Green-Blue Gray,186,GRAYISH BLUE
Deep Orient Blue,186,GRAYISH BLUE
Deep Payne’s Gray,186,GRAYISH BLUE
Deep Plumbeous,186,GRAYISH BLUE
Deep Slate-Blue,186,GRAYISH BLUE
Delft Blue,186,GRAYISH BLUE
Dusky Green-Blue (1),186,GRAYISH BLUE
Dusky Green-Blue (2),186,GRAYISH BLUE
Dusky Orient Blue,186,GRAYISH BLUE
Gobelin Blue,186,GRAYISH BLUE
Green-Blue Slate,186,GRAYISH BLUE
Indigo Blue,186,GRAYISH BLUE
Light Medici Blue,186,GRAYISH BLUE
Light Tyrian Blue,186,GRAYISH BLUE
Light Violet-Plumbeous,186,GRAYISH BLUE
Orient Blue,186,GRAYISH BLUE
Payne's Gray,186,GRAYISH BLUE
Parula Blue,186,GRAYISH BLUE
Tyrian Blue,186,GRAYISH BLUE
Violet-Slate,186,GRAYISH BLUE
Aqua Gray,186,GRAYISH BLUE
Cadet Blue,186,GRAYISH BLUE
Cadet Gray,186,GRAYISH BLUE
Colonial Blue,186,GRAYISH BLUE
Dark Cerulean Bluem,186,GRAYISH BLUE
Dark Blue,186,GRAYISH BLUE
Dark Gray Blue,186,GRAYISH BLUE
Dark Navy,186,GRAYISH BLUE
Dark Steel Blue,186,GRAYISH BLUE
Dark Teal,186,GRAYISH BLUE
Dark Teal Blue,186,GRAYISH BLUE
Dusk,186,GRAYISH BLUE
Dusty Blue,186,GRAYISH BLUE
Fog Blue,186,GRAYISH BLUE
Graphite,186,GRAYISH BLUE
Light Gray Blue,186,GRAYISH BLUE
Medium Blue,186,GRAYISH BLUE
Medium Gray Blue,186,GRAYISH BLUE
Medium Teal,186,GRAYISH BLUE
Medium Teal Blue,186,GRAYISH BLUE
Medium Teal Green,186,GRAYISH BLUE
Mist Blue,186,GRAYISH BLUE
Night Blue m . 13,186,GRAYISH BLUE
Pewter,186,GRAYISH BLUE
Shadow Blue,186,GRAYISH BLUE
Slate Blue,186,GRAYISH BLUE
Smoke,186,GRAYISH BLUE
Steel Blue,186,GRAYISH BLUE
Stone Blue,186,GRAYISH BLUE
Storm Blue,186,GRAYISH BLUE
Bluesteel,186,GRAYISH BLUE
Copenhagen,186,GRAYISH BLUE
Flemish Blue,186,GRAYISH BLUE
Light Blue (USA),186,GRAYISH BLUE
Mistiblu,186,GRAYISH BLUE
Peasant Blue,186,GRAYISH BLUE
River Blue,186,GRAYISH BLUE
Robin’s Egg,186,GRAYISH BLUE
Saxe Blue,186,GRAYISH BLUE
Stone Blue,186,GRAYISH BLUE
Tile Blue,186,GRAYISH BLUE
West Point,186,GRAYISH BLUE
Other sourcefi,186,GRAYISH BLUE
Atroardesiacus,186,GRAYISH BLUE
Atrocyaneus,186,GRAYISH BLUE
Atrolazulinus,186,GRAYISH BLUE
Atrovenetus,186,GRAYISH BLUE
Blue,186,GRAYISH BLUE
Caeruleo-Griseus,186,GRAYISH BLUE
Caesius,186,GRAYISH BLUE
Dark Blue,186,GRAYISH BLUE
Deep Blue,186,GRAYISH BLUE
Dull Blue,186,GRAYISH BLUE
Dull Blue,186,GRAYISH BLUE
Dull Greenish Blue,186,GRAYISH BLUE
Dull Reddish Blue,186,GRAYISH BLUE
Dusky Blue,186,GRAYISH BLUE
Glauco-Griseus,186,GRAYISH BLUE
Grayish Blue,186,GRAYISH BLUE
Griseo-Lazulinus,186,GRAYISH BLUE
Intermediate Blue (AN),186,GRAYISH BLUE
Intermediate Blue (USA),186,GRAYISH BLUE
Lazulino-Ardesiacus,186,GRAYISH BLUE
Medium Blue(BuOrd),186,GRAYISH BLUE
Ocean Gray (BuOrd),186,GRAYISH BLUE
Pale Blue,186,GRAYISH BLUE
Plumbeus,186,GRAYISH BLUE
Slate Blue,186,GRAYISH BLUE
Ultramarine,186,GRAYISH BLUE
Violaceo-Griseus,186,GRAYISH BLUE
Arona . 39,187,DARK GRAYISH BLUE
Atlantic,187,DARK GRAYISH BLUE
Atlantis,187,DARK GRAYISH BLUE
Bagdad,187,DARK GRAYISH BLUE
Balsam,187,DARK GRAYISH BLUE
Bruges,187,DARK GRAYISH BLUE
Duckling,187,DARK GRAYISH BLUE
Flemish Blue,187,DARK GRAYISH BLUE
Glacier,187,DARK GRAYISH BLUE
Ink Blue,187,DARK GRAYISH BLUE
Ionian Blue,187,DARK GRAYISH BLUE
Ispahan,187,DARK GRAYISH BLUE
Kurdistan,187,DARK GRAYISH BLUE
Labrador,187,DARK GRAYISH BLUE
Navy 1,187,DARK GRAYISH BLUE
Navy 3,187,DARK GRAYISH BLUE
Olympic,187,DARK GRAYISH BLUE
"Pagoda [Blue],",187,DARK GRAYISH BLUE
Payne’s Grey,187,DARK GRAYISH BLUE
Radio Blue,187,DARK GRAYISH BLUE
Romany,187,DARK GRAYISH BLUE
Sinbad,187,DARK GRAYISH BLUE
Teal Blue,187,DARK GRAYISH BLUE
Trooper,187,DARK GRAYISH BLUE
Tunis,187,DARK GRAYISH BLUE
Veteran,187,DARK GRAYISH BLUE
African Green,187,DARK GRAYISH BLUE
Arctic,187,DARK GRAYISH BLUE
Baltic.. . 841 Gbb 4-a,187,DARK GRAYISH BLUE
Bayou,187,DARK GRAYISH BLUE
Black Knight,187,DARK GRAYISH BLUE
Black Water _ 801 BG 6-a,187,DARK GRAYISH BLUE
Blase Blue . 794 BG 4-b,187,DARK GRAYISH BLUE
Corsair,187,DARK GRAYISH BLUE
Duckling Blue_ 842 Gbb 4-b,187,DARK GRAYISH BLUE
Ink Blue,187,DARK GRAYISH BLUE
Ionian Blue .. 737 Bgg 3-a,187,DARK GRAYISH BLUE
Iron Mask,187,DARK GRAYISH BLUE
Midnight,187,DARK GRAYISH BLUE
Nabob,187,DARK GRAYISH BLUE
Ombre. -- -761 Bgg 6-a,187,DARK GRAYISH BLUE
Peasant Blue,187,DARK GRAYISH BLUE
Purple Night,187,DARK GRAYISH BLUE
Rhapsody Blue _ 793 BG 4-a,187,DARK GRAYISH BLUE
Sorcerer,187,DARK GRAYISH BLUE
Stormy Night ___ 833 Gbb 3-a,187,DARK GRAYISH BLUE
Suez Blue.. . 825 Gbb 2-a,187,DARK GRAYISH BLUE
Television Blue. . 753 Bgg 6-a,187,DARK GRAYISH BLUE
Tranquil Green,187,DARK GRAYISH BLUE
Universal. . 785 BG 3-a,187,DARK GRAYISH BLUE
Valor Green,187,DARK GRAYISH BLUE
Viking .. 665 B &-a,187,DARK GRAYISH BLUE
Bluish Black,187,DARK GRAYISH BLUE
Bluish Slate-Black,187,DARK GRAYISH BLUE
Dark Aniline Blue,187,DARK GRAYISH BLUE
Dark Delft Blue,187,DARK GRAYISH BLUE
Dark Green-Blue Slate,187,DARK GRAYISH BLUE
Dark Payne's Gray,187,DARK GRAYISH BLUE
Dull Blue-Green Black,187,DARK GRAYISH BLUE
Dull Violet-Black (2),187,DARK GRAYISH BLUE
Dusky Green-Blue (2),187,DARK GRAYISH BLUE
"Dusky Slate-Blue_XU 11 49""'m",187,DARK GRAYISH BLUE
Dusky Violet-Blue (2),187,DARK GRAYISH BLUE
Plumbeous-Black,187,DARK GRAYISH BLUE
Charcoal,187,DARK GRAYISH BLUE
Dark Blue,187,DARK GRAYISH BLUE
Dark Navy,187,DARK GRAYISH BLUE
Dark Teal,187,DARK GRAYISH BLUE
Dark Teal Blue,187,DARK GRAYISH BLUE
Flag Blue,187,DARK GRAYISH BLUE
Graphite,187,DARK GRAYISH BLUE
Indigo,187,DARK GRAYISH BLUE
Midnight Blue,187,DARK GRAYISH BLUE
Navy,187,DARK GRAYISH BLUE
Night Blue,187,DARK GRAYISH BLUE
Shadow Blue,187,DARK GRAYISH BLUE
Graphite Blue,187,DARK GRAYISH BLUE
Atroardesiacus,187,DARK GRAYISH BLUE
Atrolazulinus,187,DARK GRAYISH BLUE
Atrovenetus,187,DARK GRAYISH BLUE
Atroviolaceus,187,DARK GRAYISH BLUE
Dark Blue,187,DARK GRAYISH BLUE
Dull Blue,187,DARK GRAYISH BLUE
Dull Greenish Blue,187,DARK GRAYISH BLUE
Dull Reddish Blue,187,DARK GRAYISH BLUE
Dusky Blue,187,DARK GRAYISH BLUE
Insignia Blue (AN),187,DARK GRAYISH BLUE
Insignia Blue (USA),187,DARK GRAYISH BLUE
Lazulino-Ardesiacus,187,DARK GRAYISH BLUE
Niger,187,DARK GRAYISH BLUE
Slate,187,DARK GRAYISH BLUE
Bagdad,188,BLACKISH BLUE
Ensign,188,BLACKISH BLUE
Ionian Blue,188,BLACKISH BLUE
Mascot,188,BLACKISH BLUE
Navy 3,188,BLACKISH BLUE
Romany,188,BLACKISH BLUE
Trooper,188,BLACKISH BLUE
Tunis,188,BLACKISH BLUE
Sorcerer,188,BLACKISH BLUE
Transatlantic Blue,188,BLACKISH BLUE
Bluish Black,188,BLACKISH BLUE
Dull Blue-Green Black,188,BLACKISH BLUE
Dark Blue,188,BLACKISH BLUE
Dark Navy,188,BLACKISH BLUE
Indigo,188,BLACKISH BLUE
Midnight Blue,188,BLACKISH BLUE
Graphite Blue,188,BLACKISH BLUE
Homage Blue,188,BLACKISH BLUE
Midnight,188,BLACKISH BLUE
Atroardesiacus,188,BLACKISH BLUE
Dark Blue,188,BLACKISH BLUE
Dull Blue,188,BLACKISH BLUE
Dull Greenish Blue,188,BLACKISH BLUE
Dull Reddish Blue,188,BLACKISH BLUE
Greenish Navy,188,BLACKISH BLUE
Navy,188,BLACKISH BLUE
"Sea Blue, Glossy (AN)",188,BLACKISH BLUE
Sea Blue (USA),188,BLACKISH BLUE
Slate,188,BLACKISH BLUE
Blue Wash,189,BLUISH WHITE
Fairy Princess,189,BLUISH WHITE
Firmament Gray,189,BLUISH WHITE
Frosty Night,189,BLUISH WHITE
Mystic White,189,BLUISH WHITE
New Blue,189,BLUISH WHITE
Night Cloud,189,BLUISH WHITE
Steam Blue,189,BLUISH WHITE
Vapor Blue,189,BLUISH WHITE
Venus Blue,189,BLUISH WHITE
Wan Blue,189,BLUISH WHITE
Alabaster Tint,189,BLUISH WHITE
Blue Tint,189,BLUISH WHITE
Bluish White,189,BLUISH WHITE
Bluish White,189,BLUISH WHITE
Gray,189,BLUISH WHITE
Baby Blue,190,LIGHT BLUISH GRAY
Blonket,190,LIGHT BLUISH GRAY
Blunket,190,LIGHT BLUISH GRAY
Glass Grey,190,LIGHT BLUISH GRAY
Glaucous-Grey,190,LIGHT BLUISH GRAY
Plumbet,190,LIGHT BLUISH GRAY
Plunket,190,LIGHT BLUISH GRAY
Sky Grey,190,LIGHT BLUISH GRAY
White Blue,190,LIGHT BLUISH GRAY
Gray Blue,190,LIGHT BLUISH GRAY
Gray Drift,190,LIGHT BLUISH GRAY
Gray Lady,190,LIGHT BLUISH GRAY
Gray Mist,190,LIGHT BLUISH GRAY
Illusion,190,LIGHT BLUISH GRAY
Moonlight Blue,190,LIGHT BLUISH GRAY
Poudre,190,LIGHT BLUISH GRAY
Silver Cloud,190,LIGHT BLUISH GRAY
Sky Cloud,190,LIGHT BLUISH GRAY
Snow Green,190,LIGHT BLUISH GRAY
Sterling Blue,190,LIGHT BLUISH GRAY
Thames River,190,LIGHT BLUISH GRAY
White Smoke,190,LIGHT BLUISH GRAY
Cinereous,190,LIGHT BLUISH GRAY
"Dawn Gray..... . Ul 35""'""d",190,LIGHT BLUISH GRAY
"French Gray . Lll 49""'""f",190,LIGHT BLUISH GRAY
Glaucous-Gray,190,LIGHT BLUISH GRAY
Pale Medici Blue,190,LIGHT BLUISH GRAY
Aqua Gray,190,LIGHT BLUISH GRAY
Cloud Blue,190,LIGHT BLUISH GRAY
Dawn Blue,190,LIGHT BLUISH GRAY
Pearl Gray,190,LIGHT BLUISH GRAY
Bluish Gray,190,LIGHT BLUISH GRAY
Glauco-Griseus,190,LIGHT BLUISH GRAY
Gray Blue,190,LIGHT BLUISH GRAY
Lavendulo-Griseus,190,LIGHT BLUISH GRAY
Light Bluish Gray,190,LIGHT BLUISH GRAY
Subviridi-Griseus,190,LIGHT BLUISH GRAY
Baby Blue,191,BLUISH GRAY
Bleu Pass6,191,BLUISH GRAY
Cadet Grey,191,BLUISH GRAY
Luciole,191,BLUISH GRAY
Medici Blue,191,BLUISH GRAY
Old Blue,191,BLUISH GRAY
Poilu,191,BLUISH GRAY
Poudre,191,BLUISH GRAY
Poudre Blue,191,BLUISH GRAY
Powder Blue,191,BLUISH GRAY
Puritan Grey,191,BLUISH GRAY
BG 6-g,191,BLUISH GRAY
G 6-g,191,BLUISH GRAY
Gbb 6-h,191,BLUISH GRAY
B 6-e,191,BLUISH GRAY
Gb 6-h,191,BLUISH GRAY
B 6-f,191,BLUISH GRAY
Gbb 6-g,191,BLUISH GRAY
Bg 6-g,191,BLUISH GRAY
BG 6-h,191,BLUISH GRAY
Bg 6-f,191,BLUISH GRAY
BG 6-f,191,BLUISH GRAY
G 6-h,191,BLUISH GRAY
Blue Fog.. 812 BG 6-d,191,BLUISH GRAY
Retreat,191,BLUISH GRAY
Russian Blue _ 813 BG 6-e,191,BLUISH GRAY
"Cinereous _ Lll 49""'""d",191,BLUISH GRAY
Clear Green-Blue Gray,191,BLUISH GRAY
Clear Payne's Gray,191,BLUISH GRAY
Deep Glaucous-Gray,191,BLUISH GRAY
Deep Medici Blue,191,BLUISH GRAY
"Deep Plumbeous .. Lll 49'""""",191,BLUISH GRAY
Light Payne’s Gray,191,BLUISH GRAY
Medici Blue,191,BLUISH GRAY
Pale Medici Blue,191,BLUISH GRAY
"Plumbeous. . Lll 49""""'b",191,BLUISH GRAY
Puritan Gray,191,BLUISH GRAY
Aqua Gray,191,BLUISH GRAY
Dusk,191,BLUISH GRAY
Pewter,191,BLUISH GRAY
Slate,191,BLUISH GRAY
Smoke,191,BLUISH GRAY
Blue Black,191,BLUISH GRAY
Blue Gray,191,BLUISH GRAY
Bluish Gray,191,BLUISH GRAY
Caeruleo-Griseus,191,BLUISH GRAY
Glauco-Griseus,191,BLUISH GRAY
Lavendulo-Griseus,191,BLUISH GRAY
Medium Bluish Gray,191,BLUISH GRAY
Plumbeus,191,BLUISH GRAY
Slate,191,BLUISH GRAY
Viridi-Griseus,191,BLUISH GRAY
Atramentous,192,DARK BLUISH GRAY
Cendrillon,192,DARK BLUISH GRAY
Harbor Blue,192,DARK BLUISH GRAY
Ink Black,192,DARK BLUISH GRAY
Logwood Blue,192,DARK BLUISH GRAY
Louvain,192,DARK BLUISH GRAY
Slate,192,DARK BLUISH GRAY
Smoke Blue,192,DARK BLUISH GRAY
West Point,192,DARK BLUISH GRAY
Black Knight,192,DARK BLUISH GRAY
Bruges,192,DARK BLUISH GRAY
Demon Blue,192,DARK BLUISH GRAY
Gale Cloud,192,DARK BLUISH GRAY
Gale Winds,192,DARK BLUISH GRAY
Myth Blue,192,DARK BLUISH GRAY
Nabob,192,DARK BLUISH GRAY
Night Fighter,192,DARK BLUISH GRAY
North Sea,192,DARK BLUISH GRAY
Puritan,192,DARK BLUISH GRAY
Slate Blue,192,DARK BLUISH GRAY
Stratosphere,192,DARK BLUISH GRAY
Tempest Blue,192,DARK BLUISH GRAY
Blackish Plumbeous,192,DARK BLUISH GRAY
Dark Medici Blue,192,DARK BLUISH GRAY
Dark Payne’s Gray,192,DARK BLUISH GRAY
Dark Plumbeous,192,DARK BLUISH GRAY
Dull Violet-Black (2),192,DARK BLUISH GRAY
Saccardo’s Slate,192,DARK BLUISH GRAY
Dark Blue,192,DARK BLUISH GRAY
Dark Navy,192,DARK BLUISH GRAY
Indigo,192,DARK BLUISH GRAY
Midnight Blue,192,DARK BLUISH GRAY
Slate,192,DARK BLUISH GRAY
Teal Gray,192,DARK BLUISH GRAY
Atroardesiacus,192,DARK BLUISH GRAY
Blue Black,192,DARK BLUISH GRAY
Bluish Gray,192,DARK BLUISH GRAY
Dark Gray,192,DARK BLUISH GRAY
Dull Blue,192,DARK BLUISH GRAY
Gray,192,DARK BLUISH GRAY
Plumbeo-Niger,192,DARK BLUISH GRAY
Plumbeus,192,DARK BLUISH GRAY
"Sea Blue, Non-Specular",192,DARK BLUISH GRAY
(AN),192,DARK BLUISH GRAY
Sea Blue (USA),192,DARK BLUISH GRAY
Slate,192,DARK BLUISH GRAY
Viridi-Griseus,192,DARK BLUISH GRAY
Kurdistan,193,BLUISH BLACK
Sinbad,193,BLUISH BLACK
Night Horizon. 849 Gbb 5-a,193,BLUISH BLACK
Sorcerer,193,BLUISH BLACK
Dull Blue-Green Black,193,BLUISH BLACK
Dark Navy,193,BLUISH BLACK
Midnight Blue,193,BLUISH BLACK
Atroardesiacus,193,BLUISH BLACK
Bluish Black,193,BLUISH BLACK
Cloisonne,194,VIVID PURPLISH BLUE
Commodore,194,VIVID PURPLISH BLUE
Horace Vernet's Blue,194,VIVID PURPLISH BLUE
Oil Blue,194,VIVID PURPLISH BLUE
Westminster,194,VIVID PURPLISH BLUE
Bonnie Blue,194,VIVID PURPLISH BLUE
Diva Blue,194,VIVID PURPLISH BLUE
Lyons Blue,194,VIVID PURPLISH BLUE
Spectra Blue,194,VIVID PURPLISH BLUE
Blue-Violet,194,VIVID PURPLISH BLUE
Bluish Violet,194,VIVID PURPLISH BLUE
Commelina Blue,194,VIVID PURPLISH BLUE
Cornflower Blue,194,VIVID PURPLISH BLUE
Deep Blue-Violet,194,VIVID PURPLISH BLUE
Light Blue-Violet,194,VIVID PURPLISH BLUE
Phenyl Blue,194,VIVID PURPLISH BLUE
Salvia Blue,194,VIVID PURPLISH BLUE
Smalt Blue,194,VIVID PURPLISH BLUE
Deep Blue,194,VIVID PURPLISH BLUE
Royal Blue,194,VIVID PURPLISH BLUE
Sapphire Blue,194,VIVID PURPLISH BLUE
Ultramarine,194,VIVID PURPLISH BLUE
Ultramarine Blue (USA),194,VIVID PURPLISH BLUE
Blue,194,VIVID PURPLISH BLUE
Bright Reddish Blue,194,VIVID PURPLISH BLUE
Bright Ultramarine,194,VIVID PURPLISH BLUE
Cornflower Blue,194,VIVID PURPLISH BLUE
Deep Ultramarine,194,VIVID PURPLISH BLUE
French Blue,194,VIVID PURPLISH BLUE
Gentian Blue,194,VIVID PURPLISH BLUE
Lazulinus,194,VIVID PURPLISH BLUE
Sublazulinus,194,VIVID PURPLISH BLUE
Subviolaceus,194,VIVID PURPLISH BLUE
Ultramarine,194,VIVID PURPLISH BLUE
Violaceus,194,VIVID PURPLISH BLUE
Amparo Blue,195,BRILLIANT PURPLISH
Celestial Blue,195,BRILLIANT PURPLISH
Diva Blue,195,BRILLIANT PURPLISH
Flax Flower Blue,195,BRILLIANT PURPLISH
Norse Blue,195,BRILLIANT PURPLISH
Amparo Blue,195,BRILLIANT PURPLISH
Deep Lavender-Blue,195,BRILLIANT PURPLISH
Deep Wedgewood Blue,195,BRILLIANT PURPLISH
Diva Blue,195,BRILLIANT PURPLISH
Flax-flower Blue,195,BRILLIANT PURPLISH
Lavender-Blue,195,BRILLIANT PURPLISH
Light Bluish Violet,195,BRILLIANT PURPLISH
Light Soft Blue-Violet,195,BRILLIANT PURPLISH
Light Violet,195,BRILLIANT PURPLISH
Pale Blue-Violet,195,BRILLIANT PURPLISH
Pale Bluish Violet,195,BRILLIANT PURPLISH
Wistaria Blue,195,BRILLIANT PURPLISH
Bright Dutch Blue,195,BRILLIANT PURPLISH
Flax Blue,195,BRILLIANT PURPLISH
Lavendulus,195,BRILLIANT PURPLISH
Lazulinus,195,BRILLIANT PURPLISH
Lineus,195,BRILLIANT PURPLISH
Reddish Blue,195,BRILLIANT PURPLISH
Sublazulinus,195,BRILLIANT PURPLISH
Subviolaceus,195,BRILLIANT PURPLISH
Ultramarine,195,BRILLIANT PURPLISH
Artificial Ultramarine,196,STRONG PURPLISH BLUE
Della Robbia,196,STRONG PURPLISH BLUE
French Blue,196,STRONG PURPLISH BLUE
French Ultramarine,196,STRONG PURPLISH BLUE
Gmelin’s Blue,196,STRONG PURPLISH BLUE
Guimet’s Blue,196,STRONG PURPLISH BLUE
Liberty,196,STRONG PURPLISH BLUE
Luxor,196,STRONG PURPLISH BLUE
New Blue,196,STRONG PURPLISH BLUE
Oriental Blue,196,STRONG PURPLISH BLUE
Permanent Blue,196,STRONG PURPLISH BLUE
Regatta,196,STRONG PURPLISH BLUE
Steeplechase,196,STRONG PURPLISH BLUE
Firmament Blue,196,STRONG PURPLISH BLUE
Lyons Blue,196,STRONG PURPLISH BLUE
Yale Blue,196,STRONG PURPLISH BLUE
Dark Diva Blue .. 0(,196,STRONG PURPLISH BLUE
Diva Blue,196,STRONG PURPLISH BLUE
Gentian Blue,196,STRONG PURPLISH BLUE
Hay's Blue,196,STRONG PURPLISH BLUE
Helvetia Blue,196,STRONG PURPLISH BLUE
Light Bluish Violet,196,STRONG PURPLISH BLUE
Light Violet-Blue,196,STRONG PURPLISH BLUE
Sailor Blue,196,STRONG PURPLISH BLUE
Violet Ultramarine,196,STRONG PURPLISH BLUE
Bright Dutch Blue,196,STRONG PURPLISH BLUE
Deep Blue,196,STRONG PURPLISH BLUE
Royal Blue gm - 12,196,STRONG PURPLISH BLUE
Sapphire Blue,196,STRONG PURPLISH BLUE
Cornflower Blue,196,STRONG PURPLISH BLUE
Atrolazulinus,196,STRONG PURPLISH BLUE
Bluebird Blue,196,STRONG PURPLISH BLUE
Bright Ultramarine,196,STRONG PURPLISH BLUE
Flax Blue,196,STRONG PURPLISH BLUE
Lazulinus,196,STRONG PURPLISH BLUE
Reddish Blue,196,STRONG PURPLISH BLUE
Sea Blue,196,STRONG PURPLISH BLUE
Sublazulinus,196,STRONG PURPLISH BLUE
Subviolaceus,196,STRONG PURPLISH BLUE
Ultramarine,196,STRONG PURPLISH BLUE
Violaceus,196,STRONG PURPLISH BLUE
Violet Blue,196,STRONG PURPLISH BLUE
Bellflower,197,DEEP PURPLISH BLUE
Colonial,197,DEEP PURPLISH BLUE
Glory,197,DEEP PURPLISH BLUE
Hyacinth Blue,197,DEEP PURPLISH BLUE
Mazarine Blue,197,DEEP PURPLISH BLUE
Monet Blue,197,DEEP PURPLISH BLUE
Regal,197,DEEP PURPLISH BLUE
Napoleon,197,DEEP PURPLISH BLUE
Yale Blue,197,DEEP PURPLISH BLUE
Hyacinth Blue,197,DEEP PURPLISH BLUE
Roslyn Blue,197,DEEP PURPLISH BLUE
Deep Blue g _ 12 H pe,197,DEEP PURPLISH BLUE
Deep Royal Blue,197,DEEP PURPLISH BLUE
Sapphire Blue,197,DEEP PURPLISH BLUE
Yale Blue,197,DEEP PURPLISH BLUE
Atroviolaceus,197,DEEP PURPLISH BLUE
Dark Blue,197,DEEP PURPLISH BLUE
Purple,197,DEEP PURPLISH BLUE
Reddish Blue,197,DEEP PURPLISH BLUE
Alpine Blue,198,VERY LIGHT PURPLISH
Baby Blue Eyes,198,VERY LIGHT PURPLISH
Blue Ridge,198,VERY LIGHT PURPLISH
Panama Blue,198,VERY LIGHT PURPLISH
Princely Blue,198,VERY LIGHT PURPLISH
Burn Blue,198,VERY LIGHT PURPLISH
Pallid Blue-Violet,198,VERY LIGHT PURPLISH
Pallid Bluish Violet,198,VERY LIGHT PURPLISH
Pallid Soft Blue-Violet,198,VERY LIGHT PURPLISH
Pallid Violet,198,VERY LIGHT PURPLISH
Pallid Violet-Blue,198,VERY LIGHT PURPLISH
Wedgewood Blue,198,VERY LIGHT PURPLISH
Blue,198,VERY LIGHT PURPLISH
Griseo-Caeruleus,198,VERY LIGHT PURPLISH
Lavendulus,198,VERY LIGHT PURPLISH
Lineus,198,VERY LIGHT PURPLISH
Reddish Blue,198,VERY LIGHT PURPLISH
Sublazulinus,198,VERY LIGHT PURPLISH
Subviolaceus,198,VERY LIGHT PURPLISH
Ultramarine,198,VERY LIGHT PURPLISH
Campanula Blue,199,LIGHT PURPLISH BLUE
Cerulean,199,LIGHT PURPLISH BLUE
Ethereal Blue,199,LIGHT PURPLISH BLUE
Flaxflower Blue,199,LIGHT PURPLISH BLUE
Gentian,199,LIGHT PURPLISH BLUE
Louis Philippe,199,LIGHT PURPLISH BLUE
Lucerne Blue,199,LIGHT PURPLISH BLUE
Lupine,199,LIGHT PURPLISH BLUE
Nattier,199,LIGHT PURPLISH BLUE
Sky,199,LIGHT PURPLISH BLUE
Sky Blue,199,LIGHT PURPLISH BLUE
Sky Colour,199,LIGHT PURPLISH BLUE
Wistaria Blue,199,LIGHT PURPLISH BLUE
Zenith [Blue],199,LIGHT PURPLISH BLUE
Ballad Blue,199,LIGHT PURPLISH BLUE
Blue Bell,199,LIGHT PURPLISH BLUE
French Blue,199,LIGHT PURPLISH BLUE
Lucerne Blue,199,LIGHT PURPLISH BLUE
Sovereign Blue,199,LIGHT PURPLISH BLUE
Burn Blue,199,LIGHT PURPLISH BLUE
Chicory Blue,199,LIGHT PURPLISH BLUE
Clear Windsor Blue,199,LIGHT PURPLISH BLUE
Endive Blue,199,LIGHT PURPLISH BLUE
Grayish Blue-Violet (2),199,LIGHT PURPLISH BLUE
Grayish Violaceous Blue,199,LIGHT PURPLISH BLUE
Jay Blue,199,LIGHT PURPLISH BLUE
Lavender-Blue,199,LIGHT PURPLISH BLUE
Light Grayish Blue-Violet,199,LIGHT PURPLISH BLUE
Light Lavender-Blue,199,LIGHT PURPLISH BLUE
Light Windsor Blue,199,LIGHT PURPLISH BLUE
Light Wistaria Blue,199,LIGHT PURPLISH BLUE
Pale Cadet Blue,199,LIGHT PURPLISH BLUE
Pale Campanula Blue,199,LIGHT PURPLISH BLUE
Pale Grayish Violet-Blue,199,LIGHT PURPLISH BLUE
Pale Soft Blue-Violet,199,LIGHT PURPLISH BLUE
Pale Violet,199,LIGHT PURPLISH BLUE
Pale Windsor Blue,199,LIGHT PURPLISH BLUE
Pallid Blue-Violet,199,LIGHT PURPLISH BLUE
Pallid Bluish Violet,199,LIGHT PURPLISH BLUE
Pallid Grayish Violet-Blue,199,LIGHT PURPLISH BLUE
Pallid Soft Blue-Violet,199,LIGHT PURPLISH BLUE
Pallid Violet,199,LIGHT PURPLISH BLUE
Pallid Violet-Blue,199,LIGHT PURPLISH BLUE
Wedgewood Blue,199,LIGHT PURPLISH BLUE
Bright Periwinkle Blue,199,LIGHT PURPLISH BLUE
Dusty Copen Blue,199,LIGHT PURPLISH BLUE
Dutch Blue,199,LIGHT PURPLISH BLUE
Light Cornflower Blue,199,LIGHT PURPLISH BLUE
Light Dutch Blue,199,LIGHT PURPLISH BLUE
Light Periwinkle Blue,199,LIGHT PURPLISH BLUE
Light Sky Blue,199,LIGHT PURPLISH BLUE
Periwinkle Blue,199,LIGHT PURPLISH BLUE
Twilight Blue,199,LIGHT PURPLISH BLUE
Lupine,199,LIGHT PURPLISH BLUE
Periwinkle,199,LIGHT PURPLISH BLUE
Azure Blue (AN),199,LIGHT PURPLISH BLUE
Azure Blue (USA),199,LIGHT PURPLISH BLUE
Blue,199,LIGHT PURPLISH BLUE
Blue Violet,199,LIGHT PURPLISH BLUE
Caesius,199,LIGHT PURPLISH BLUE
Dark Blue,199,LIGHT PURPLISH BLUE
Griseo-Caeruleus,199,LIGHT PURPLISH BLUE
Griseo-Lavendulus,199,LIGHT PURPLISH BLUE
Griseo-Lineus,199,LIGHT PURPLISH BLUE
Lavendulus,199,LIGHT PURPLISH BLUE
Lineus,199,LIGHT PURPLISH BLUE
Reddish Blue,199,LIGHT PURPLISH BLUE
Sublazulinus,199,LIGHT PURPLISH BLUE
Subviolaceus,199,LIGHT PURPLISH BLUE
Ultramarine,199,LIGHT PURPLISH BLUE
Cathedral Blue,200,MODERATE PURPLISH
Clochette,200,MODERATE PURPLISH
Colonial,200,MODERATE PURPLISH
Coolie,200,MODERATE PURPLISH
Cornflower [Blue],200,MODERATE PURPLISH
Corsican Blue,200,MODERATE PURPLISH
Columbine (Blue),200,MODERATE PURPLISH
Cyanine Blue,200,MODERATE PURPLISH
Dark Wedgwood [Blue],200,MODERATE PURPLISH
Flame Blue,200,MODERATE PURPLISH
Gentian Blue,200,MODERATE PURPLISH
Intense Blue,200,MODERATE PURPLISH
Liberty Blue,200,MODERATE PURPLISH
Marine [Blue],200,MODERATE PURPLISH
Monet Blue,200,MODERATE PURPLISH
Pharoah,200,MODERATE PURPLISH
Purple Navy,200,MODERATE PURPLISH
Ragged Sailor,200,MODERATE PURPLISH
Sailor Blue,200,MODERATE PURPLISH
Monastral Blue_ _ 721 Bgg 1-a,200,MODERATE PURPLISH
Neopolitan Night,200,MODERATE PURPLISH
Opera Blue,200,MODERATE PURPLISH
Yale Blue,200,MODERATE PURPLISH
Azurite Blue,200,MODERATE PURPLISH
Cyanine Blue,200,MODERATE PURPLISH
Dark Diva Blue,200,MODERATE PURPLISH
Dark Soft Blue-Violet,200,MODERATE PURPLISH
Deep Soft Blue-Violet,200,MODERATE PURPLISH
Navy Blue,200,MODERATE PURPLISH
Roslyn Blue,200,MODERATE PURPLISH
Windsor Blue,200,MODERATE PURPLISH
Bright Navy m .„,200,MODERATE PURPLISH
Dark Blue,200,MODERATE PURPLISH
Deep Blue,200,MODERATE PURPLISH
Deep Royal Blue,200,MODERATE PURPLISH
Deep Sapphire Blue,200,MODERATE PURPLISH
Old Glory Blue,200,MODERATE PURPLISH
Atroviolaceus,200,MODERATE PURPLISH
Bluebird Blue,200,MODERATE PURPLISH
Caesius,200,MODERATE PURPLISH
Purple,200,MODERATE PURPLISH
Reddish Blue,200,MODERATE PURPLISH
Ultramarine,200,MODERATE PURPLISH
Violaceus,200,MODERATE PURPLISH
Violet,200,MODERATE PURPLISH
Coolie,201,DARK PURPLISH BLUE
Corsican Blue,201,DARK PURPLISH BLUE
Cyanine Blue,201,DARK PURPLISH BLUE
Du Gueslin,201,DARK PURPLISH BLUE
Hankow,201,DARK PURPLISH BLUE
Homage Blue,201,DARK PURPLISH BLUE
Infernal Blue,201,DARK PURPLISH BLUE
Intense Blue,201,DARK PURPLISH BLUE
Majolica Blue,201,DARK PURPLISH BLUE
Marine [Blue],201,DARK PURPLISH BLUE
Mascot,201,DARK PURPLISH BLUE
Musketeer,201,DARK PURPLISH BLUE
Navy Blue,201,DARK PURPLISH BLUE
Normandy,201,DARK PURPLISH BLUE
Peasant,201,DARK PURPLISH BLUE
Peasant Blue,201,DARK PURPLISH BLUE
Pharoah,201,DARK PURPLISH BLUE
Purple Navy,201,DARK PURPLISH BLUE
Romany,201,DARK PURPLISH BLUE
Scotch Blue,201,DARK PURPLISH BLUE
Tapestry,201,DARK PURPLISH BLUE
"Taylor, Knoche,",201,DARK PURPLISH BLUE
Granville,201,DARK PURPLISH BLUE
Dark Blue,201,DARK PURPLISH BLUE
Dark Navy,201,DARK PURPLISH BLUE
Light Navy,201,DARK PURPLISH BLUE
Midnight Blue,201,DARK PURPLISH BLUE
Navy,201,DARK PURPLISH BLUE
Graphite Blue,201,DARK PURPLISH BLUE
Homage Blue,201,DARK PURPLISH BLUE
Independence,201,DARK PURPLISH BLUE
National Flag Blue,201,DARK PURPLISH BLUE
Atroviolaceus,201,DARK PURPLISH BLUE
Blue,201,DARK PURPLISH BLUE
Dark Blue (USA),201,DARK PURPLISH BLUE
Insignia Blue (AN),201,DARK PURPLISH BLUE
Navy,201,DARK PURPLISH BLUE
Reddish Blue,201,DARK PURPLISH BLUE
Slate,201,DARK PURPLISH BLUE
Burn Blue,202,VERY PALE PURPLISH
Alpine Blue,202,VERY PALE PURPLISH
Blue Day,202,VERY PALE PURPLISH
Fidelity,202,VERY PALE PURPLISH
Fountain Blue,202,VERY PALE PURPLISH
Ghostly Blue,202,VERY PALE PURPLISH
Plumbago Blue,202,VERY PALE PURPLISH
Princely Blue,202,VERY PALE PURPLISH
Sentimental Mood,202,VERY PALE PURPLISH
Silver Blue,202,VERY PALE PURPLISH
White Swan,202,VERY PALE PURPLISH
Lavender Gray,202,VERY PALE PURPLISH
Pale Grayish Blue,202,VERY PALE PURPLISH
Pale Grayish Blue-Violet,202,VERY PALE PURPLISH
Pale Mazarine Blue,202,VERY PALE PURPLISH
Pallid Violet,202,VERY PALE PURPLISH
Pearl Blue,202,VERY PALE PURPLISH
Pallid Violet,202,VERY PALE PURPLISH
Pearl Blue,202,VERY PALE PURPLISH
Violet-Plumbeous,202,VERY PALE PURPLISH
Dark Blue,202,VERY PALE PURPLISH
Delft Blue,202,VERY PALE PURPLISH
Haze Blue,202,VERY PALE PURPLISH
Light Navy,202,VERY PALE PURPLISH
Moonstone Blue,202,VERY PALE PURPLISH
Powder Blue,202,VERY PALE PURPLISH
Shadow Blue,202,VERY PALE PURPLISH
Lupine,202,VERY PALE PURPLISH
Starlight Blue,202,VERY PALE PURPLISH
Caeruleo-Griseus,202,VERY PALE PURPLISH
Caesius,202,VERY PALE PURPLISH
Dull Blue,202,VERY PALE PURPLISH
Dull Reddish Blue,202,VERY PALE PURPLISH
Gray Blue,202,VERY PALE PURPLISH
Grayish Blue,202,VERY PALE PURPLISH
Griseo-Caeruleus,202,VERY PALE PURPLISH
Griseo-Lavendulus,202,VERY PALE PURPLISH
Griseo-Lazulinus,202,VERY PALE PURPLISH
"Griseo-Violaceus.,",202,VERY PALE PURPLISH
Lineus,202,VERY PALE PURPLISH
Sublazulinus,202,VERY PALE PURPLISH
Subviolaceus,202,VERY PALE PURPLISH
Ultramarine,202,VERY PALE PURPLISH
Light Sky Blue,202,VERY PALE PURPLISH
Pale Blue,202,VERY PALE PURPLISH
Pale Periwinkle Blue,202,VERY PALE PURPLISH
Dull Blue,202,VERY PALE PURPLISH
Dull Reddish Blue,202,VERY PALE PURPLISH
Griseo-Caeruleus,202,VERY PALE PURPLISH
Griseo-Lavendulus,202,VERY PALE PURPLISH
Griseo-Lineus,202,VERY PALE PURPLISH
Lineus,202,VERY PALE PURPLISH
Sublazulinus,202,VERY PALE PURPLISH
Subviolaceus,202,VERY PALE PURPLISH
Ultramarine,202,VERY PALE PURPLISH
Blue Lavender,203,PALE PURPLISH BLUE
Burn Blue,203,PALE PURPLISH BLUE
Celest,203,PALE PURPLISH BLUE
Chicory,203,PALE PURPLISH BLUE
Chicory Blue,203,PALE PURPLISH BLUE
Hydrangea Blue,203,PALE PURPLISH BLUE
Ontario Violet,203,PALE PURPLISH BLUE
Periwinkle,203,PALE PURPLISH BLUE
Zenith [Blue],203,PALE PURPLISH BLUE
Fall Blue,203,PALE PURPLISH BLUE
Fog Blue,203,PALE PURPLISH BLUE
Milano clue,203,PALE PURPLISH BLUE
Moonlit Water,203,PALE PURPLISH BLUE
Profound Blue,203,PALE PURPLISH BLUE
Smoke Blue,203,PALE PURPLISH BLUE
Sublime,203,PALE PURPLISH BLUE
Swiss Blue,203,PALE PURPLISH BLUE
Deep Dull Bluish Violet (2),203,PALE PURPLISH BLUE
Deep Dutch Blue,203,PALE PURPLISH BLUE
Dutch Blue,203,PALE PURPLISH BLUE
Endive Blue,203,PALE PURPLISH BLUE
Lavender Gray,203,PALE PURPLISH BLUE
Light Tyrian Blue,203,PALE PURPLISH BLUE
Light Violet-Plumbeous,203,PALE PURPLISH BLUE
Pale Cadet Blue,203,PALE PURPLISH BLUE
Pale Mazarine Blue,203,PALE PURPLISH BLUE
Pale Violet-Plumbeous,203,PALE PURPLISH BLUE
Banner,204,GRAYISH PURPLISH BLUE
Blue Devil,204,GRAYISH PURPLISH BLUE
Copenhagen [Blue],204,GRAYISH PURPLISH BLUE
Dark Wedgwood [Blue],204,GRAYISH PURPLISH BLUE
Delft Blue,204,GRAYISH PURPLISH BLUE
Duck-Wing,204,GRAYISH PURPLISH BLUE
Du Gueslin,204,GRAYISH PURPLISH BLUE
Dutch Ware Blue,204,GRAYISH PURPLISH BLUE
Flame Blue,204,GRAYISH PURPLISH BLUE
Garter Blue,204,GRAYISH PURPLISH BLUE
Geneva Blue,204,GRAYISH PURPLISH BLUE
Hankow,204,GRAYISH PURPLISH BLUE
Madeline Blue,204,GRAYISH PURPLISH BLUE
Majolica Blue,204,GRAYISH PURPLISH BLUE
Marine Corps,204,GRAYISH PURPLISH BLUE
Mascot,204,GRAYISH PURPLISH BLUE
Musketeer,204,GRAYISH PURPLISH BLUE
Navy Blue,204,GRAYISH PURPLISH BLUE
Neapolitan Blue,204,GRAYISH PURPLISH BLUE
Normandy,204,GRAYISH PURPLISH BLUE
Old China,204,GRAYISH PURPLISH BLUE
Oriental Blue,204,GRAYISH PURPLISH BLUE
Peasant,204,GRAYISH PURPLISH BLUE
Peasant Blue,204,GRAYISH PURPLISH BLUE
Periwinkle,204,GRAYISH PURPLISH BLUE
Persian Blue,204,GRAYISH PURPLISH BLUE
Pervenche,204,GRAYISH PURPLISH BLUE
Regimental,204,GRAYISH PURPLISH BLUE
Roma Blue,204,GRAYISH PURPLISH BLUE
Romany,204,GRAYISH PURPLISH BLUE
Seaman Blue,204,GRAYISH PURPLISH BLUE
Tapestry,204,GRAYISH PURPLISH BLUE
Turkey Blue,204,GRAYISH PURPLISH BLUE
Turkish Blue,204,GRAYISH PURPLISH BLUE
Tyrian Blue,204,GRAYISH PURPLISH BLUE
Waterloo,204,GRAYISH PURPLISH BLUE
Windsor Blue,204,GRAYISH PURPLISH BLUE
Geneva Blue,204,GRAYISH PURPLISH BLUE
Hussar,204,GRAYISH PURPLISH BLUE
Acetin Blue,204,GRAYISH PURPLISH BLUE
Dark Cadet Blue,204,GRAYISH PURPLISH BLUE
Dark Madder Blue,204,GRAYISH PURPLISH BLUE
Dark Tyrian Blue,204,GRAYISH PURPLISH BLUE
Deep Dull Bluish Violet(2),204,GRAYISH PURPLISH BLUE
Deep Madder Blue,204,GRAYISH PURPLISH BLUE
Deep Violet-Plumbeous,204,GRAYISH PURPLISH BLUE
Dusky Violet-Blue (1),204,GRAYISH PURPLISH BLUE
Indigo Blue,204,GRAYISH PURPLISH BLUE
Light Tyrian Blue,204,GRAYISH PURPLISH BLUE
Navy Blue,204,GRAYISH PURPLISH BLUE
Nigrosin Blue,204,GRAYISH PURPLISH BLUE
Slate-Blue,204,GRAYISH PURPLISH BLUE
Tyrian Blue,204,GRAYISH PURPLISH BLUE
Dark Blue,204,GRAYISH PURPLISH BLUE
Delft Blue,204,GRAYISH PURPLISH BLUE
Dusk Blue,204,GRAYISH PURPLISH BLUE
Light Navy,204,GRAYISH PURPLISH BLUE
Medium Blue,204,GRAYISH PURPLISH BLUE
Shadow Blue,204,GRAYISH PURPLISH BLUE
Graphite Blue,204,GRAYISH PURPLISH BLUE
Independence,204,GRAYISH PURPLISH BLUE
Atrolazulinus,204,GRAYISH PURPLISH BLUE
Atroviolaceus,204,GRAYISH PURPLISH BLUE
Caesius,204,GRAYISH PURPLISH BLUE
Dull Blue,204,GRAYISH PURPLISH BLUE
Dull Blue,204,GRAYISH PURPLISH BLUE
Dull Reddish Blue,204,GRAYISH PURPLISH BLUE
Griseo-Lazulinus,204,GRAYISH PURPLISH BLUE
Griseo-Violaceus,204,GRAYISH PURPLISH BLUE
Indigo,204,GRAYISH PURPLISH BLUE
Lazulino-Ardesiacus,204,GRAYISH PURPLISH BLUE
Slate,204,GRAYISH PURPLISH BLUE
Ultramarine,204,GRAYISH PURPLISH BLUE
Violaceo-Griseus,204,GRAYISH PURPLISH BLUE
Basketball,205,VIVID VIOLET
Perilla,205,VIVID VIOLET
Westminster,205,VIVID VIOLET
Blue-Violet,205,VIVID VIOLET
Bluish Violet,205,VIVID VIOLET
Deep Blue-Violet,205,VIVID VIOLET
Aster Violet,205,VIVID VIOLET
Bright Bluish Violet,205,VIVID VIOLET
Bright Violet,205,VIVID VIOLET
Campanula Violet,205,VIVID VIOLET
Hyacinth Blue,205,VIVID VIOLET
Lobelia Blue,205,VIVID VIOLET
Magenta,205,VIVID VIOLET
Methyl Violet,205,VIVID VIOLET
Moorish Blue,205,VIVID VIOLET
Violaceus,205,VIVID VIOLET
Violet,205,VIVID VIOLET
Fortune,206,BRILLIANT VIOLET
Bradley's Violet,206,BRILLIANT VIOLET
Lavender-Violet,206,BRILLIANT VIOLET
Light Bluish Violet,206,BRILLIANT VIOLET
Light Soft Blue-Violet,206,BRILLIANT VIOLET
Light Violet,206,BRILLIANT VIOLET
Mauve,206,BRILLIANT VIOLET
Pleroma Violet,206,BRILLIANT VIOLET
Soft Blue-Violet,206,BRILLIANT VIOLET
Wistaria Blue,206,BRILLIANT VIOLET
Wistaria Violet,206,BRILLIANT VIOLET
Flax Blue,206,BRILLIANT VIOLET
Heliotrope,206,BRILLIANT VIOLET
Lavendulus,206,BRILLIANT VIOLET
Lilacinus,206,BRILLIANT VIOLET
Sea Lavender Violet,206,BRILLIANT VIOLET
Subviolaceus,206,BRILLIANT VIOLET
Veronica Violet,206,BRILLIANT VIOLET
Violaceus,206,BRILLIANT VIOLET
Violet,206,BRILLIANT VIOLET
Wisteria Blue,206,BRILLIANT VIOLET
Abbey,207,STRONG VIOLET
Campanula,207,STRONG VIOLET
Canterbury,207,STRONG VIOLET
Clematis,207,STRONG VIOLET
Foxglove,207,STRONG VIOLET
Lobelia [Blue],207,STRONG VIOLET
Pansy,207,STRONG VIOLET
Pensfie,207,STRONG VIOLET
Perilla,207,STRONG VIOLET
Regal Purple,207,STRONG VIOLET
Royal Purple,207,STRONG VIOLET
Violine,207,STRONG VIOLET
Larkspur Purple,207,STRONG VIOLET
Prism Violet,207,STRONG VIOLET
Riclgway,207,STRONG VIOLET
Bradley's Violet,207,STRONG VIOLET
DeepSoft Bluish Violet,207,STRONG VIOLET
Dull Bluish Violet (3),207,STRONG VIOLET
Pleroma Violet,207,STRONG VIOLET
Soft Bluish Violet,207,STRONG VIOLET
Spectrum Violet,207,STRONG VIOLET
Violet Ultramarine,207,STRONG VIOLET
Pansy (USA),207,STRONG VIOLET
Parma Violet,207,STRONG VIOLET
Violet,207,STRONG VIOLET
Bluebird Blue,207,STRONG VIOLET
Bluish Violet,207,STRONG VIOLET
Livido-Violaceus,207,STRONG VIOLET
Purple,207,STRONG VIOLET
Violaceus,207,STRONG VIOLET
Adelaide,208,DEEP VIOLET
Glory,208,DEEP VIOLET
Prunella,208,DEEP VIOLET
Russian Violet,208,DEEP VIOLET
Seville,208,DEEP VIOLET
Violet,208,DEEP VIOLET
Pansy,208,DEEP VIOLET
Bluish Violet,208,DEEP VIOLET
Victoria Violet,208,DEEP VIOLET
Ballerina,209,VERY LIGHT VIOLET
Bluish Violet,209,VERY LIGHT VIOLET
Deep Violet,209,VERY LIGHT VIOLET
Lavender,209,VERY LIGHT VIOLET
Pale Verbena Violet,209,VERY LIGHT VIOLET
Pale Wistaria Blue,209,VERY LIGHT VIOLET
Pallid Bluish Violet,209,VERY LIGHT VIOLET
Pallid Soft Blue-Violet,209,VERY LIGHT VIOLET
Pallid Violet,209,VERY LIGHT VIOLET
Bluish Violet,209,VERY LIGHT VIOLET
Lavendulus,209,VERY LIGHT VIOLET
Lilac,209,VERY LIGHT VIOLET
Subviolaceus,209,VERY LIGHT VIOLET
Daybreak,210,LIGHT VIOLET
Hyacinth,210,LIGHT VIOLET
Minuet,210,LIGHT VIOLET
Wistaria [Blue],210,LIGHT VIOLET
Wistaria [Violet],210,LIGHT VIOLET
Chalk Violet,210,LIGHT VIOLET
Good Omen,210,LIGHT VIOLET
Mogul,210,LIGHT VIOLET
Princess,210,LIGHT VIOLET
Quality,210,LIGHT VIOLET
Sweet Lady,210,LIGHT VIOLET
Wisteria,210,LIGHT VIOLET
Aniline Lilac,210,LIGHT VIOLET
Bluish Lavender,210,LIGHT VIOLET
Bradley's Violet,210,LIGHT VIOLET
Deep Lavender,210,LIGHT VIOLET
Dull Bluish Violet (2),210,LIGHT VIOLET
Light Dull Bluish Violet,210,LIGHT VIOLET
Light Hyssop Violet,210,LIGHT VIOLET
Light Lavender-Violet,210,LIGHT VIOLET
Light Mauve,210,LIGHT VIOLET
Light Wistaria Blue,210,LIGHT VIOLET
Light Wistaria Violet,210,LIGHT VIOLET
Ontario Violet,210,LIGHT VIOLET
Pale Soft Blue-Violet,210,LIGHT VIOLET
Pale Violet,210,LIGHT VIOLET
Pale Wistaria Blue,210,LIGHT VIOLET
Pale Wistaria Violet,210,LIGHT VIOLET
Pallid Bluish Violet,210,LIGHT VIOLET
Pallid Soft Blue-Violet,210,LIGHT VIOLET
Pallid Violet,210,LIGHT VIOLET
Vanderpoel’s Violet,210,LIGHT VIOLET
Bright Violet,210,LIGHT VIOLET
Bright Lavender,210,LIGHT VIOLET
Bright Periwinkle Blue gm. 12 A ga,210,LIGHT VIOLET
Heliotrope,210,LIGHT VIOLET
Bluish Violet,210,LIGHT VIOLET
Griseo-Lineus,210,LIGHT VIOLET
Lavendulus,210,LIGHT VIOLET
Lilac,210,LIGHT VIOLET
Lilacinus,210,LIGHT VIOLET
Livido-Violaceus,210,LIGHT VIOLET
Mauvette,210,LIGHT VIOLET
Subviolaceus,210,LIGHT VIOLET
Ultramarine,210,LIGHT VIOLET
Violaceus,210,LIGHT VIOLET
Violet,210,LIGHT VIOLET
Bishop,211,MODERATE VIOLET
Campanula,211,MODERATE VIOLET
Clochette,211,MODERATE VIOLET
Columbine [Blue],211,MODERATE VIOLET
Damascen,211,MODERATE VIOLET
Damson,211,MODERATE VIOLET
Foxglove,211,MODERATE VIOLET
Parme,211,MODERATE VIOLET
Prelate,211,MODERATE VIOLET
Roman Purple,211,MODERATE VIOLET
Veronica,211,MODERATE VIOLET
Violine,211,MODERATE VIOLET
Bellflower,211,MODERATE VIOLET
Bishop,211,MODERATE VIOLET
Deep Violet,211,MODERATE VIOLET
King Lear,211,MODERATE VIOLET
Anthracene Violet,211,MODERATE VIOLET
Blackish Violet,211,MODERATE VIOLET
Bradley’s Violet,211,MODERATE VIOLET
Dark Bluish Violet,211,MODERATE VIOLET
Dark Soft Blue-Violet,211,MODERATE VIOLET
Dark Soft Bluish Violet,211,MODERATE VIOLET
Dark Violet,211,MODERATE VIOLET
Dauphin's Violet,211,MODERATE VIOLET
Deep Dull Bluish Violet (3),211,MODERATE VIOLET
Deep Dull Violet-Blue,211,MODERATE VIOLET
Deep Soft Blue-Violet,211,MODERATE VIOLET
Dull Blue-Violet (2),211,MODERATE VIOLET
Dull Bluish Violet (2),211,MODERATE VIOLET
Dull Bluish Violet (3),211,MODERATE VIOLET
Dull Violet-Blue,211,MODERATE VIOLET
Hyacinth Blue,211,MODERATE VIOLET
Roslyn Blue,211,MODERATE VIOLET
Royal Purple,211,MODERATE VIOLET
Bright Lavender,211,MODERATE VIOLET
Bright Violet gm .. 12 1a,211,MODERATE VIOLET
Heliotrope gm.. . 12 1a,211,MODERATE VIOLET
Violet gm ___ 12 pa',211,MODERATE VIOLET
Atroviolaceus,211,MODERATE VIOLET
Bluebird Blue,211,MODERATE VIOLET
Bluish Violet,211,MODERATE VIOLET
Bright Violet,211,MODERATE VIOLET
Dauphin's Violet,211,MODERATE VIOLET
Dull Lilac,211,MODERATE VIOLET
Griseo-Violaceus,211,MODERATE VIOLET
Livido-Violaceus,211,MODERATE VIOLET
Purple,211,MODERATE VIOLET
Violaceus,211,MODERATE VIOLET
Violet,211,MODERATE VIOLET
Bramble,212,DARK VIOLET
Cathedral,212,DARK VIOLET
Concord,212,DARK VIOLET
Corsican Blue,212,DARK VIOLET
Damascen,212,DARK VIOLET
Damson,212,DARK VIOLET
Derby Blue,212,DARK VIOLET
Elderberry,212,DARK VIOLET
Flag,212,DARK VIOLET
Grape,212,DARK VIOLET
Grape Blue,212,DARK VIOLET
Huckleberry,212,DARK VIOLET
Independence,212,DARK VIOLET
Jean Bart,212,DARK VIOLET
Nightshade,212,DARK VIOLET
Plum [Purple],212,DARK VIOLET
Prunella,212,DARK VIOLET
Toga,212,DARK VIOLET
Urania Blue,212,DARK VIOLET
Deep Violet,212,DARK VIOLET
Grape,212,DARK VIOLET
Independence,212,DARK VIOLET
Royal Robe,212,DARK VIOLET
Blackish Violet,212,DARK VIOLET
Dark Bluish Violet,212,DARK VIOLET
Blue Plum,212,DARK VIOLET
Dark Violet,212,DARK VIOLET
Violet g;,212,DARK VIOLET
Purple,212,DARK VIOLET
Aconite Violet,212,DARK VIOLET
Atroviolaceus,212,DARK VIOLET
Bluish Violet,212,DARK VIOLET
Reddish Navy,212,DARK VIOLET
Languid Lavender,213,VERY PALE VIOLET
Souvenir,213,VERY PALE VIOLET
Swank,213,VERY PALE VIOLET
Sweet Lavender,213,VERY PALE VIOLET
Lavender,213,VERY PALE VIOLET
Lavender Gray,213,VERY PALE VIOLET
Pale Bluish Lavender,213,VERY PALE VIOLET
Pallid Violet,213,VERY PALE VIOLET
Dull Bluish Violet,213,VERY PALE VIOLET
Griseo-Lavendulus,213,VERY PALE VIOLET
Lavendulus,213,VERY PALE VIOLET
Subviolaceus,213,VERY PALE VIOLET
Afterglow,214,PALE VIOLET
Eventide,214,PALE VIOLET
Madder Blue,214,PALE VIOLET
Persenche,214,PALE VIOLET
Verbena [Violet],214,PALE VIOLET
Vervain,214,PALE VIOLET
Chalk Violet,214,PALE VIOLET
Cold Morn,214,PALE VIOLET
Day Dream,214,PALE VIOLET
Lilac Lavender,214,PALE VIOLET
Purple Ode,214,PALE VIOLET
Romance,214,PALE VIOLET
Dark Grayish Lavender,214,PALE VIOLET
Dark Plumbago Blue,214,PALE VIOLET
Deep Dull Bluish Violet (2),214,PALE VIOLET
Deep Grayish Lavender,214,PALE VIOLET
Lavender Gray,214,PALE VIOLET
Madder Blue,214,PALE VIOLET
Pale Varley's Gray,214,PALE VIOLET
Pale Wistaria Violet,214,PALE VIOLET
Pallid Violet,214,PALE VIOLET
Plumbago Blue,214,PALE VIOLET
Ramier Blue,214,PALE VIOLET
Verbena Violet,214,PALE VIOLET
Dusk Blue,214,PALE VIOLET
Dusty Lavender,214,PALE VIOLET
Dusty Periwinkle Blue gm. 12 H ec,214,PALE VIOLET
Old Lavender,214,PALE VIOLET
Twilight Blue,214,PALE VIOLET
Dull Bluish Violet,214,PALE VIOLET
Gray Blue,214,PALE VIOLET
Griseo-Lavendulus,214,PALE VIOLET
Griseo-Violaceus,214,PALE VIOLET
Lavendulus,214,PALE VIOLET
Mauvette,214,PALE VIOLET
Subviolaceus,214,PALE VIOLET
Violet,214,PALE VIOLET
Imperial Purple,215,GRAYISH VIOLET
Madder Blue,215,GRAYISH VIOLET
Monkshood,215,GRAYISH VIOLET
Pimlico,215,GRAYISH VIOLET
Roma Blue,215,GRAYISH VIOLET
Scotch Blue,215,GRAYISH VIOLET
Sorcerer,215,GRAYISH VIOLET
Blackish Violet,215,GRAYISH VIOLET
Dark Bluish Violet,215,GRAYISH VIOLET
Dark Dull Bluish Violet (2),215,GRAYISH VIOLET
Dark Dull Violet-Blue,215,GRAYISH VIOLET
Deep Dull Bluish Violet(2),215,GRAYISH VIOLET
Diamin-Azo Blue,215,GRAYISH VIOLET
Dusky Blue-Violet (1),215,GRAYISH VIOLET
Dusky Dull Violet-Blue,215,GRAYISH VIOLET
Dusky Violet-Blue (1),215,GRAYISH VIOLET
Ramier Blue,215,GRAYISH VIOLET
Yvette Violet,215,GRAYISH VIOLET
Blue Plum,215,GRAYISH VIOLET
Dark Violet,215,GRAYISH VIOLET
Dusk Blue,215,GRAYISH VIOLET
Dusty Lavender,215,GRAYISH VIOLET
Violet,215,GRAYISH VIOLET
Atroviolaceus,215,GRAYISH VIOLET
Dull Bluish Violet,215,GRAYISH VIOLET
Griseo-Lavendulus,215,GRAYISH VIOLET
Griseo-Violaceus,215,GRAYISH VIOLET
Purple,215,GRAYISH VIOLET
Amethyst Violet,216,VIVID PURPLE
Violet-Purple,216,VIVID PURPLE
Amethyst Violet,216,VIVID PURPLE
Bishop's Violet,216,VIVID PURPLE
Bright Red-Violet,216,VIVID PURPLE
Bright Violet,216,VIVID PURPLE
Bright Violet,216,VIVID PURPLE
Petunia Purple,216,VIVID PURPLE
Purple,216,VIVID PURPLE
Purpureus,216,VIVID PURPLE
Red-Violet,216,VIVID PURPLE
Violaceus,216,VIVID PURPLE
Amparo Purple,217,BRILLIANT PURPLE
Hortense Violet,217,BRILLIANT PURPLE
Light Amparo Purple,217,BRILLIANT PURPLE
Light Hortense Violet,217,BRILLIANT PURPLE
Rose-Purple,217,BRILLIANT PURPLE
Lilacinus,217,BRILLIANT PURPLE
Malvaceus,217,BRILLIANT PURPLE
Mauve,217,BRILLIANT PURPLE
Subviolaceus,217,BRILLIANT PURPLE
Violet,217,BRILLIANT PURPLE
Violet,217,BRILLIANT PURPLE
Burgundy Violet,218,STRONG PURPLE
Manganese Violet,218,STRONG PURPLE
Meadow Violet,218,STRONG PURPLE
Mineral Violet,218,STRONG PURPLE
Monsignor,218,STRONG PURPLE
Nuremberg Violet,218,STRONG PURPLE
Permanent Violet,218,STRONG PURPLE
Amparo Purple,218,STRONG PURPLE
Litho Purple,218,STRONG PURPLE
Manganese Violet,218,STRONG PURPLE
Mathews' Purple,218,STRONG PURPLE
Pansy Violet,218,STRONG PURPLE
Saccardo's Violet,218,STRONG PURPLE
Heliotrope,218,STRONG PURPLE
Mauve,218,STRONG PURPLE
Bright Red-Violet,218,STRONG PURPLE
Bright Violet,218,STRONG PURPLE
Cobalt Violet,218,STRONG PURPLE
Deep Violet,218,STRONG PURPLE
Imperial Purple,218,STRONG PURPLE
Livido-Violaceus,218,STRONG PURPLE
Magenta,218,STRONG PURPLE
Malvaceus,218,STRONG PURPLE
Mauve,218,STRONG PURPLE
Mineral Violet,218,STRONG PURPLE
Purple,218,STRONG PURPLE
Purpureus,218,STRONG PURPLE
Red-Violet,218,STRONG PURPLE
Violet,218,STRONG PURPLE
Violet,218,STRONG PURPLE
Cotinga Purple,219,DEEP PURPLE
Fi reweed,219,DEEP PURPLE
Gloxinia,219,DEEP PURPLE
Grapejuice,219,DEEP PURPLE
Hyacinth Violet,219,DEEP PURPLE
Imperial,219,DEEP PURPLE
Monsignor,219,DEEP PURPLE
Patriarch,219,DEEP PURPLE
Petunia [Violet],219,DEEP PURPLE
Pontiff [Purple],219,DEEP PURPLE
Wild Aster,219,DEEP PURPLE
Wood Violet,219,DEEP PURPLE
Cotinga Purple,219,DEEP PURPLE
Hyacinth Violet,219,DEEP PURPLE
Litho Purple,219,DEEP PURPLE
Mulberry Purple,219,DEEP PURPLE
Petunia Violet,219,DEEP PURPLE
"Taylor, Knoche,",219,DEEP PURPLE
Granville,219,DEEP PURPLE
Purple,219,DEEP PURPLE
Violet,219,DEEP PURPLE
Dahlia Purple,219,DEEP PURPLE
Imperial Purple,219,DEEP PURPLE
Bouquet Orchid,221,VERY LIGHT PURPLE
Cosmos Pink,221,VERY LIGHT PURPLE
Desire,221,VERY LIGHT PURPLE
Maid of Orleans,221,VERY LIGHT PURPLE
Orchid Lane,221,VERY LIGHT PURPLE
Pale Hortense Violet,221,VERY LIGHT PURPLE
Light Lilac,221,VERY LIGHT PURPLE
Lilac . s,221,VERY LIGHT PURPLE
Subviolaceus,221,VERY LIGHT PURPLE
Violet,221,VERY LIGHT PURPLE
Daybreak,222,LIGHT PURPLE
Orchid,222,LIGHT PURPLE
Rose-Purple,222,LIGHT PURPLE
Amethyst Orchid,222,LIGHT PURPLE
Desert Glass,222,LIGHT PURPLE
Lilac,222,LIGHT PURPLE
Misty Lilac,222,LIGHT PURPLE
Regal Orchid,222,LIGHT PURPLE
Sophisticated Lady,222,LIGHT PURPLE
Surrender,222,LIGHT PURPLE
Viola,222,LIGHT PURPLE
Whimsical,222,LIGHT PURPLE
Dark Lavender,222,LIGHT PURPLE
Hay’s Lilac,222,LIGHT PURPLE
Light Lobelia Violet,222,LIGHT PURPLE
Lilac,222,LIGHT PURPLE
Lobelia Violet,222,LIGHT PURPLE
Pale Amparo Purple,222,LIGHT PURPLE
Pale Hortense Violet,222,LIGHT PURPLE
Pale Lavender-Violet,222,LIGHT PURPLE
Pale Rose-Purple,222,LIGHT PURPLE
Phlox Pink,222,LIGHT PURPLE
Bright Lavender,222,LIGHT PURPLE
Lavender,222,LIGHT PURPLE
Light Lavender,222,LIGHT PURPLE
Light Lilac,222,LIGHT PURPLE
Light Violet,222,LIGHT PURPLE
Lilac,222,LIGHT PURPLE
Orchid,222,LIGHT PURPLE
Pb,222,LIGHT PURPLE
Pb,222,LIGHT PURPLE
Pb,222,LIGHT PURPLE
Pb,222,LIGHT PURPLE
Pb,222,LIGHT PURPLE
Pb,222,LIGHT PURPLE
Pb,222,LIGHT PURPLE
Pb,222,LIGHT PURPLE
Pb,222,LIGHT PURPLE
Bright Violet,222,LIGHT PURPLE
Griseo-Lavendulus,222,LIGHT PURPLE
Lilacinus,222,LIGHT PURPLE
Malvaceus,222,LIGHT PURPLE
Red Violet,222,LIGHT PURPLE
Rose Purple,222,LIGHT PURPLE
Subviolaceus,222,LIGHT PURPLE
Violet,222,LIGHT PURPLE
Violet.. . s,222,LIGHT PURPLE
French Lilac,222,LIGHT PURPLE
Gigas,222,LIGHT PURPLE
Hepatica__42 K8,222,LIGHT PURPLE
Hyacinth,222,LIGHT PURPLE
Lilium,222,LIGHT PURPLE
Mignon,222,LIGHT PURPLE
Nuncio,222,LIGHT PURPLE
Nymphea,222,LIGHT PURPLE
Purple Aster,222,LIGHT PURPLE
Thistle,222,LIGHT PURPLE
Viola,222,LIGHT PURPLE
Belladonna,222,LIGHT PURPLE
Light Violet,222,LIGHT PURPLE
Mood Lilac,222,LIGHT PURPLE
Petunia,222,LIGHT PURPLE
Pomp and Power,222,LIGHT PURPLE
Purple Heather,222,LIGHT PURPLE
Royal Lilac,222,LIGHT PURPLE
Aconite Violet,222,LIGHT PURPLE
Ageratum Violet,222,LIGHT PURPLE
Chinese Violet,222,LIGHT PURPLE
Cotinga Purple,222,LIGHT PURPLE
Deep Hyssop Violet,222,LIGHT PURPLE
Dusky Dull Violet (2),222,LIGHT PURPLE
Haematoxylin Violet,222,LIGHT PURPLE
Hyssop Violet,222,LIGHT PURPLE
Litho Purple,222,LIGHT PURPLE
Livid Violet,222,LIGHT PURPLE
Mathews' Purple,222,LIGHT PURPLE
Saccardo's Violet,222,LIGHT PURPLE
Amethyst gm.. U Ic,222,LIGHT PURPLE
Bright Lavender,222,LIGHT PURPLE
Bright Violet,222,LIGHT PURPLE
Heliotrope gm.....Ilia,222,LIGHT PURPLE
Lavender,222,LIGHT PURPLE
Light Amethyst,222,LIGHT PURPLE
Lilac gm_ ll ia,222,LIGHT PURPLE
Purple m_ H pa,222,LIGHT PURPLE
Amethyst,222,LIGHT PURPLE
Lilac,222,LIGHT PURPLE
Atrolividus,222,LIGHT PURPLE
Atropurpureus,222,LIGHT PURPLE
Bright Violet,222,LIGHT PURPLE
Deep Violet,222,LIGHT PURPLE
Lilacinus,222,LIGHT PURPLE
Livido-Purpureus,222,LIGHT PURPLE
Livido-Violaceus,222,LIGHT PURPLE
Purple (BuOrd),222,LIGHT PURPLE
Purple (USA),222,LIGHT PURPLE
Purple.. s,222,LIGHT PURPLE
Purpureus,222,LIGHT PURPLE
Red Violet,222,LIGHT PURPLE
Violaceus,222,LIGHT PURPLE
Violet,222,LIGHT PURPLE
Violet_ s,222,LIGHT PURPLE
Old Helio,224,DARK PURPLE
Plum [Purple),224,DARK PURPLE
Prune Purple__46,224,DARK PURPLE
Vatican.-- 451.12,224,DARK PURPLE
Victoria... 4gjg,224,DARK PURPLE
Windsor,224,DARK PURPLE
Hortensia..497 p 3_ a,224,DARK PURPLE
Independence-545 pb 3_ a,224,DARK PURPLE
Lilac Shadow__554 pb 4_b,224,DARK PURPLE
Dark Anthracene Violet,224,DARK PURPLE
Dark Dull Bluish Violet (3),224,DARK PURPLE
Dark Hyssop Violet,224,DARK PURPLE
Dark Madder Violet,224,DARK PURPLE
Dark Nigrosin Violet,224,DARK PURPLE
Dusky Dull Violet (1),224,DARK PURPLE
Fluorite Violet.... xi 61m,224,DARK PURPLE
Madder Violet,224,DARK PURPLE
Mulberry Purple. xi 61k,224,DARK PURPLE
Nigrosin Violet,224,DARK PURPLE
Prune Purple,224,DARK PURPLE
Dusky Dull Violet (2),224,DARK PURPLE
Dark Purple gm. n n,224,DARK PURPLE
Deep Purple gm... n n e,224,DARK PURPLE
Mulberry gm- ll ne,224,DARK PURPLE
Purple m.... n pc,224,DARK PURPLE
Purple Wine g.. n n j,224,DARK PURPLE
plum —,224,DARK PURPLE
Prune,224,DARK PURPLE
Atrolividus__ b,224,DARK PURPLE
Atropurpureus_ b,224,DARK PURPLE
Atroviolaceus. b,224,DARK PURPLE
Dark Violet___ s,224,DARK PURPLE
Very Dusky Purple,224,DARK PURPLE
Violet_ a,224,DARK PURPLE
Fluorite Violet,225,VERY DARK PURPLE
Hortensia,225,VERY DARK PURPLE
Vatican.. 451.12,225,VERY DARK PURPLE
Cathedral,225,VERY DARK PURPLE
Dark Purple g._. ll pg,225,VERY DARK PURPLE
Deep Purple g.. ll pe,225,VERY DARK PURPLE
p lumg,225,VERY DARK PURPLE
Prune g . 11 p j,225,VERY DARK PURPLE
Prune,225,VERY DARK PURPLE
Plum Purple,225,VERY DARK PURPLE
Violet,225,VERY DARK PURPLE
Atropurpureus,225,VERY DARK PURPLE
Atroviolaceus,225,VERY DARK PURPLE
Purpureus,225,VERY DARK PURPLE
Red Violet,225,VERY DARK PURPLE
Royal Purple,225,VERY DARK PURPLE
Violaceus,225,VERY DARK PURPLE
Violet,225,VERY DARK PURPLE
Spectrum Violet,220,VERY DEEP PURPLE
Violet,220,VERY DEEP PURPLE
Amethyst [Violet],223,MODERATE PURPLE
Antique Fuchsia,223,MODERATE PURPLE
Cattleya,223,MODERATE PURPLE
Cobalt Violet,223,MODERATE PURPLE
Fleur-de-Lys,223,MODERATE PURPLE
Adamia,223,MODERATE PURPLE
Belladonna,223,MODERATE PURPLE
Camfirier,223,MODERATE PURPLE
Cotinga Purple,223,MODERATE PURPLE
Eminence,223,MODERATE PURPLE
English Violet,223,MODERATE PURPLE
Eveque,223,MODERATE PURPLE
Fluorite Violet,223,MODERATE PURPLE
Hortensia,223,MODERATE PURPLE
Imperial,223,MODERATE PURPLE
Loganberry,223,MODERATE PURPLE
Madder Violet,223,MODERATE PURPLE
Mulberry Purple,223,MODERATE PURPLE
Bouquet Orchid,226,VERY PALE PURPLE
Pb,226,VERY PALE PURPLE
Caprice,226,VERY PALE PURPLE
Pb,226,VERY PALE PURPLE
Cloud Gray,226,VERY PALE PURPLE
Bp,226,VERY PALE PURPLE
Cosmos Pink,226,VERY PALE PURPLE
Pb,226,VERY PALE PURPLE
Dawn Glow,226,VERY PALE PURPLE
Pb,226,VERY PALE PURPLE
Delight,226,VERY PALE PURPLE
Pb,226,VERY PALE PURPLE
Illusive,226,VERY PALE PURPLE
Pb,226,VERY PALE PURPLE
Languid Lavender,226,VERY PALE PURPLE
Bp,226,VERY PALE PURPLE
Lilac Hint,226,VERY PALE PURPLE
Pb,226,VERY PALE PURPLE
Maid of Orleans,226,VERY PALE PURPLE
Pb,226,VERY PALE PURPLE
Midseason,226,VERY PALE PURPLE
Pb,226,VERY PALE PURPLE
Myth,226,VERY PALE PURPLE
Old Lavender,226,VERY PALE PURPLE
Orchid Leaf,226,VERY PALE PURPLE
Radiant Orchid,226,VERY PALE PURPLE
Sea Fog,226,VERY PALE PURPLE
Swank,226,VERY PALE PURPLE
Temptation,226,VERY PALE PURPLE
Winsome,226,VERY PALE PURPLE
Pale Bluish Lavender,226,VERY PALE PURPLE
Pale Lobelia Violet,226,VERY PALE PURPLE
Pale Mauve,226,VERY PALE PURPLE
Orchid Mist,226,VERY PALE PURPLE
Orchid Tint,226,VERY PALE PURPLE
Pale Lavender,226,VERY PALE PURPLE
Pale Lilac,226,VERY PALE PURPLE
Dull Bluish Violet,226,VERY PALE PURPLE
Dull Violet,226,VERY PALE PURPLE
Gray Lilac,226,VERY PALE PURPLE
Lavendulus,226,VERY PALE PURPLE
Lilac,226,VERY PALE PURPLE
Lilacinus,226,VERY PALE PURPLE
Pastel Lavender,226,VERY PALE PURPLE
Pastel Lilac,226,VERY PALE PURPLE
Violet,226,VERY PALE PURPLE
Ageratum Blue,227,PALE PURPLE
Diadem,227,PALE PURPLE
Endive Blue,227,PALE PURPLE
Floss Flower Blue,227,PALE PURPLE
Heliotrope Grey,227,PALE PURPLE
Iris,227,PALE PURPLE
Lavender,227,PALE PURPLE
Lilac,227,PALE PURPLE
Mauvette,227,PALE PURPLE
Orchid,227,PALE PURPLE
Phlox Pink,227,PALE PURPLE
Plumbago Blue,227,PALE PURPLE
Plumbago Grey,227,PALE PURPLE
Rose Quartz,227,PALE PURPLE
Verbena (Violet),227,PALE PURPLE
Vervain,227,PALE PURPLE
Atonement. ... . 566 Pb 5—f,227,PALE PURPLE
Cold Morn,227,PALE PURPLE
Daybreak.. .. 525 P6-e,227,PALE PURPLE
Flirtation,227,PALE PURPLE
Heliotrope Gray,227,PALE PURPLE
Mellow Mood,227,PALE PURPLE
Misty Lilac,227,PALE PURPLE
Night Magic,227,PALE PURPLE
Silver Night,227,PALE PURPLE
Dark Plumbago Blue,227,PALE PURPLE
Deep Dull Lavender,227,PALE PURPLE
Deep Grayish Lavender,227,PALE PURPLE
Deep Plumbago Blue,227,PALE PURPLE
Grayish Lavender,227,PALE PURPLE
Heliotrope Gray,227,PALE PURPLE
Light Heliotrope Gray,227,PALE PURPLE
Light Varley’s Gray,227,PALE PURPLE
Light Vinaceous-Gray,227,PALE PURPLE
Lilac,227,PALE PURPLE
Pale Lavender-Violet,227,PALE PURPLE
Pale Lobelia Violet,227,PALE PURPLE
Pale Varley's Gray,227,PALE PURPLE
Plumbago Blue,227,PALE PURPLE
Rood's Lavender,227,PALE PURPLE
Vinaceous-Gray,227,PALE PURPLE
Dusty Mauve,227,PALE PURPLE
Dusty Orchid,227,PALE PURPLE
Lavender Mist,227,PALE PURPLE
Orchid Haze,227,PALE PURPLE
Orchid Mist,227,PALE PURPLE
Wistaria,227,PALE PURPLE
Lavender,227,PALE PURPLE
Dark Violet,227,PALE PURPLE
Dull Bluish Violet,227,PALE PURPLE
Dull Lilac,227,PALE PURPLE
Dull Reddish Violet,227,PALE PURPLE
Dull Violet,227,PALE PURPLE
Griseo-Lavendulus,227,PALE PURPLE
Lilac,227,PALE PURPLE
Lilacinus,227,PALE PURPLE
Pale Red Purple,227,PALE PURPLE
Rose,227,PALE PURPLE
Subvinoso-Griseus,227,PALE PURPLE
Violet,227,PALE PURPLE
Ageratum Violet,228,GRAYISH PURPLE
Amethyst (Violet),228,GRAYISH PURPLE
Ardoise,228,GRAYISH PURPLE
Aster,228,GRAYISH PURPLE
Catalpa,228,GRAYISH PURPLE
Crushed Violets,228,GRAYISH PURPLE
Del Monte,228,GRAYISH PURPLE
Digitalis,228,GRAYISH PURPLE
Eugenie,228,GRAYISH PURPLE
French Lilac,228,GRAYISH PURPLE
Heliotrope Grey,228,GRAYISH PURPLE
Judee,228,GRAYISH PURPLE
La Vallifcre,228,GRAYISH PURPLE
Litho Purple,228,GRAYISH PURPLE
Lobelia Violet,228,GRAYISH PURPLE
Old Lilac,228,GRAYISH PURPLE
Palestine,228,GRAYISH PURPLE
Ramier Blue,228,GRAYISH PURPLE
Scabiosa,228,GRAYISH PURPLE
Shark,228,GRAYISH PURPLE
Telegraph Blue,228,GRAYISH PURPLE
Vanda,228,GRAYISH PURPLE
Varley’s Grey,228,GRAYISH PURPLE
Vestal,228,GRAYISH PURPLE
Yvette Violet,228,GRAYISH PURPLE
Del Monte,228,GRAYISH PURPLE
Lilac Gray,228,GRAYISH PURPLE
Lilac Shadow,228,GRAYISH PURPLE
Mood Violet,228,GRAYISH PURPLE
Mulberry,228,GRAYISH PURPLE
Romance,228,GRAYISH PURPLE
Secret,228,GRAYISH PURPLE
Shadow Lilac,228,GRAYISH PURPLE
Shadow Mauve,228,GRAYISH PURPLE
Slate Orchid,228,GRAYISH PURPLE
Slate Violet,228,GRAYISH PURPLE
Sorcerer,228,GRAYISH PURPLE
Wineberry,228,GRAYISH PURPLE
Wisteria Gray,228,GRAYISH PURPLE
Wisteria Mist,228,GRAYISH PURPLE
Blanc's Violet,228,GRAYISH PURPLE
Dark Heliotrope Gray,228,GRAYISH PURPLE
Dark Hyssop Violet,228,GRAYISH PURPLE
Dark Plumbago Gray,228,GRAYISH PURPLE
Dark Purple-Drab,228,GRAYISH PURPLE
Dark Slate-Violet (2),228,GRAYISH PURPLE
Dark Vinaceous-Gray,228,GRAYISH PURPLE
Deep Heliotrope Gray,228,GRAYISH PURPLE
Deep Slate-Violet,228,GRAYISH PURPLE
Deep Varley's Gray,228,GRAYISH PURPLE
Deep Vinaceous-Gray,228,GRAYISH PURPLE
Dusky Dull Violet (2),228,GRAYISH PURPLE
Heliotrope-Gray,228,GRAYISH PURPLE
Heliotrope-Slate,228,GRAYISH PURPLE
Light Purple-Drab,228,GRAYISH PURPLE
Livid Violet,228,GRAYISH PURPLE
Madder Blue,228,GRAYISH PURPLE
Purple-Drab,228,GRAYISH PURPLE
"Purplish Gray. . .LI 11 67""'""",228,GRAYISH PURPLE
Ramier Blue,228,GRAYISH PURPLE
Slate Purple,228,GRAYISH PURPLE
Slate-Violet (2),228,GRAYISH PURPLE
Varley's Gray,228,GRAYISH PURPLE
Vinaceous-Gray,228,GRAYISH PURPLE
Vinaceous-Slate,228,GRAYISH PURPLE
Dusty Lavender,228,GRAYISH PURPLE
Dusty Lilac,228,GRAYISH PURPLE
Dusty Mauve,228,GRAYISH PURPLE
Dusty Orchid,228,GRAYISH PURPLE
Fog Blue,228,GRAYISH PURPLE
Heather,228,GRAYISH PURPLE
Mauve Gray,228,GRAYISH PURPLE
Old Lavender,228,GRAYISH PURPLE
Orchid Gray,228,GRAYISH PURPLE
Orchid Taupe,228,GRAYISH PURPLE
Rose Mauve,228,GRAYISH PURPLE
Rose Taupe,228,GRAYISH PURPLE
Atrolividus,228,GRAYISH PURPLE
Atroviolaceus,228,GRAYISH PURPLE
Brown Purple,228,GRAYISH PURPLE
Claret Brown,228,GRAYISH PURPLE
Dark Violet,228,GRAYISH PURPLE
Dull Bluish Violet,228,GRAYISH PURPLE
Dull Bordeaux,228,GRAYISH PURPLE
Dull Reddish Violet,228,GRAYISH PURPLE
Dull Violet,228,GRAYISH PURPLE
Dull Violet,228,GRAYISH PURPLE
Grayish Purple,228,GRAYISH PURPLE
Grayish Red Purple,228,GRAYISH PURPLE
Griseo-Lavendulus,228,GRAYISH PURPLE
Lilac,228,GRAYISH PURPLE
Livido-Violaceus,228,GRAYISH PURPLE
Purple Brown,228,GRAYISH PURPLE
Purpureo-Ardesiacus,228,GRAYISH PURPLE
Purpureo-Griseus,228,GRAYISH PURPLE
Subvinoso-Griseus,228,GRAYISH PURPLE
Vinoso-Griseus,228,GRAYISH PURPLE
Violaceo-Ardesiacus,228,GRAYISH PURPLE
Violaceo-Griseus,228,GRAYISH PURPLE
Violet,228,GRAYISH PURPLE
Violet Brown,228,GRAYISH PURPLE
Burgundy,229,DARK GRAYISH PURPLE
Continental Blue,229,DARK GRAYISH PURPLE
Dante,229,DARK GRAYISH PURPLE
English Inde,229,DARK GRAYISH PURPLE
Goura,229,DARK GRAYISH PURPLE
Graphite,229,DARK GRAYISH PURPLE
Inde Blue,229,DARK GRAYISH PURPLE
Indebaudias,229,DARK GRAYISH PURPLE
Indian Blue,229,DARK GRAYISH PURPLE
Indico,229,DARK GRAYISH PURPLE
Indigo,229,DARK GRAYISH PURPLE
Hortensia,229,DARK GRAYISH PURPLE
Kurdistan,229,DARK GRAYISH PURPLE
Midnight,229,DARK GRAYISH PURPLE
Nightshade,229,DARK GRAYISH PURPLE
Sinbad,229,DARK GRAYISH PURPLE
Admiral,229,DARK GRAYISH PURPLE
Deep Purple,229,DARK GRAYISH PURPLE
Egg Plant .. 505 P4-a,229,DARK GRAYISH PURPLE
Grape,229,DARK GRAYISH PURPLE
Huckleberry,229,DARK GRAYISH PURPLE
Independence,229,DARK GRAYISH PURPLE
Nightshade,229,DARK GRAYISH PURPLE
Roman Purple,229,DARK GRAYISH PURPLE
Tempest,229,DARK GRAYISH PURPLE
Violet Pansy,229,DARK GRAYISH PURPLE
Wineberry,229,DARK GRAYISH PURPLE
Aniline Black,229,DARK GRAYISH PURPLE
Anthracene Purple,229,DARK GRAYISH PURPLE
Blanc's Violet,229,DARK GRAYISH PURPLE
Dark Anilihe Blue,229,DARK GRAYISH PURPLE
Dark Anthracene Violet,229,DARK GRAYISH PURPLE
Dark Heliotrope-Slate,229,DARK GRAYISH PURPLE
Dark Livid Purple,229,DARK GRAYISH PURPLE
Dark Madder Violet,229,DARK GRAYISH PURPLE
Dark Naphthalene Violet,229,DARK GRAYISH PURPLE
Dark Yvette Violet,229,DARK GRAYISH PURPLE
Deep Slaty Brown,229,DARK GRAYISH PURPLE
Diamin-Azo Blue,229,DARK GRAYISH PURPLE
Dull Dusky Purple,229,DARK GRAYISH PURPLE
Dull Violet-Black,229,DARK GRAYISH PURPLE
Dusky Brown,229,DARK GRAYISH PURPLE
Dusky Dull Violet-Blue,229,DARK GRAYISH PURPLE
"Dusky Purplish Gray _ LIU 67""'""m",229,DARK GRAYISH PURPLE
Dusky Slate-Violet,229,DARK GRAYISH PURPLE
Dusky Violet,229,DARK GRAYISH PURPLE
Indian Purple,229,DARK GRAYISH PURPLE
Mars Violet,229,DARK GRAYISH PURPLE
Raisin Black,229,DARK GRAYISH PURPLE
Slate-Violet(1),229,DARK GRAYISH PURPLE
Taupe Brown,229,DARK GRAYISH PURPLE
Black Plum,229,DARK GRAYISH PURPLE
Blackberry Wine,229,DARK GRAYISH PURPLE
Blue Plum,229,DARK GRAYISH PURPLE
Charcoal,229,DARK GRAYISH PURPLE
Dark Orchid Taupe,229,DARK GRAYISH PURPLE
Dark Prune,229,DARK GRAYISH PURPLE
Dark Purple Wine,229,DARK GRAYISH PURPLE
Deep Eggplant,229,DARK GRAYISH PURPLE
Deep Plum,229,DARK GRAYISH PURPLE
Deep Purple Wine,229,DARK GRAYISH PURPLE
Eggplant,229,DARK GRAYISH PURPLE
Grape Wine,229,DARK GRAYISH PURPLE
Mauve Taupe,229,DARK GRAYISH PURPLE
Mauve Wine,229,DARK GRAYISH PURPLE
Navy,229,DARK GRAYISH PURPLE
Orchid Taupe,229,DARK GRAYISH PURPLE
Plum,229,DARK GRAYISH PURPLE
Prune,229,DARK GRAYISH PURPLE
Purple Wine,229,DARK GRAYISH PURPLE
Red Plum,229,DARK GRAYISH PURPLE
Rose Mauve,229,DARK GRAYISH PURPLE
Storm Blue,229,DARK GRAYISH PURPLE
Atrolividus,229,DARK GRAYISH PURPLE
Atropurpureus,229,DARK GRAYISH PURPLE
Atrovinosus,229,DARK GRAYISH PURPLE
Atroviolaceus,229,DARK GRAYISH PURPLE
Black Violet,229,DARK GRAYISH PURPLE
Brunneo-Vinosus,229,DARK GRAYISH PURPLE
Dark Violet Brown,229,DARK GRAYISH PURPLE
Dull Bluish Violet,229,DARK GRAYISH PURPLE
Dull Bordeaux,229,DARK GRAYISH PURPLE
Dull Reddish Violet,229,DARK GRAYISH PURPLE
Dull Violet,229,DARK GRAYISH PURPLE
Fusco-Niger,229,DARK GRAYISH PURPLE
Fuscus,229,DARK GRAYISH PURPLE
Niger,229,DARK GRAYISH PURPLE
Purpureo-Ardesiacus,229,DARK GRAYISH PURPLE
Very Dusky Purple,229,DARK GRAYISH PURPLE
Very Dusky Red Purple,229,DARK GRAYISH PURPLE
Violaceo-Ardesiacus,229,DARK GRAYISH PURPLE
Violaceo-Niger,229,DARK GRAYISH PURPLE
Violet,229,DARK GRAYISH PURPLE
Admiral,230,BLACKISH PURPLE
Aubergine,230,BLACKISH PURPLE
Burgundy,230,BLACKISH PURPLE
Eggplant,230,BLACKISH PURPLE
Hortensia,230,BLACKISH PURPLE
Logwood,230,BLACKISH PURPLE
Navy 2,230,BLACKISH PURPLE
Oxford Blue,230,BLACKISH PURPLE
Sailor,230,BLACKISH PURPLE
Cathedral _ 569 Pb &-a,230,BLACKISH PURPLE
Deep Purple,230,BLACKISH PURPLE
Egg Plant,230,BLACKISH PURPLE
Dark Blue,230,BLACKISH PURPLE
Dark Eggplant,230,BLACKISH PURPLE
Dark Navy,230,BLACKISH PURPLE
P6-c,230,BLACKISH PURPLE
Pb 6-d,230,BLACKISH PURPLE
Pb 4-b,230,BLACKISH PURPLE
Pb 6-b,230,BLACKISH PURPLE
P 4-b,230,BLACKISH PURPLE
Bp 4-c,230,BLACKISH PURPLE
Pb 6-c,230,BLACKISH PURPLE
Pb 5-d,230,BLACKISH PURPLE
P 6-d,230,BLACKISH PURPLE
Pr 6-c,230,BLACKISH PURPLE
Pb 5-c,230,BLACKISH PURPLE
Bp 4-b,230,BLACKISH PURPLE
Rp 5-b,230,BLACKISH PURPLE
Bp 5-c,230,BLACKISH PURPLE
Pr 6-d,230,BLACKISH PURPLE
Dark Plum gi,230,BLACKISH PURPLE
Dark Prune,230,BLACKISH PURPLE
Dark Purple Wine,230,BLACKISH PURPLE
Eggplant,230,BLACKISH PURPLE
Black Violet,230,BLACKISH PURPLE
Dark Violet Brown,230,BLACKISH PURPLE
Dull Bluish Violet,230,BLACKISH PURPLE
Dull Bordeaux,230,BLACKISH PURPLE
Dull Reddish Violet,230,BLACKISH PURPLE
Dull Violet,230,BLACKISH PURPLE
Very Dusky Purple,230,BLACKISH PURPLE
Very Dusky Red Purple,230,BLACKISH PURPLE
Caprice Lavender,231,PURPLISH WHITE
Dream Fluff,231,PURPLISH WHITE
Fable,231,PURPLISH WHITE
Magical,231,PURPLISH WHITE
Placid,231,PURPLISH WHITE
Silver Sky,231,PURPLISH WHITE
Virginia Lavender,231,PURPLISH WHITE
Wafted Feather,231,PURPLISH WHITE
Wan Blue,231,PURPLISH WHITE
Orchid Tint,231,PURPLISH WHITE
Lilac,231,PURPLISH WHITE
Reddish White,231,PURPLISH WHITE
French White,232,LIGHT PURPLISH GRAY
Dove Gray,232,LIGHT PURPLISH GRAY
Moonbeam,232,LIGHT PURPLISH GRAY
Nocturne,232,LIGHT PURPLISH GRAY
Sea Fog,232,LIGHT PURPLISH GRAY
Silver Sky,232,LIGHT PURPLISH GRAY
Silver Wing,232,LIGHT PURPLISH GRAY
Wafted Feather,232,LIGHT PURPLISH GRAY
Light Vinaceous-Gray,232,LIGHT PURPLISH GRAY
Lilac Gray,232,LIGHT PURPLISH GRAY
"Pale Quaker Drab. .. LI 1 """"'d",232,LIGHT PURPLISH GRAY
Pallid Purple-Drab,232,LIGHT PURPLISH GRAY
"Pallid Purplish Gray . LI 11 67""'""f",232,LIGHT PURPLISH GRAY
Pallid Quaker Drab,232,LIGHT PURPLISH GRAY
Pallid Vinaceous-Drab,232,LIGHT PURPLISH GRAY
Orchid Haze,232,LIGHT PURPLISH GRAY
Orchid Mist,232,LIGHT PURPLISH GRAY
Gray,232,LIGHT PURPLISH GRAY
Gray Blue,232,LIGHT PURPLISH GRAY
Gray Lilac,232,LIGHT PURPLISH GRAY
Lavendulo-Griseus,232,LIGHT PURPLISH GRAY
Lilac,232,LIGHT PURPLISH GRAY
Lilac Gray,232,LIGHT PURPLISH GRAY
Purplish Blue,232,LIGHT PURPLISH GRAY
Reddish Gray,232,LIGHT PURPLISH GRAY
Subpurpureo-Griseus,232,LIGHT PURPLISH GRAY
Subvinoso-Griseus,232,LIGHT PURPLISH GRAY
Art Grey,233,PURPLISH GRAY
Cinder (Grey 1,233,PURPLISH GRAY
Cloud Grey,233,PURPLISH GRAY
Crane,233,PURPLISH GRAY
Crystal Grey,233,PURPLISH GRAY
Dove Grey _ 45 B1,233,PURPLISH GRAY
Granite,233,PURPLISH GRAY
Grey Dawn,233,PURPLISH GRAY
Gull Grey,233,PURPLISH GRAY
Heliotrope Grey,233,PURPLISH GRAY
Irisglow _ 44 B3,233,PURPLISH GRAY
Metallic Grey,233,PURPLISH GRAY
Plumbago Blue,233,PURPLISH GRAY
Plumbago Grey,233,PURPLISH GRAY
Prince Grey,233,PURPLISH GRAY
Quaker,233,PURPLISH GRAY
Sea Mist,233,PURPLISH GRAY
Silver Wing,233,PURPLISH GRAY
Tapestry,233,PURPLISH GRAY
Wild Iris,233,PURPLISH GRAY
Zinc,233,PURPLISH GRAY
Gull Gray,233,PURPLISH GRAY
London Fog,233,PURPLISH GRAY
Quaker,233,PURPLISH GRAY
Silver Wing,233,PURPLISH GRAY
Dark Plumbago Gray,233,PURPLISH GRAY
Deep Plumbago Gray,233,PURPLISH GRAY
Deep Violet-Gray,233,PURPLISH GRAY
Light Plumbago Gray,233,PURPLISH GRAY
"Light Purplish Gray _ LIU 67""""'b",233,PURPLISH GRAY
Light Quaker Drab,233,PURPLISH GRAY
Light Vinaceous-Gray,233,PURPLISH GRAY
"Light Violet-Gray. . Lll 59""'""b",233,PURPLISH GRAY
"Pale Purplish Gray _ LIU 67""'""d",233,PURPLISH GRAY
Pale Quaker Drab,233,PURPLISH GRAY
"Pale Violet Gray _ Lll 59""'""d",233,PURPLISH GRAY
Plumbago Gray,233,PURPLISH GRAY
Quaker Drab,233,PURPLISH GRAY
"Violet-Gray . . . Lll 59""'""",233,PURPLISH GRAY
Dusk,233,PURPLISH GRAY
Slate,233,PURPLISH GRAY
Taupe Gray,233,PURPLISH GRAY
Steel,233,PURPLISH GRAY
Dark Violet,233,PURPLISH GRAY
Gray Violet,233,PURPLISH GRAY
Griseo-Lavendulus,233,PURPLISH GRAY
Lavendulo-Griseus,233,PURPLISH GRAY
Lilac,233,PURPLISH GRAY
Purpureo-Griseus,233,PURPLISH GRAY
Reddish Gray,233,PURPLISH GRAY
Subpurpureo-Griseus,233,PURPLISH GRAY
Subvinoso-Griseus,233,PURPLISH GRAY
Violaceo-Griseus,233,PURPLISH GRAY
"Dusk .,",234,DARK PURPLISH GRAY
Grebe,234,DARK PURPLISH GRAY
Lead,234,DARK PURPLISH GRAY
Leadville,234,DARK PURPLISH GRAY
Livid,234,DARK PURPLISH GRAY
Pigeon,234,DARK PURPLISH GRAY
Plumbaceous,234,DARK PURPLISH GRAY
Plumbago Slate,234,DARK PURPLISH GRAY
Shark,234,DARK PURPLISH GRAY
Slate [Color],234,DARK PURPLISH GRAY
Squirrel,234,DARK PURPLISH GRAY
Continental Blue,234,DARK PURPLISH GRAY
Deep Reverie,234,DARK PURPLISH GRAY
Gray Mood,234,DARK PURPLISH GRAY
Night Fighter,234,DARK PURPLISH GRAY
Nightshade,234,DARK PURPLISH GRAY
Roman Purple,234,DARK PURPLISH GRAY
Slate,234,DARK PURPLISH GRAY
Aniline Black,234,DARK PURPLISH GRAY
"Blackish Violet-Gray . Lll 59""'""m",234,DARK PURPLISH GRAY
Blue-Violet Black,234,DARK PURPLISH GRAY
Dark Heliotrope-Slate,234,DARK PURPLISH GRAY
Dark Plumbago Gray,234,DARK PURPLISH GRAY
Dark Plumbago-Slate,234,DARK PURPLISH GRAY
Dark Purplish Gray,234,DARK PURPLISH GRAY
Dark Quaker Drab,234,DARK PURPLISH GRAY
Dark Slate-Violet (1),234,DARK PURPLISH GRAY
Dark Varley’s Gray,234,DARK PURPLISH GRAY
Dark Violet-Gray,234,DARK PURPLISH GRAY
Deep Purplish Gray,234,DARK PURPLISH GRAY
Deep Quaker Drab,234,DARK PURPLISH GRAY
Deep Varley's Gray,234,DARK PURPLISH GRAY
Deep Violet-Gray,234,DARK PURPLISH GRAY
Dull Purplish Black,234,DARK PURPLISH GRAY
Dull Violet-Black (1),234,DARK PURPLISH GRAY
Dull Violet-Black (3),234,DARK PURPLISH GRAY
Dusky Brown,234,DARK PURPLISH GRAY
Dusky Purplish Gray,234,DARK PURPLISH GRAY
Dusky Slate-Violet,234,DARK PURPLISH GRAY
Plumbago-Slate,234,DARK PURPLISH GRAY
Purplish Gray,234,DARK PURPLISH GRAY
Slate-Violet (1),234,DARK PURPLISH GRAY
Black Plum,234,DARK PURPLISH GRAY
Charcoal,234,DARK PURPLISH GRAY
Dark Blue,234,DARK PURPLISH GRAY
Dark Eggplant,234,DARK PURPLISH GRAY
Dark Mauve Taupe,234,DARK PURPLISH GRAY
Dark Navy,234,DARK PURPLISH GRAY
Dark Orchid Taupe,234,DARK PURPLISH GRAY
Dark Plum,234,DARK PURPLISH GRAY
Dark Prune,234,DARK PURPLISH GRAY
Dark Purple Wine,234,DARK PURPLISH GRAY
Eggplant,234,DARK PURPLISH GRAY
Mauve Taupe,234,DARK PURPLISH GRAY
Midnight Blue,234,DARK PURPLISH GRAY
Slate,234,DARK PURPLISH GRAY
Taupe Gray,234,DARK PURPLISH GRAY
Atroardesiacus,234,DARK PURPLISH GRAY
Fusco-Niger,234,DARK PURPLISH GRAY
Fuscus,234,DARK PURPLISH GRAY
Niger,234,DARK PURPLISH GRAY
Purpureo-Griseus,234,DARK PURPLISH GRAY
Reddish Gray,234,DARK PURPLISH GRAY
Violaceo-Ardesiacus,234,DARK PURPLISH GRAY
Violaceo-Griseus,234,DARK PURPLISH GRAY
Violaceo-Niger,234,DARK PURPLISH GRAY
Violet Black,234,DARK PURPLISH GRAY
Admiral,235,PURPLISH BLACK
Aubergine,235,PURPLISH BLACK
Continental Blue,235,PURPLISH BLACK
Eggplant,235,PURPLISH BLACK
Kurdistan,235,PURPLISH BLACK
Logwood,235,PURPLISH BLACK
Morello,235,PURPLISH BLACK
Mulberry,235,PURPLISH BLACK
Murrey,235,PURPLISH BLACK
Old Lavender,235,PURPLISH BLACK
Raisin Black,235,PURPLISH BLACK
Sailor,235,PURPLISH BLACK
Sinbad,235,PURPLISH BLACK
Deep Purple,235,PURPLISH BLACK
Black Plum,235,PURPLISH BLACK
Reddish Black,235,PURPLISH BLACK
Caprice,236,VIVID REDDISH PURPLE
Cellini,236,VIVID REDDISH PURPLE
Ecclesiastic,236,VIVID REDDISH PURPLE
Fuchsia,236,VIVID REDDISH PURPLE
Mallow Purple,236,VIVID REDDISH PURPLE
Purple (True),236,VIVID REDDISH PURPLE
Bright Red-Violet,236,VIVID REDDISH PURPLE
Bright Reddish Violet,236,VIVID REDDISH PURPLE
Cyclamen Purple,236,VIVID REDDISH PURPLE
Mallow Purple,236,VIVID REDDISH PURPLE
Orchid Purple,236,VIVID REDDISH PURPLE
Persian Rose,236,VIVID REDDISH PURPLE
Petunia Purple,236,VIVID REDDISH PURPLE
Phlox Purple,236,VIVID REDDISH PURPLE
Plum,236,VIVID REDDISH PURPLE
Purpureus,236,VIVID REDDISH PURPLE
Roseine Purple,236,VIVID REDDISH PURPLE
Ecclesiastic,237,STRONG REDDISH
Liseran Purple,237,STRONG REDDISH
Meadow Violet,237,STRONG REDDISH
Patricia,237,STRONG REDDISH
Phlox Purple,237,STRONG REDDISH
Thistle Bloom,237,STRONG REDDISH
Dark Fuchsia,237,STRONG REDDISH
Monsignor,237,STRONG REDDISH
Pink Rapture,237,STRONG REDDISH
Dull Dark Purple,237,STRONG REDDISH
Dull Magenta Purple,237,STRONG REDDISH
Liseran Purple,237,STRONG REDDISH
Magenta,237,STRONG REDDISH
Phlox Purple,237,STRONG REDDISH
Tourmaline Pink,237,STRONG REDDISH
Tyrian Pink,237,STRONG REDDISH
Bright Fuchsia Purple,237,STRONG REDDISH
Fuchsia Purple,237,STRONG REDDISH
Light Fuchsia Purple,237,STRONG REDDISH
Orchid,237,STRONG REDDISH
Purple Orchid,237,STRONG REDDISH
Atropurpureus,237,STRONG REDDISH
Bright Red-Violet,237,STRONG REDDISH
Lilac Rose,237,STRONG REDDISH
Lilacinus,237,STRONG REDDISH
Magenta,237,STRONG REDDISH
Malvaceus,237,STRONG REDDISH
Purpureus,237,STRONG REDDISH
Red Violet,237,STRONG REDDISH
Reddish Violet,237,STRONG REDDISH
Rose Lilac,237,STRONG REDDISH
Roseus,237,STRONG REDDISH
Amaranth,238,DEEP REDDISH PURPLE
Amaranthine,238,DEEP REDDISH PURPLE
Auricula Purple,238,DEEP REDDISH PURPLE
Botticelli,238,DEEP REDDISH PURPLE
Byzantium,238,DEEP REDDISH PURPLE
Cotinga Purple,238,DEEP REDDISH PURPLE
Imperial,238,DEEP REDDISH PURPLE
Oriental Fuchsia,238,DEEP REDDISH PURPLE
Phlox,238,DEEP REDDISH PURPLE
Raisin Purple,238,DEEP REDDISH PURPLE
Thistletuft,238,DEEP REDDISH PURPLE
Wild Aster,238,DEEP REDDISH PURPLE
Heliotrope,238,DEEP REDDISH PURPLE
Dull Dark Purple,238,DEEP REDDISH PURPLE
Rood's Violet,238,DEEP REDDISH PURPLE
Bright Fuchsia Purple,238,DEEP REDDISH PURPLE
Fuchsia Purple,238,DEEP REDDISH PURPLE
Atropurpureus,238,DEEP REDDISH PURPLE
Deep Violet,238,DEEP REDDISH PURPLE
Doge Purple,238,DEEP REDDISH PURPLE
Plum,238,DEEP REDDISH PURPLE
Purpureus,238,DEEP REDDISH PURPLE
Red Purple,238,DEEP REDDISH PURPLE
Red Violet,238,DEEP REDDISH PURPLE
Reddish Violet,238,DEEP REDDISH PURPLE
Rose Violet,238,DEEP REDDISH PURPLE
Violet,238,DEEP REDDISH PURPLE
Violet Purple,238,DEEP REDDISH PURPLE
Reddish Violet,239,VERY DEEP REDDISH
Opera Mauve,240,LIGHT REDDISH PURPLE
Orchadee,240,LIGHT REDDISH PURPLE
Rose-Purple,240,LIGHT REDDISH PURPLE
Cuban Orchid,240,LIGHT REDDISH PURPLE
First Lady,240,LIGHT REDDISH PURPLE
Opera Mauve,240,LIGHT REDDISH PURPLE
Wild Orchid,240,LIGHT REDDISH PURPLE
Eupatorium Purple,240,LIGHT REDDISH PURPLE
Laelia Pink,240,LIGHT REDDISH PURPLE
Light Vinaceous-Lilac,240,LIGHT REDDISH PURPLE
Liseran Purple...:,240,LIGHT REDDISH PURPLE
Purplish Lilac,240,LIGHT REDDISH PURPLE
Orchid,240,LIGHT REDDISH PURPLE
Crocus,240,LIGHT REDDISH PURPLE
Lilacinus,240,LIGHT REDDISH PURPLE
Livido-Purpureus,240,LIGHT REDDISH PURPLE
Red Violet,240,LIGHT REDDISH PURPLE
Reddish Violet,240,LIGHT REDDISH PURPLE
Rose Lilac,240,LIGHT REDDISH PURPLE
Violet,240,LIGHT REDDISH PURPLE
Antique Fuchsia,241,MODERATE REDDISH
Bishop's Purple,241,MODERATE REDDISH
Bishop's Violet,241,MODERATE REDDISH
Bougainville,241,MODERATE REDDISH
Claver,241,MODERATE REDDISH
Clover,241,MODERATE REDDISH
Dahlia Mauve,241,MODERATE REDDISH
Eupatorium Purple,241,MODERATE REDDISH
Geisha,241,MODERATE REDDISH
Lilium,241,MODERATE REDDISH
Melilot,241,MODERATE REDDISH
Ophelia,241,MODERATE REDDISH
Verbena,241,MODERATE REDDISH
Antique Fuchsia,241,MODERATE REDDISH
Caprice Pink,241,MODERATE REDDISH
Mystic Purple,241,MODERATE REDDISH
Pansy Purple,241,MODERATE REDDISH
Purple Aster,241,MODERATE REDDISH
Verbena Lavender,241,MODERATE REDDISH
Argyle Purple,241,MODERATE REDDISH
Bishop's Purple,241,MODERATE REDDISH
Dull Dark Purple,241,MODERATE REDDISH
Eupatorium Purple,241,MODERATE REDDISH
Light Perilla Purple,241,MODERATE REDDISH
Liseran Purple,241,MODERATE REDDISH
livid Purple,241,MODERATE REDDISH
Fuchsia Purple,241,MODERATE REDDISH
Orchid,241,MODERATE REDDISH
Heliotrope,241,MODERATE REDDISH
Atropurpureus,241,MODERATE REDDISH
Lilac,241,MODERATE REDDISH
Lilacinus,241,MODERATE REDDISH
Livido-Purpureus,241,MODERATE REDDISH
Mauve,241,MODERATE REDDISH
Pansy Violet,241,MODERATE REDDISH
Purple,241,MODERATE REDDISH
Red Violet,241,MODERATE REDDISH
Reddish Violet,241,MODERATE REDDISH
Rose Violet,241,MODERATE REDDISH
Byzantium,242,DARK REDDISH PURPLE
Coronation,242,DARK REDDISH PURPLE
Cotinga Purple,242,DARK REDDISH PURPLE
Dante,242,DARK REDDISH PURPLE
Heliotrope,242,DARK REDDISH PURPLE
Imperial,242,DARK REDDISH PURPLE
Pansy Violet,242,DARK REDDISH PURPLE
Prune,242,DARK REDDISH PURPLE
Roman Violet,242,DARK REDDISH PURPLE
Romanesque,242,DARK REDDISH PURPLE
Titania,242,DARK REDDISH PURPLE
Violet Carmine,242,DARK REDDISH PURPLE
Heliotrope,242,DARK REDDISH PURPLE
Hortensia,242,DARK REDDISH PURPLE
Pansy Purple,242,DARK REDDISH PURPLE
Blackish Purple,242,DARK REDDISH PURPLE
Burnt Lake,242,DARK REDDISH PURPLE
Dark Maroon Purple,242,DARK REDDISH PURPLE
Dark Naphthalene Violet,242,DARK REDDISH PURPLE
Dark Slate-Purple,242,DARK REDDISH PURPLE
Dull Dusky Purple,242,DARK REDDISH PURPLE
Dusky Auricula Purple,242,DARK REDDISH PURPLE
Naphthalene Violet,242,DARK REDDISH PURPLE
Raisin Purple,242,DARK REDDISH PURPLE
Eggplant,242,DARK REDDISH PURPLE
Fuchsia Purple,242,DARK REDDISH PURPLE
Grape Wine,242,DARK REDDISH PURPLE
Plum Wine,242,DARK REDDISH PURPLE
Royal Purple,242,DARK REDDISH PURPLE
Atrolividus,242,DARK REDDISH PURPLE
Atropurpureus,242,DARK REDDISH PURPLE
Magenta,242,DARK REDDISH PURPLE
Purple,242,DARK REDDISH PURPLE
Purpureo-Ardesiacus,242,DARK REDDISH PURPLE
Reddish Violet,242,DARK REDDISH PURPLE
Sanguineus,242,DARK REDDISH PURPLE
Cyclamen,243,VERY DARK REDDISH
Blackish Purple,243,VERY DARK REDDISH
Deep Eggplant,243,VERY DARK REDDISH
Deep Plum,243,VERY DARK REDDISH
Grape Wine,243,VERY DARK REDDISH
Plum,243,VERY DARK REDDISH
Atropurpureus,243,VERY DARK REDDISH
Reddish Violet,243,VERY DARK REDDISH
Anemone,244,PALE REDDISH PURPLE
Argyle Purple,244,PALE REDDISH PURPLE
Crocus,244,PALE REDDISH PURPLE
Morning Glory,244,PALE REDDISH PURPLE
Charm School,244,PALE REDDISH PURPLE
Diadem,244,PALE REDDISH PURPLE
Heliotrope Gray,244,PALE REDDISH PURPLE
Vanda,244,PALE REDDISH PURPLE
Deep Vinaceous-Lavender,244,PALE REDDISH PURPLE
Light Vinaceous-Lilac,244,PALE REDDISH PURPLE
Dusty Orchid,244,PALE REDDISH PURPLE
Dull Reddish Violet,244,PALE REDDISH PURPLE
Griseo-Lilacinus,244,PALE REDDISH PURPLE
Lilac,244,PALE REDDISH PURPLE
Lilacinus,244,PALE REDDISH PURPLE
Violet,244,PALE REDDISH PURPLE
Argyle Purple,245,GRAYISH REDDISH
Campanula Purple,245,GRAYISH REDDISH
Campanula Violet,245,GRAYISH REDDISH
Crocus,245,GRAYISH REDDISH
Old Lilac,245,GRAYISH REDDISH
Ophelia,245,GRAYISH REDDISH
Ophelia,245,GRAYISH REDDISH
Rosemary,245,GRAYISH REDDISH
Vanda,245,GRAYISH REDDISH
Vestal,245,GRAYISH REDDISH
Wild Orchid,245,GRAYISH REDDISH
Amethyst,245,GRAYISH REDDISH
French Lilac . 508 P4-d,245,GRAYISH REDDISH
Tropic Night,245,GRAYISH REDDISH
Light Perilla Purple,245,GRAYISH REDDISH
Light Vinaceous-Purple,245,GRAYISH REDDISH
Slate-Purple,245,GRAYISH REDDISH
Vinaceous-Purple (2),245,GRAYISH REDDISH
Dusty Orchid,245,GRAYISH REDDISH
Heather,245,GRAYISH REDDISH
Rose Plum,245,GRAYISH REDDISH
Dull Reddish Violet,245,GRAYISH REDDISH
Dull Violet,245,GRAYISH REDDISH
Livido-Purpureus,245,GRAYISH REDDISH
Purple,245,GRAYISH REDDISH
Purpureo-Ardesiacus,245,GRAYISH REDDISH
Vinoso-Purpureus,245,GRAYISH REDDISH
Violet,245,GRAYISH REDDISH
Beauty Pink,246,BRILLIANT PURPLISH
Pink Carnation,246,BRILLIANT PURPLISH
Pink Powder,246,BRILLIANT PURPLISH
Sussanqua Pink,246,BRILLIANT PURPLISH
Tourmaline Pink,246,BRILLIANT PURPLISH
Cameo Pink,246,BRILLIANT PURPLISH
Rosolane Pink,246,BRILLIANT PURPLISH
Bluish Pink,246,BRILLIANT PURPLISH
Pink,246,BRILLIANT PURPLISH
Roseus,246,BRILLIANT PURPLISH
Arbutus,247,STRONG PURPLISH PINK
Aurora Pink,247,STRONG PURPLISH PINK
Charm Pink,247,STRONG PURPLISH PINK
Fuchsia Pink,247,STRONG PURPLISH PINK
Iris Orchid,247,STRONG PURPLISH PINK
Quality Pink,247,STRONG PURPLISH PINK
Ruffled Petunia,247,STRONG PURPLISH PINK
Sussanqua Pink,247,STRONG PURPLISH PINK
Deep Rose Pink,247,STRONG PURPLISH PINK
Mallow Pink,247,STRONG PURPLISH PINK
Pale Amaranth Pink,247,STRONG PURPLISH PINK
Thulite Pink,247,STRONG PURPLISH PINK
Amaranth Rose,247,STRONG PURPLISH PINK
Bluish Pink,247,STRONG PURPLISH PINK
Pink,247,STRONG PURPLISH PINK
Rhodamine Pink,247,STRONG PURPLISH PINK
Rose,247,STRONG PURPLISH PINK
Roseus,247,STRONG PURPLISH PINK
Amaranth Pink,248,DEEP PURPLISH PINK
Arbutus,248,DEEP PURPLISH PINK
Rosebud,248,DEEP PURPLISH PINK
Sweet Briar,248,DEEP PURPLISH PINK
Thulite Pink,248,DEEP PURPLISH PINK
Valencia,248,DEEP PURPLISH PINK
China Pink,248,DEEP PURPLISH PINK
First Lady,248,DEEP PURPLISH PINK
Fuchsia Pink,248,DEEP PURPLISH PINK
Iris Orchid,248,DEEP PURPLISH PINK
Mayflower,248,DEEP PURPLISH PINK
Morning Glory,248,DEEP PURPLISH PINK
Phlox Pink,248,DEEP PURPLISH PINK
Rose Garden,248,DEEP PURPLISH PINK
Rose Marie,248,DEEP PURPLISH PINK
Amaranth Pink,248,DEEP PURPLISH PINK
Daphne Pink,248,DEEP PURPLISH PINK
Laelia Pink,248,DEEP PURPLISH PINK
Light Mallow Purple,248,DEEP PURPLISH PINK
Light Phlox Purple,248,DEEP PURPLISH PINK
Light Rosolane Purple,248,DEEP PURPLISH PINK
Liseran Purple,248,DEEP PURPLISH PINK
Mallow Purple,248,DEEP PURPLISH PINK
Pale Rosolane Purple,248,DEEP PURPLISH PINK
Rocellin Purple,248,DEEP PURPLISH PINK
Rose Color,248,DEEP PURPLISH PINK
Tourmaline Pink,248,DEEP PURPLISH PINK
Fuchsia Pink,248,DEEP PURPLISH PINK
Light Orchid Rose,248,DEEP PURPLISH PINK
Orchid,248,DEEP PURPLISH PINK
Orchid Rose,248,DEEP PURPLISH PINK
Bluish Pink,248,DEEP PURPLISH PINK
Bright Rose,248,DEEP PURPLISH PINK
Bright Rose Violet,248,DEEP PURPLISH PINK
Carmine Rose,248,DEEP PURPLISH PINK
Fuchsine Pink,248,DEEP PURPLISH PINK
Griseo-Roseus,248,DEEP PURPLISH PINK
Lilac Rose,248,DEEP PURPLISH PINK
Lilacinus,248,DEEP PURPLISH PINK
Malvaceus,248,DEEP PURPLISH PINK
Neyron Rose,248,DEEP PURPLISH PINK
Phlox Pink,248,DEEP PURPLISH PINK
Pink,248,DEEP PURPLISH PINK
Rose,248,DEEP PURPLISH PINK
Roseus,248,DEEP PURPLISH PINK
Angel Wing,249,LIGHT PURPLISH PINK
Bridesmaid Pink,249,LIGHT PURPLISH PINK
Cameo Pink,249,LIGHT PURPLISH PINK
Charm,249,LIGHT PURPLISH PINK
Clementine,249,LIGHT PURPLISH PINK
Crocus Rose,249,LIGHT PURPLISH PINK
Dawn Pink,249,LIGHT PURPLISH PINK
Dignity,249,LIGHT PURPLISH PINK
Dream Stuff,249,LIGHT PURPLISH PINK
Lover's Knot,249,LIGHT PURPLISH PINK
Pink Icing,249,LIGHT PURPLISH PINK
Pouf du Vent,249,LIGHT PURPLISH PINK
Prism Pink,249,LIGHT PURPLISH PINK
Rosea,249,LIGHT PURPLISH PINK
Stellar,249,LIGHT PURPLISH PINK
Teen Age Pink,249,LIGHT PURPLISH PINK
Tourmaline Pink,249,LIGHT PURPLISH PINK
Vamp,249,LIGHT PURPLISH PINK
Cameo Pink,249,LIGHT PURPLISH PINK
Light Pinkish Lilac,249,LIGHT PURPLISH PINK
Mauvette,249,LIGHT PURPLISH PINK
Pale Laelia Pink,249,LIGHT PURPLISH PINK
Pale Rhodonite Pink,249,LIGHT PURPLISH PINK
Pale Vinaceous-Lilac,249,LIGHT PURPLISH PINK
Rose Pink,249,LIGHT PURPLISH PINK
Rosolane Pink,249,LIGHT PURPLISH PINK
Geranium Pink m.. . ly ea,249,LIGHT PURPLISH PINK
Light Orchid,249,LIGHT PURPLISH PINK
Orchid Pink,249,LIGHT PURPLISH PINK
Rose Pink,249,LIGHT PURPLISH PINK
Bluish Pink,249,LIGHT PURPLISH PINK
Gray Lilac,249,LIGHT PURPLISH PINK
Griseo-Roseus,249,LIGHT PURPLISH PINK
Lilac Rose,249,LIGHT PURPLISH PINK
Lilacinus,249,LIGHT PURPLISH PINK
Red Violet,249,LIGHT PURPLISH PINK
Rose,249,LIGHT PURPLISH PINK
Rose Pink,249,LIGHT PURPLISH PINK
Roseus,249,LIGHT PURPLISH PINK
Mallow Pink,250,MODERATE PURPLISH
Aurora Pink,250,MODERATE PURPLISH
Blackberry Cream,250,MODERATE PURPLISH
Candida,250,MODERATE PURPLISH
Cuban Orchid,250,MODERATE PURPLISH
Light Mauve,250,MODERATE PURPLISH
Nymph Pink,250,MODERATE PURPLISH
Quality Pink,250,MODERATE PURPLISH
Serenity,250,MODERATE PURPLISH
Light Vinaceous-Lilac,250,MODERATE PURPLISH
Pale Laelia Pink,250,MODERATE PURPLISH
Pale Persian Lilac,250,MODERATE PURPLISH
Purplish Lilac,250,MODERATE PURPLISH
Fuchsia Pink,250,MODERATE PURPLISH
Geranium Pink,250,MODERATE PURPLISH
Light Orchid,250,MODERATE PURPLISH
Light Orchid Rose,250,MODERATE PURPLISH
Light Rose,250,MODERATE PURPLISH
Orchid,250,MODERATE PURPLISH
Orchid Pink,250,MODERATE PURPLISH
Pink m ... iy,250,MODERATE PURPLISH
Rose Pink,250,MODERATE PURPLISH
Vassar Rose,250,MODERATE PURPLISH
Bluish Pink,250,MODERATE PURPLISH
Dull Rose,250,MODERATE PURPLISH
Griseo-Roseus,250,MODERATE PURPLISH
Lilacinus,250,MODERATE PURPLISH
Red Violet,250,MODERATE PURPLISH
Rose Lilac,250,MODERATE PURPLISH
Violet,250,MODERATE PURPLISH
Cosmos,251,DARK PURPLISH PINK
Laelia Pink,251,DARK PURPLISH PINK
Persian Lilac,251,DARK PURPLISH PINK
Rhodonite Pink,251,DARK PURPLISH PINK
Rosebud,251,DARK PURPLISH PINK
Starflower,251,DARK PURPLISH PINK
Ashes of Roses,251,DARK PURPLISH PINK
Clover,251,DARK PURPLISH PINK
Daphne Pink,251,DARK PURPLISH PINK
Mayflower,251,DARK PURPLISH PINK
Orchid Mauve,251,DARK PURPLISH PINK
Vivid,251,DARK PURPLISH PINK
Daphne Pink,251,DARK PURPLISH PINK
Persian Lilac,251,DARK PURPLISH PINK
Rhodonite Pink,251,DARK PURPLISH PINK
Rocellin Purple,251,DARK PURPLISH PINK
Vinaceous-Lilac,251,DARK PURPLISH PINK
"Taylor, Knoche,",251,DARK PURPLISH PINK
Granville,251,DARK PURPLISH PINK
Clover Pink,251,DARK PURPLISH PINK
Dusty Rose,251,DARK PURPLISH PINK
Rose,251,DARK PURPLISH PINK
Bluish Pink,251,DARK PURPLISH PINK
Claret,251,DARK PURPLISH PINK
Deep Rose,251,DARK PURPLISH PINK
Griseo-Roseus,251,DARK PURPLISH PINK
Rose,251,DARK PURPLISH PINK
Rose Lilac,251,DARK PURPLISH PINK
Vinoso-Lividus,251,DARK PURPLISH PINK
French White,252,PALE PURPLISH PINK
After Glow,252,PALE PURPLISH PINK
Coquette,252,PALE PURPLISH PINK
Corsage Pink,252,PALE PURPLISH PINK
Dawn Glow,252,PALE PURPLISH PINK
Dignity,252,PALE PURPLISH PINK
Heavenly Orchid,252,PALE PURPLISH PINK
Mauvette,252,PALE PURPLISH PINK
Personal,252,PALE PURPLISH PINK
Pink Lavender,252,PALE PURPLISH PINK
Pink Mist,252,PALE PURPLISH PINK
Pink Orchid,252,PALE PURPLISH PINK
Pouf du Vent,252,PALE PURPLISH PINK
Queen Pink,252,PALE PURPLISH PINK
Romance,252,PALE PURPLISH PINK
Seance,252,PALE PURPLISH PINK
Thistle Down,252,PALE PURPLISH PINK
Pale Lilac,252,PALE PURPLISH PINK
Pale Vinaceous-Lilac,252,PALE PURPLISH PINK
Pallid Vinaceous-Drab,252,PALE PURPLISH PINK
Baby Pink,252,PALE PURPLISH PINK
Light Orchid Pink,252,PALE PURPLISH PINK
Mauve Pink,252,PALE PURPLISH PINK
Pale Lilac,252,PALE PURPLISH PINK
Pale Orchid,252,PALE PURPLISH PINK
Pale Pink,252,PALE PURPLISH PINK
Bluish Pink,252,PALE PURPLISH PINK
Lilac,252,PALE PURPLISH PINK
Lilacinus,252,PALE PURPLISH PINK
Pale Lilac,252,PALE PURPLISH PINK
Pale Pink,252,PALE PURPLISH PINK
Pastel Mauve,252,PALE PURPLISH PINK
Subvinoso-Griseus,252,PALE PURPLISH PINK
Violet,252,PALE PURPLISH PINK
Cameo Pink,253,GRAYISH PURPLISH PINK
Ageratum,253,GRAYISH PURPLISH PINK
Dove Gray,253,GRAYISH PURPLISH PINK
Eventide,253,GRAYISH PURPLISH PINK
Heliotrope Gray,253,GRAYISH PURPLISH PINK
Mauve Mist,253,GRAYISH PURPLISH PINK
Orchid,253,GRAYISH PURPLISH PINK
Orchid Smoke,253,GRAYISH PURPLISH PINK
Deep Vinaceous-Lavender,253,GRAYISH PURPLISH PINK
Dull Lavender,253,GRAYISH PURPLISH PINK
Light Vinaceous-Gray,253,GRAYISH PURPLISH PINK
Light Vinaceous-Lilac,253,GRAYISH PURPLISH PINK
Pale Purple-Drab,253,GRAYISH PURPLISH PINK
Pallid Purple-Drab,253,GRAYISH PURPLISH PINK
Dawn Pink,253,GRAYISH PURPLISH PINK
Orchid Mist,253,GRAYISH PURPLISH PINK
Rose Mist,253,GRAYISH PURPLISH PINK
Bluish Pink.. .. :,253,GRAYISH PURPLISH PINK
Griseo-Lavendulus,253,GRAYISH PURPLISH PINK
Griseo-Lilacinus,253,GRAYISH PURPLISH PINK
Lilac,253,GRAYISH PURPLISH PINK
Lilacinus,253,GRAYISH PURPLISH PINK
Red Violet,253,GRAYISH PURPLISH PINK
Subvinoso-Griseus,253,GRAYISH PURPLISH PINK
Violet,253,GRAYISH PURPLISH PINK
Byzantine,254,VIVID PURPLISH RED
Cellini,254,VIVID PURPLISH RED
Cineraria,254,VIVID PURPLISH RED
Cobalt Red,254,VIVID PURPLISH RED
Eglantine,254,VIVID PURPLISH RED
Fandango,254,VIVID PURPLISH RED
Indiana,254,VIVID PURPLISH RED
Malmaison Rose,254,VIVID PURPLISH RED
Persian Rose,254,VIVID PURPLISH RED
Renaissance,254,VIVID PURPLISH RED
Rubellite,254,VIVID PURPLISH RED
Spring Beauty,254,VIVID PURPLISH RED
Tyrian Pink,254,VIVID PURPLISH RED
Venetian Fuchsia,254,VIVID PURPLISH RED
Fuchsia Rose,254,VIVID PURPLISH RED
Persian Rose,254,VIVID PURPLISH RED
Spectra Rose,254,VIVID PURPLISH RED
Rhodamine Purple,254,VIVID PURPLISH RED
Rose Color,254,VIVID PURPLISH RED
Tyrian Rose,254,VIVID PURPLISH RED
Fuchsia,254,VIVID PURPLISH RED
Bright Bluish Red,254,VIVID PURPLISH RED
Bright Rose,254,VIVID PURPLISH RED
Carmine,254,VIVID PURPLISH RED
Cerise,254,VIVID PURPLISH RED
Crimson,254,VIVID PURPLISH RED
Deep Magenta,254,VIVID PURPLISH RED
Dianthus Purple,254,VIVID PURPLISH RED
Fuchsia Purple,254,VIVID PURPLISH RED
Magenta,254,VIVID PURPLISH RED
Peony Purple,254,VIVID PURPLISH RED
Persian Rose,254,VIVID PURPLISH RED
Rhodamine Purple,254,VIVID PURPLISH RED
Rose,254,VIVID PURPLISH RED
Rose Bengal,254,VIVID PURPLISH RED
Rose Carmine,254,VIVID PURPLISH RED
Rose Madder,254,VIVID PURPLISH RED
Rose Pink,254,VIVID PURPLISH RED
Roseus,254,VIVID PURPLISH RED
Ruber,254,VIVID PURPLISH RED
Solferino Purple,254,VIVID PURPLISH RED
Spiraea Red,254,VIVID PURPLISH RED
Tyrian Purple,254,VIVID PURPLISH RED
Tyrian Rose,254,VIVID PURPLISH RED
Casino Pink ... 114,255,STRONG PURPLISH RED
Cobalt Red,255,STRONG PURPLISH RED
Madder Lake,255,STRONG PURPLISH RED
Madder Pink __ 114,255,STRONG PURPLISH RED
Malmaison Rose,255,STRONG PURPLISH RED
Pomegranate,255,STRONG PURPLISH RED
Rose de Provence,255,STRONG PURPLISH RED
Rose Madder _ 114,255,STRONG PURPLISH RED
Rose Neyron,255,STRONG PURPLISH RED
Spinel Red,255,STRONG PURPLISH RED
Spring Beauty,255,STRONG PURPLISH RED
Cerise Pink,255,STRONG PURPLISH RED
China Pink,255,STRONG PURPLISH RED
Fuchsia,255,STRONG PURPLISH RED
Fuchsia Rose,255,STRONG PURPLISH RED
Irresistible,255,STRONG PURPLISH RED
Persian Rose,255,STRONG PURPLISH RED
Pink Shock,255,STRONG PURPLISH RED
Rosolane Purple,255,STRONG PURPLISH RED
Spinel Pink,255,STRONG PURPLISH RED
Spinel Red,255,STRONG PURPLISH RED
Bright Rose,255,STRONG PURPLISH RED
Fuchsia Rose,255,STRONG PURPLISH RED
Raspberry Rose,255,STRONG PURPLISH RED
Cherry,255,STRONG PURPLISH RED
Bluish Red,255,STRONG PURPLISH RED
Carmine,255,STRONG PURPLISH RED
Carmine Lake,255,STRONG PURPLISH RED
Carmine Rose,255,STRONG PURPLISH RED
China Rose,255,STRONG PURPLISH RED
Magenta,255,STRONG PURPLISH RED
Magenta Rose,255,STRONG PURPLISH RED
Purpureus,255,STRONG PURPLISH RED
Rose,255,STRONG PURPLISH RED
Rose Carmine,255,STRONG PURPLISH RED
Roseus,255,STRONG PURPLISH RED
Spinel Red,255,STRONG PURPLISH RED
Amaranth Purple,256,DEEP PURPLISH RED
Aster Purple,256,DEEP PURPLISH RED
Hollyhock,256,DEEP PURPLISH RED
Magenta,256,DEEP PURPLISH RED
Magenta Rose,256,DEEP PURPLISH RED
Amaranth Purple,256,DEEP PURPLISH RED
Aster Purple,256,DEEP PURPLISH RED
Schoenfeld’s Purple,256,DEEP PURPLISH RED
Bright Fuchsia Purple,256,DEEP PURPLISH RED
Fuchsia Purple,256,DEEP PURPLISH RED
Fuchsia Red,256,DEEP PURPLISH RED
Magenta,256,DEEP PURPLISH RED
Raspberry,256,DEEP PURPLISH RED
Rp 1-h,256,DEEP PURPLISH RED
Rp 2-h,256,DEEP PURPLISH RED
RP 3-g,256,DEEP PURPLISH RED
Rp 3-h,256,DEEP PURPLISH RED
Pl-g,256,DEEP PURPLISH RED
P 3-g,256,DEEP PURPLISH RED
Pr 1-h,256,DEEP PURPLISH RED
Rp 5-g,256,DEEP PURPLISH RED
P 2-g,256,DEEP PURPLISH RED
Pr 2-h,256,DEEP PURPLISH RED
Pr 3-h,256,DEEP PURPLISH RED
Pr 4-h,256,DEEP PURPLISH RED
Pr 4-g,256,DEEP PURPLISH RED
Pr 3-g,256,DEEP PURPLISH RED
P 3-h,256,DEEP PURPLISH RED
Rp 2-g,256,DEEP PURPLISH RED
Pl-f,256,DEEP PURPLISH RED
P 2-h,256,DEEP PURPLISH RED
Crimson (USA),256,DEEP PURPLISH RED
Harvard Crimson,256,DEEP PURPLISH RED
Magenta,256,DEEP PURPLISH RED
Ruby,256,DEEP PURPLISH RED
Beetroot Purple,256,DEEP PURPLISH RED
Bluish Red_ a,256,DEEP PURPLISH RED
Carmine,256,DEEP PURPLISH RED
Cerise,256,DEEP PURPLISH RED
Garnet Lake,256,DEEP PURPLISH RED
Pansy Purple,256,DEEP PURPLISH RED
Plum,256,DEEP PURPLISH RED
Purpureus,256,DEEP PURPLISH RED
Rose Brown .. s,256,DEEP PURPLISH RED
Rose Violet _ s,256,DEEP PURPLISH RED
Ruber,256,DEEP PURPLISH RED
Beetroot Purple,257,VERY DEEP PURPLISH
Bluish Red,257,VERY DEEP PURPLISH
Rose Brown_ s,257,VERY DEEP PURPLISH
Archel,258,MODERATE PURPLISH
Archil ____ 53,258,MODERATE PURPLISH
Bacchus _ 53 j 4,258,MODERATE PURPLISH
China Rose,258,MODERATE PURPLISH
Corcir,258,MODERATE PURPLISH
Cork ---- 53,258,MODERATE PURPLISH
Corker,258,MODERATE PURPLISH
Corkur,258,MODERATE PURPLISH
Crostil .. 53,258,MODERATE PURPLISH
Crotal,258,MODERATE PURPLISH
Crottle,258,MODERATE PURPLISH
Cudbear,258,MODERATE PURPLISH
Daphne Red_ 4,258,MODERATE PURPLISH
Dead Carnations,258,MODERATE PURPLISH
French Purple,258,MODERATE PURPLISH
Gridelin _ 53,258,MODERATE PURPLISH
Gris-de-lin ... 53,258,MODERATE PURPLISH
Hellebore Red... . 4,258,MODERATE PURPLISH
Indian Lake .. 53,258,MODERATE PURPLISH
Kork. -- 53,258,MODERATE PURPLISH
Korkir -- - 53,258,MODERATE PURPLISH
Lac Lake,258,MODERATE PURPLISH
Madder Carmine,258,MODERATE PURPLISH
Meadowpink _ 5,258,MODERATE PURPLISH
Orchall,258,MODERATE PURPLISH
Orchil (alkali bath),258,MODERATE PURPLISH
Orseille. ___ 53,258,MODERATE PURPLISH
Persian Pink _ 3,258,MODERATE PURPLISH
Persio... .. 53,258,MODERATE PURPLISH
Persis - 53,258,MODERATE PURPLISH
Pomegranate Purple _ 416,258,MODERATE PURPLISH
Rambler Rose _ 304,258,MODERATE PURPLISH
Raspberry Glacfi _ 4,258,MODERATE PURPLISH
Solferino __ 4,258,MODERATE PURPLISH
Spinel Pink _ 51,258,MODERATE PURPLISH
Wan - - 44,258,MODERATE PURPLISH
Vandyke Madder _ 314,258,MODERATE PURPLISH
Caprice Pink,258,MODERATE PURPLISH
Ma genta... .. 442 p r 2 -b,258,MODERATE PURPLISH
Thistle Bloom .. 451 Pr 3 -c,258,MODERATE PURPLISH
Daphne Red,258,MODERATE PURPLISH
Hellebore Red,258,MODERATE PURPLISH
Indian Lake,258,MODERATE PURPLISH
Pomegranate Purple,258,MODERATE PURPLISH
Vinaceous-Purple (1),258,MODERATE PURPLISH
American Beauty,258,MODERATE PURPLISH
Bright Fuchsia Rose,258,MODERATE PURPLISH
Bright Rose,258,MODERATE PURPLISH
Dark Rose,258,MODERATE PURPLISH
Fuchsia Red,258,MODERATE PURPLISH
Fuchsia Rose,258,MODERATE PURPLISH
Magenta,258,MODERATE PURPLISH
Magenta Rose,258,MODERATE PURPLISH
Orchid Rose,258,MODERATE PURPLISH
Raspberry,258,MODERATE PURPLISH
Raspberry Rose,258,MODERATE PURPLISH
Rose,258,MODERATE PURPLISH
Rose Red,258,MODERATE PURPLISH
Rose Wine,258,MODERATE PURPLISH
Peach Blossom,258,MODERATE PURPLISH
Raspberry,258,MODERATE PURPLISH
Strawberry,258,MODERATE PURPLISH
Violine Pink,258,MODERATE PURPLISH
Bluish Red,258,MODERATE PURPLISH
Carmine,258,MODERATE PURPLISH
Carmine Lake,258,MODERATE PURPLISH
Carmine Rose,258,MODERATE PURPLISH
Deep Plum,258,MODERATE PURPLISH
Deep Rose,258,MODERATE PURPLISH
Dull Bluish-Red,258,MODERATE PURPLISH
Erythrite Red,258,MODERATE PURPLISH
Lake _ s,258,MODERATE PURPLISH
Lilac Purple,258,MODERATE PURPLISH
Lilac Rose,258,MODERATE PURPLISH
Livido-Purpureus,258,MODERATE PURPLISH
Livido-Ruber,258,MODERATE PURPLISH
Magenta _ s,258,MODERATE PURPLISH
Magnolia Purple,258,MODERATE PURPLISH
Purpureus,258,MODERATE PURPLISH
Red Lilac,258,MODERATE PURPLISH
Rose _ s,258,MODERATE PURPLISH
Rose Carmine,258,MODERATE PURPLISH
Rose Lilac,258,MODERATE PURPLISH
Rose Violet,258,MODERATE PURPLISH
Ruber,258,MODERATE PURPLISH
Bokhara,259,DARK PURPLISH RED
Canyon,259,DARK PURPLISH RED
Chardon,259,DARK PURPLISH RED
Charles,259,DARK PURPLISH RED
Claret Lees,259,DARK PURPLISH RED
Columbine [Red],259,DARK PURPLISH RED
Corinthian Purple,259,DARK PURPLISH RED
Coronation,259,DARK PURPLISH RED
Cygnet,259,DARK PURPLISH RED
Dahlia Carmine,259,DARK PURPLISH RED
Dahlia Purple,259,DARK PURPLISH RED
Dante,259,DARK PURPLISH RED
De'Medici,259,DARK PURPLISH RED
Dove ... 47 L4,259,DARK PURPLISH RED
Gooseberry,259,DARK PURPLISH RED
Indian Purple,259,DARK PURPLISH RED
Neutral Red,259,DARK PURPLISH RED
Old Amethyst,259,DARK PURPLISH RED
Pansy-Maroon,259,DARK PURPLISH RED
Pansy Purple,259,DARK PURPLISH RED
Perilla Purple,259,DARK PURPLISH RED
Phlox,259,DARK PURPLISH RED
Plum Violet,259,DARK PURPLISH RED
Raisin,259,DARK PURPLISH RED
Rhododendron,259,DARK PURPLISH RED
Sultana,259,DARK PURPLISH RED
Titania,259,DARK PURPLISH RED
Velasquez,259,DARK PURPLISH RED
Vin Ros§,259,DARK PURPLISH RED
Wild Cherry,259,DARK PURPLISH RED
Wild Raspberry,259,DARK PURPLISH RED
Wineberry __ 55,259,DARK PURPLISH RED
Amaranth,259,DARK PURPLISH RED
Magenta Rose,259,DARK PURPLISH RED
Purple Lake,259,DARK PURPLISH RED
Royal Violet,259,DARK PURPLISH RED
Ruby Lake,259,DARK PURPLISH RED
Vatican,259,DARK PURPLISH RED
Anthracene Purple,259,DARK PURPLISH RED
Auricula Purple,259,DARK PURPLISH RED
Blackish Red-Purple,259,DARK PURPLISH RED
Bordeaux,259,DARK PURPLISH RED
Corinthian Purple,259,DARK PURPLISH RED
Dahlia Carmine,259,DARK PURPLISH RED
Dahlia Purple,259,DARK PURPLISH RED
Dark Corinthian Purple,259,DARK PURPLISH RED
Dark Livid Purple,259,DARK PURPLISH RED
Dark Perilla Purple,259,DARK PURPLISH RED
Dark Vinaceous-Purple,259,DARK PURPLISH RED
Deep Livid Purple,259,DARK PURPLISH RED
Neutral Red,259,DARK PURPLISH RED
Pansy Purple,259,DARK PURPLISH RED
Perilla Purple,259,DARK PURPLISH RED
Violet Carmine,259,DARK PURPLISH RED
Claret Wine,259,DARK PURPLISH RED
Eggplant,259,DARK PURPLISH RED
Garnet,259,DARK PURPLISH RED
Mauve Wine,259,DARK PURPLISH RED
Old Wine,259,DARK PURPLISH RED
Plum Wine,259,DARK PURPLISH RED
Raspberry,259,DARK PURPLISH RED
Raspberry Wine,259,DARK PURPLISH RED
Red Plum,259,DARK PURPLISH RED
Rose Mauve,259,DARK PURPLISH RED
Rose Plum,259,DARK PURPLISH RED
Wine,259,DARK PURPLISH RED
American Beauty,259,DARK PURPLISH RED
Burgundy,259,DARK PURPLISH RED
Catawba,259,DARK PURPLISH RED
Claret,259,DARK PURPLISH RED
Magenta,259,DARK PURPLISH RED
Maroon,259,DARK PURPLISH RED
Raspberry,259,DARK PURPLISH RED
Redgrape,259,DARK PURPLISH RED
Atrolividus,259,DARK PURPLISH RED
Atropurpureus,259,DARK PURPLISH RED
Atrovinosus,259,DARK PURPLISH RED
Black Violet,259,DARK PURPLISH RED
Bordeaux,259,DARK PURPLISH RED
Brown Violet,259,DARK PURPLISH RED
Brunneo-Vinosus,259,DARK PURPLISH RED
Dahlia Purple,259,DARK PURPLISH RED
Dark Violet Brown,259,DARK PURPLISH RED
Deep Lake,259,DARK PURPLISH RED
Dull Bluish Red,259,DARK PURPLISH RED
Dull Bordeaux,259,DARK PURPLISH RED
Dull Violet,259,DARK PURPLISH RED
Magenta,259,DARK PURPLISH RED
Maroon,259,DARK PURPLISH RED
Red Purple,259,DARK PURPLISH RED
Rose Lake,259,DARK PURPLISH RED
Sanguineus,259,DARK PURPLISH RED
Very Dusky Red Purple,259,DARK PURPLISH RED
Violet Brown,259,DARK PURPLISH RED
Dahlia Purple . 55,260,VERY DARK PURPLISH
Blackish Brown (1),260,VERY DARK PURPLISH
Blackberry Wine,260,VERY DARK PURPLISH
Deep Eggplant,260,VERY DARK PURPLISH
Grape Wine,260,VERY DARK PURPLISH
Plum,260,VERY DARK PURPLISH
Raspberry Wine,260,VERY DARK PURPLISH
Red Plum,260,VERY DARK PURPLISH
Royal Purple,260,VERY DARK PURPLISH
Burgundy,260,VERY DARK PURPLISH
Black Violet . s,260,VERY DARK PURPLISH
Bordeaux,260,VERY DARK PURPLISH
Dahlia Purple,260,VERY DARK PURPLISH
Dark Violet Brown,260,VERY DARK PURPLISH
Dull Bluish Red,260,VERY DARK PURPLISH
Dull Bordeaux,260,VERY DARK PURPLISH
Fusco-Niger,260,VERY DARK PURPLISH
Very Dusky Red Purple,260,VERY DARK PURPLISH
Candida,261,LIGHT GRAYISH
Laelia Pink,261,LIGHT GRAYISH
Charm School,261,LIGHT GRAYISH
Intimate Mood,261,LIGHT GRAYISH
Mauve Orchid,261,LIGHT GRAYISH
Bluish Pink,261,LIGHT GRAYISH
Dull Violet,261,LIGHT GRAYISH
Lilac,261,LIGHT GRAYISH
Pink,261,LIGHT GRAYISH
Violet,261,LIGHT GRAYISH
Artificial Vermilion,262,GRAYISH PURPLISH RED
Ashes of Rose,262,GRAYISH PURPLISH RED
Aztec Maroon,262,GRAYISH PURPLISH RED
Claret Cup,262,GRAYISH PURPLISH RED
Corinth,262,GRAYISH PURPLISH RED
Corinthian Purple,262,GRAYISH PURPLISH RED
Daphne Red,262,GRAYISH PURPLISH RED
Heather,262,GRAYISH PURPLISH RED
Meadowpink,262,GRAYISH PURPLISH RED
Moss Pink,262,GRAYISH PURPLISH RED
Ophelia,262,GRAYISH PURPLISH RED
Palestine,262,GRAYISH PURPLISH RED
Raspberry Glac§,262,GRAYISH PURPLISH RED
Rose d’Alma,262,GRAYISH PURPLISH RED
Sorbier,262,GRAYISH PURPLISH RED
Veronia Purple,262,GRAYISH PURPLISH RED
Windflower,262,GRAYISH PURPLISH RED
Amaranth,262,GRAYISH PURPLISH RED
Blush Rose,262,GRAYISH PURPLISH RED
Cineraria,262,GRAYISH PURPLISH RED
Distinction,262,GRAYISH PURPLISH RED
Lady Orchid,262,GRAYISH PURPLISH RED
Mauve Decade,262,GRAYISH PURPLISH RED
Mauve Taupe,262,GRAYISH PURPLISH RED
Mellow Mauve,262,GRAYISH PURPLISH RED
Orchid Night,262,GRAYISH PURPLISH RED
Raspberry Glace,262,GRAYISH PURPLISH RED
Sweet Pea Pink,262,GRAYISH PURPLISH RED
Verbena Lavender,262,GRAYISH PURPLISH RED
Windflower,262,GRAYISH PURPLISH RED
Deep Hellebore Red,262,GRAYISH PURPLISH RED
Deep Purplish Vinaceous,262,GRAYISH PURPLISH RED
Dull Indian Purple,262,GRAYISH PURPLISH RED
Indian Lake,262,GRAYISH PURPLISH RED
Neutral Red,262,GRAYISH PURPLISH RED
Pomegranate Purple,262,GRAYISH PURPLISH RED
Vernonia Purple,262,GRAYISH PURPLISH RED
"Vinaceous-Lilac . XLIV69'""b",262,GRAYISH PURPLISH RED
Vina eous-Purple (1),262,GRAYISH PURPLISH RED
Ash Rose,262,GRAYISH PURPLISH RED
Dusty Rose,262,GRAYISH PURPLISH RED
Light Wine,262,GRAYISH PURPLISH RED
Raspberry,262,GRAYISH PURPLISH RED
Rose Plum,262,GRAYISH PURPLISH RED
Rose Wine,262,GRAYISH PURPLISH RED
Ashes of Rose,262,GRAYISH PURPLISH RED
Atrovinosus,262,GRAYISH PURPLISH RED
Bordeaux,262,GRAYISH PURPLISH RED
Bright Rose,262,GRAYISH PURPLISH RED
Brown Violet,262,GRAYISH PURPLISH RED
Claret,262,GRAYISH PURPLISH RED
Dark Violet,262,GRAYISH PURPLISH RED
Dull Lilac,262,GRAYISH PURPLISH RED
Dull Violet,262,GRAYISH PURPLISH RED
Lilac,262,GRAYISH PURPLISH RED
Livido-Purpureus,262,GRAYISH PURPLISH RED
Livido-Ruber,262,GRAYISH PURPLISH RED
Magenta,262,GRAYISH PURPLISH RED
Purpureus,262,GRAYISH PURPLISH RED
Red Lilac,262,GRAYISH PURPLISH RED
Red Violet,262,GRAYISH PURPLISH RED
Rose,262,GRAYISH PURPLISH RED
Rose Lake,262,GRAYISH PURPLISH RED
Rose Lilac,262,GRAYISH PURPLISH RED
Ruber,262,GRAYISH PURPLISH RED
Vinoso-Lividus,262,GRAYISH PURPLISH RED
Airy Cream,263,WHITE
Chaste,263,WHITE
Nil,263,WHITE
Pale Drab-Gray,263,WHITE
White,263,WHITE
Oyster White m .. b,263,WHITE
White gm . a,263,WHITE
White,263,WHITE
Fumosus,263,WHITE
Insignia White (AN),263,WHITE
White,263,WHITE
White,263,WHITE
White,263,WHITE
White,263,WHITE
White,263,WHITE
Agate Grey,264,LIGHT GRAY
Aluminum,264,LIGHT GRAY
Cinereous,264,LIGHT GRAY
Fog,264,LIGHT GRAY
French Grey,264,LIGHT GRAY
Glaucous-Grey,264,LIGHT GRAY
Granite Blue,264,LIGHT GRAY
Metal,264,LIGHT GRAY
Moonbeam,264,LIGHT GRAY
Pearl,264,LIGHT GRAY
Pearl Blue,264,LIGHT GRAY
Pearl White,264,LIGHT GRAY
Priscilla,264,LIGHT GRAY
Gray Light,264,LIGHT GRAY
Silver Lining,264,LIGHT GRAY
Dawn Gray,264,LIGHT GRAY
Hathi Gray,264,LIGHT GRAY
Pale Drab-Gray,264,LIGHT GRAY
Gray (Pale Gull Gray),264,LIGHT GRAY
Pallid Mouse Gray,264,LIGHT GRAY
Pallid Neutral Gray,264,LIGHT GRAY
Lilt NGf,264,LIGHT GRAY
Pearl Gray,264,LIGHT GRAY
"Lll 35""""'f",264,LIGHT GRAY
Light Gray,264,LIGHT GRAY
Oyster White,264,LIGHT GRAY
Pale Blue,264,LIGHT GRAY
Pearl Grey,264,LIGHT GRAY
Aircraft Gray (AN),264,LIGHT GRAY
Black,264,LIGHT GRAY
Fumosus,264,LIGHT GRAY
Gray,264,LIGHT GRAY
Gray,264,LIGHT GRAY
Light Gray (AN),264,LIGHT GRAY
Light Gray (N),264,LIGHT GRAY
Light Gray,264,LIGHT GRAY
Light Gray,264,LIGHT GRAY
Light Gull Gray (AN),264,LIGHT GRAY
Olive Bistre,264,LIGHT GRAY
Oyster Gray (MA),264,LIGHT GRAY
Pearl Gray (Y&D),264,LIGHT GRAY
Submurinus,264,LIGHT GRAY
Subviridi-Griseus,264,LIGHT GRAY
Very Light Gray,264,LIGHT GRAY
Viridi-Griseus,264,LIGHT GRAY
White,264,LIGHT GRAY
Aluminum,265,MEDIUM GRAY
Argent,265,MEDIUM GRAY
Art Grey,265,MEDIUM GRAY
Battleship Grey,265,MEDIUM GRAY
Cement,265,MEDIUM GRAY
Chateau Grey,265,MEDIUM GRAY
Chinchilla,265,MEDIUM GRAY
Cloud Grey,265,MEDIUM GRAY
Dawn Grey,265,MEDIUM GRAY
Denver,265,MEDIUM GRAY
Flint Grey,265,MEDIUM GRAY
Frost Grey,265,MEDIUM GRAY
Grey Dawn .. t,265,MEDIUM GRAY
Gull,265,MEDIUM GRAY
Kasha-Beige,265,MEDIUM GRAY
National Grey,265,MEDIUM GRAY
New Silver,265,MEDIUM GRAY
Nickle,265,MEDIUM GRAY
Nimbus,265,MEDIUM GRAY
Old Silver,265,MEDIUM GRAY
Opal Grey,265,MEDIUM GRAY
Oriental Pearl,265,MEDIUM GRAY
Penguin,265,MEDIUM GRAY
Platinum,265,MEDIUM GRAY
Puritan Grey,265,MEDIUM GRAY
Quaker,265,MEDIUM GRAY
Quaker Drab,265,MEDIUM GRAY
Russian Grey,265,MEDIUM GRAY
Sea Mist,265,MEDIUM GRAY
Slate-Grey,265,MEDIUM GRAY
Zinc,265,MEDIUM GRAY
Castor Gray,265,MEDIUM GRAY
Deep Mouse Gray,265,MEDIUM GRAY
Deep Violet-Gray,265,MEDIUM GRAY
Hathi Gray,265,MEDIUM GRAY
Light Neutral Gray . LIU NGb,265,MEDIUM GRAY
"Light Purplish Gray _ LIU 67""'""b",265,MEDIUM GRAY
Light Violet-Gray,265,MEDIUM GRAY
Neutral Gray,265,MEDIUM GRAY
Pale Neutral Gray . LIU NGd,265,MEDIUM GRAY
Pale Violet-Gray,265,MEDIUM GRAY
Beige Gray,265,MEDIUM GRAY
Gray gm,265,MEDIUM GRAY
Mouse,265,MEDIUM GRAY
Nickel,265,MEDIUM GRAY
Silver,265,MEDIUM GRAY
Silver Gray (USA),265,MEDIUM GRAY
Battleship Gray (PC),265,MEDIUM GRAY
Black ... s,265,MEDIUM GRAY
Blue Gray (USA),265,MEDIUM GRAY
Dark Gull Gray (AN),265,MEDIUM GRAY
Engine Gray (MA),265,MEDIUM GRAY
Gray- a,265,MEDIUM GRAY
Gray Wood (MA),265,MEDIUM GRAY
Gray Deck(N 20-L),265,MEDIUM GRAY
Gray (PBS),265,MEDIUM GRAY
Gray __ s,265,MEDIUM GRAY
Gray,265,MEDIUM GRAY
Gray Black _ s,265,MEDIUM GRAY
Haze-Gray (N),265,MEDIUM GRAY
Lavendulo-Griseus,265,MEDIUM GRAY
Light Gray (MA),265,MEDIUM GRAY
Light Gray Boottopping,265,MEDIUM GRAY
(PC),265,MEDIUM GRAY
Light Gray (USA),265,MEDIUM GRAY
Light Gray,265,MEDIUM GRAY
Light Navy Gray (Y&D),265,MEDIUM GRAY
Medium Gray (N),265,MEDIUM GRAY
Medium Gray (USA),265,MEDIUM GRAY
Medium Gray,265,MEDIUM GRAY
Medium Light Gray,265,MEDIUM GRAY
Medium Navy Gray (Y&D),265,MEDIUM GRAY
Murinus,265,MEDIUM GRAY
Ocean Gray (N),265,MEDIUM GRAY
Ocean Gray (USA),265,MEDIUM GRAY
Purpureo-Griseus,265,MEDIUM GRAY
Rod and Tire Gray (PC),265,MEDIUM GRAY
Violaceo-Griseus,265,MEDIUM GRAY
Viridi-Griseus,265,MEDIUM GRAY
Annapolis,266,DARK GRAY
Argali,266,DARK GRAY
Asphalt,266,DARK GRAY
Bat,266,DARK GRAY
Bear,266,DARK GRAY
Bear's Hair,266,DARK GRAY
Bearskin [Grey],266,DARK GRAY
Blue Haze,266,DARK GRAY
Chaetura Drab,266,DARK GRAY
Charcoal Grey,266,DARK GRAY
Cobblestone,266,DARK GRAY
Cruiser,266,DARK GRAY
Davy's Grey,266,DARK GRAY
Dove,266,DARK GRAY
Dover Grey,266,DARK GRAY
Fashion Gray,266,DARK GRAY
Gargoyle,266,DARK GRAY
Grebe,266,DARK GRAY
Griffin,266,DARK GRAY
Guinea Hen,266,DARK GRAY
Gunmetal,266,DARK GRAY
Hair Brown,266,DARK GRAY
Hudson Seal,266,DARK GRAY
India Ink,266,DARK GRAY
Iron Blue,266,DARK GRAY
Iron Grey,266,DARK GRAY
Jack Rabbit,266,DARK GRAY
Lead,266,DARK GRAY
Light Gunmetal,266,DARK GRAY
Limestone,266,DARK GRAY
Livid,266,DARK GRAY
Pelican,266,DARK GRAY
Pewter,266,DARK GRAY
Phantom,266,DARK GRAY
Pigeon's Neck,266,DARK GRAY
Pilgrim,266,DARK GRAY
Plumbaceous,266,DARK GRAY
Plymouth,266,DARK GRAY
Poil d'ours,266,DARK GRAY
Quail,266,DARK GRAY
Rail,266,DARK GRAY
Rodent,266,DARK GRAY
Rose Taupe,266,DARK GRAY
Seabird,266,DARK GRAY
Slag,266,DARK GRAY
Smoke Brown,266,DARK GRAY
Smoked Pearl,266,DARK GRAY
Squirrel,266,DARK GRAY
Steel,266,DARK GRAY
Steel Grey,266,DARK GRAY
Traprock,266,DARK GRAY
Turtledove,266,DARK GRAY
Vienna Smoke,266,DARK GRAY
Wrought Iron,266,DARK GRAY
Night Fighter,266,DARK GRAY
Slate,266,DARK GRAY
Blackish Mouse Gray,266,DARK GRAY
"Blackish Violet-Gray_Lll 59""""'m",266,DARK GRAY
Blue-Violet Black,266,DARK GRAY
"Dark Grayish Blue-Green.. XLVI 11 37""""k",266,DARK GRAY
Dark Mouse Gray,266,DARK GRAY
Dark Neutral Gray _ LIU NGk,266,DARK GRAY
"Dark Purplish Gray _ LIU 67""""'k",266,DARK GRAY
"Dark Violet-Gray .. Lll 59""""'k",266,DARK GRAY
Deep Mouse Gray,266,DARK GRAY
"Deep Violet-Gray _ Lll 59""'""i",266,DARK GRAY
Dull Greenish Black(1),266,DARK GRAY
Dull Greenish Black(2),266,DARK GRAY
Dull Violet-Black,266,DARK GRAY
"Dusky Green-Gray .. Lll 35'""""k",266,DARK GRAY
Dusky Neutral Gray _ LIU NGm,266,DARK GRAY
"Dusky Purplish Gray _ LIU 67""""'m",266,DARK GRAY
Fuscous-Black,266,DARK GRAY
Greenish Slate-Black,266,DARK GRAY
Olivaceous Black (3),266,DARK GRAY
Sooty Black,266,DARK GRAY
Beaver Gray,266,DARK GRAY
Charcoal Gray m . n,266,DARK GRAY
Chocolate,266,DARK GRAY
Dark Brown,266,DARK GRAY
Ebony,266,DARK GRAY
Ebony Brown,266,DARK GRAY
Gray gm .. i,266,DARK GRAY
Lead Gray,266,DARK GRAY
Mole,266,DARK GRAY
Oxford Gray,266,DARK GRAY
Shadow Gray,266,DARK GRAY
Teak,266,DARK GRAY
Teal Gray,266,DARK GRAY
Grebe,266,DARK GRAY
Smoke,266,DARK GRAY
Atroardesiacus,266,DARK GRAY
Atromurinus,266,DARK GRAY
Dark Gray (MA),266,DARK GRAY
Dark Gray (USA),266,DARK GRAY
Dark Gray,266,DARK GRAY
Dark Gray,266,DARK GRAY
Deep Navy Gray (Y&D),266,DARK GRAY
Engine Gray (AN),266,DARK GRAY
Fusco-Niger,266,DARK GRAY
Gray,266,DARK GRAY
Gray Deck (MA),266,DARK GRAY
Medium Dark Gray,266,DARK GRAY
Murinus,266,DARK GRAY
Navy Gray (N),266,DARK GRAY
Niger,266,DARK GRAY
Olivaceo-Niger _ 8,266,DARK GRAY
Sea Gray (AN),266,DARK GRAY
Sea Gray (USA),266,DARK GRAY
Slate,266,DARK GRAY
Slate (BuOrd),266,DARK GRAY
Very Dark Gray,266,DARK GRAY
Violaceo-Griseus,266,DARK GRAY
Violaceo-Niger,266,DARK GRAY
Viridi-Niger,266,DARK GRAY
African,267,BLACK
Arctic,267,BLACK
Balsam Green,267,BLACK
Chaetura Black,267,BLACK
Cordovan,267,BLACK
Everglade,267,BLACK
Flint,267,BLACK
Graphite,267,BLACK
Hudson Seal,267,BLACK
Iron,267,BLACK
Iron Brown,267,BLACK
Kara Dagh,267,BLACK
Lava,267,BLACK
London Smoke,267,BLACK
Negro,267,BLACK
Neutral Tint,267,BLACK
Nubian,267,BLACK
Quaker Blue,267,BLACK
Rameau,267,BLACK
Rifle [Green],267,BLACK
St. Benoit,267,BLACK
Slate Black,267,BLACK
Sooty Black,267,BLACK
Woodland Brown,267,BLACK
Baltic,267,BLACK
Bayou,267,BLACK
Black Water,267,BLACK
Charcoal,267,BLACK
Everglade,267,BLACK
Green Black,267,BLACK
Iron Mask,267,BLACK
Jasper,267,BLACK
Night Horizon,267,BLACK
Ombre,267,BLACK
Raven,267,BLACK
Stoic,267,BLACK
Black,267,BLACK
Blackish Green-Gray,267,BLACK
Dull Violet-Black,267,BLACK
Dusky Purplish Gray,267,BLACK
Greenish Slate-Black,267,BLACK
Plumbeous-Black,267,BLACK
Slate-Black,267,BLACK
Black Plum,267,BLACK
Charcoal Gray,267,BLACK
Dark Navy,267,BLACK
Lamp Black,267,BLACK
Midnight Blue,267,BLACK
Black (USA),267,BLACK
Dark Blue (USA),267,BLACK
Atroardesiacus,267,BLACK
Black,267,BLACK
Black (AN),267,BLACK
Black(N),267,BLACK
Black Deck (N),267,BLACK
Black Boottopping (PC),267,BLACK
Black (USA),267,BLACK
Black,267,BLACK
Black,267,BLACK
Black,267,BLACK
Black,267,BLACK
Gloss Black (AN),267,BLACK
Grayish Black,267,BLACK
Hull Black (MA),267,BLACK
Jet (AN),267,BLACK
Jet Black (PO),267,BLACK
Instrument Black (AN),267,BLACK
Niger,267,BLACK
Violaceo-Niger,267,BLACK
